date,Revenue,COGS,orders_n,mobile_orders,order_success_rate,items_n,qty_sold,premium_qty,total_discount_amount,total_lines,premium_ratio,gross_profit,discount_rate,avg_item_price,day_of_week,is_weekend,month
2012-07-04,5123547.94,3982991.19,162,69,0.8271604938271605,174,777,9,0.0,174,0.011583011583011582,1140556.7500000005,0.0,6594.012792792793,Wednesday,0,7
2012-07-05,2751773.45,2150580.23,97,38,0.8350515463917526,103,428,13,0.0,103,0.030373831775700934,601193.2200000002,0.0,6429.377219626169,Thursday,0,7
2012-07-06,3054029.42,2517632.84,93,42,0.7419354838709677,99,441,0,0.0,99,0.0,536396.5800000001,0.0,6925.236780045351,Friday,0,7
2012-07-07,2667930.94,2108246.62,73,34,0.7534246575342466,75,364,0,0.0,75,0.0,559684.3199999998,0.0,7329.480604395604,Saturday,1,7
2012-07-08,2360851.9,1808622.79,88,45,0.7613636363636364,94,394,0,0.0,94,0.0,552229.1099999999,0.0,5992.009898477158,Sunday,1,7
2012-07-09,3548386.46,2787841.68,137,61,0.7737226277372263,157,730,23,0.0,157,0.031506849315068496,760544.7799999998,0.0,4860.803369863013,Monday,0,7
2012-07-10,5234938.62,4044438.84,183,82,0.7486338797814208,203,928,6,0.0,203,0.00646551724137931,1190499.7800000003,0.0,5641.097650862069,Tuesday,0,7
2012-07-11,5582884.78,4338313.07,221,112,0.8144796380090498,243,1097,25,0.0,243,0.022789425706472195,1244571.71,0.0,5089.229516864175,Wednesday,0,7
2012-07-12,5734632.02,4458811.27,246,101,0.8130081300813008,275,1241,21,0.0,275,0.016921837228041903,1275820.75,0.0,4620.976647864625,Thursday,0,7
2012-07-13,5309511.71,4143402.78,201,99,0.8109452736318408,223,995,21,0.0,223,0.021105527638190954,1166108.9300000002,0.0,5336.192673366834,Friday,0,7
2012-07-14,3820831.41,3075464.87,157,79,0.821656050955414,173,751,9,0.0,173,0.011984021304926764,745366.54,0.0,5087.658335552596,Saturday,1,7
2012-07-15,3948841.28,3154482.05,149,66,0.7583892617449665,162,732,4,0.0,162,0.00546448087431694,794359.23,0.0,5394.591912568306,Sunday,1,7
2012-07-16,3503801.49,2708219.59,140,60,0.7857142857142857,154,719,11,0.0,154,0.015299026425591099,795581.9000000004,0.0,4873.159235048679,Monday,0,7
2012-07-17,4476729.49,3463061.65,185,82,0.8,203,958,34,0.0,203,0.03549060542797495,1013667.8400000003,0.0,4672.995292275575,Tuesday,0,7
2012-07-18,5184141.46,4072012.16,225,103,0.8311111111111111,256,1085,6,0.0,256,0.005529953917050691,1112129.2999999998,0.0,4778.010562211982,Wednesday,0,7
2012-07-19,6421487.11,5007270.91,263,123,0.8136882129277566,289,1322,38,0.0,289,0.028744326777609682,1414216.2000000002,0.0,4857.4032602118,Thursday,0,7
2012-07-20,5171470.46,4213989.64,231,109,0.8051948051948052,258,1227,40,0.0,258,0.032599837000814993,957480.8200000003,0.0,4214.727351263244,Friday,0,7
2012-07-21,3442157.02,2746075.45,171,79,0.7894736842105263,196,855,18,0.0,196,0.021052631578947368,696081.5699999998,0.0,4025.914643274854,Saturday,1,7
2012-07-22,3117550.57,2531656.38,140,67,0.8214285714285714,160,714,10,0.0,160,0.014005602240896359,585894.19,0.0,4366.317324929972,Sunday,1,7
2012-07-23,4730517.69,3685006.66,206,90,0.8398058252427184,231,1037,16,0.0,231,0.015429122468659595,1045511.0300000003,0.0,4561.733548698168,Monday,0,7
2012-07-24,4096496.12,3248450.65,186,81,0.7903225806451613,209,903,44,0.0,209,0.048726467331118496,848045.4700000002,0.0,4536.540553709856,Tuesday,0,7
2012-07-25,5246688.08,4140019.37,224,82,0.7321428571428571,246,1090,27,0.0,246,0.024770642201834864,1106668.71,0.0,4813.475302752294,Wednesday,0,7
2012-07-26,5851965.06,4579171.74,273,115,0.7985347985347986,308,1310,36,0.0,308,0.02748091603053435,1272793.3199999994,0.0,4467.148900763358,Thursday,0,7
2012-07-27,5156699.45,3989402.2,212,96,0.7830188679245284,237,1070,13,0.0,237,0.012149532710280374,1167297.25,0.0,4819.345280373832,Friday,0,7
2012-07-28,4326956.84,3403662.59,176,76,0.8238636363636364,198,896,17,0.0,198,0.018973214285714284,923294.25,0.0,4829.192901785714,Saturday,1,7
2012-07-29,4804199.65,3819645.91,206,87,0.8058252427184466,223,972,42,0.0,223,0.043209876543209874,984553.7400000002,0.0,4942.592232510288,Sunday,1,7
2012-07-30,6586130.95,5195109.56,268,118,0.8208955223880597,301,1332,25,0.0,301,0.01876876876876877,1391021.3900000006,0.0,4944.5427552552555,Monday,0,7
2012-07-31,9151622.14,7142891.18,381,172,0.800524934383202,437,2016,48,0.0,437,0.023809523809523808,2008730.960000001,0.0,4539.495109126984,Tuesday,0,7
2012-08-01,9148357.3,7308514.33,360,166,0.8027777777777778,392,1693,42,0.0,392,0.024808033077377438,1839842.9700000007,0.0,5403.636916715889,Wednesday,0,8
2012-08-02,9692427.0,7537501.15,413,184,0.8184019370460048,452,2038,61,0.0,452,0.029931305201177625,2154925.8499999996,0.0,4755.852306182532,Thursday,0,8
2012-08-03,9297269.95,7118808.46,353,144,0.8045325779036827,391,1793,39,0.0,391,0.021751254880089235,2178461.4899999993,0.0,5185.315086447295,Friday,0,8
2012-08-04,6384195.03,5087528.11,245,107,0.7755102040816326,267,1161,23,0.0,267,0.019810508182601206,1296666.92,0.0,5498.875994832041,Saturday,1,8
2012-08-05,2359224.19,1863413.11,76,32,0.7894736842105263,77,359,24,0.0,77,0.06685236768802229,495811.07999999984,0.0,6571.655125348189,Sunday,1,8
2012-08-06,3630003.7,2922718.71,114,50,0.7719298245614035,123,560,12,0.0,123,0.02142857142857143,707284.9900000002,0.0,6482.149464285714,Monday,0,8
2012-08-07,2240253.44,1781265.84,93,39,0.7311827956989247,104,471,11,0.0,104,0.02335456475583864,458987.59999999986,0.0,4756.376730360934,Tuesday,0,8
2012-08-08,2617553.36,1997006.42,129,63,0.7674418604651163,145,621,38,0.0,145,0.061191626409017714,620546.94,0.0,4215.061771336554,Wednesday,0,8
2012-08-09,4478691.52,3621672.71,156,71,0.8397435897435898,171,822,35,0.0,171,0.04257907542579075,857018.8099999996,0.0,5448.529829683698,Thursday,0,8
2012-08-10,3412496.65,2699279.56,158,87,0.7911392405063291,171,757,25,0.0,171,0.03302509907529723,713217.0899999999,0.0,4507.921598414795,Friday,0,8
2012-08-11,2732604.35,2168668.05,110,39,0.7545454545454545,124,577,0,0.0,124,0.0,563936.3000000003,0.0,4735.882755632582,Saturday,1,8
2012-08-12,3388181.83,2654275.25,138,66,0.8043478260869565,160,689,11,0.0,160,0.015965166908563134,733906.5800000001,0.0,4917.535312046444,Sunday,1,8
2012-08-13,3928170.01,3189564.96,153,67,0.8496732026143791,170,765,49,0.0,170,0.06405228758169934,738605.0499999998,0.0,5134.862758169935,Monday,0,8
2012-08-14,4033912.16,3258198.58,151,68,0.8013245033112583,171,765,25,0.0,171,0.032679738562091505,775713.5800000001,0.0,5273.087790849673,Tuesday,0,8
2012-08-15,3780293.26,2886923.59,162,79,0.7962962962962963,179,828,51,0.0,179,0.06159420289855073,893369.6699999999,0.0,4565.571570048309,Wednesday,0,8
2012-08-16,5249978.18,4222455.97,212,103,0.7783018867924528,242,1153,49,0.0,242,0.042497831743278404,1027522.21,0.0,4553.320190806591,Thursday,0,8
2012-08-17,4089284.05,3238908.92,158,78,0.8481012658227848,173,768,18,0.0,173,0.0234375,850375.1299999999,0.0,5324.588606770833,Friday,0,8
2012-08-18,3450015.71,2808916.94,135,71,0.8296296296296296,146,640,13,0.0,146,0.0203125,641098.77,0.0,5390.649546875,Saturday,1,8
2012-08-19,3904300.93,3006801.4,158,66,0.8481012658227848,181,865,39,0.0,181,0.04508670520231214,897499.5300000003,0.0,4513.642693641618,Sunday,1,8
2012-08-20,3541027.32,2827038.81,158,67,0.7784810126582279,180,796,44,0.0,180,0.05527638190954774,713988.5099999998,0.0,4448.526783919598,Monday,0,8
2012-08-21,4147483.23,3364364.64,172,75,0.7674418604651163,188,851,61,0.0,188,0.07168037602820211,783118.5899999999,0.0,4873.658319623972,Tuesday,0,8
2012-08-22,4597682.81,3562468.33,185,86,0.8,200,925,43,0.0,200,0.046486486486486484,1035214.4799999995,0.0,4970.467902702702,Wednesday,0,8
2012-08-23,5478869.55,4195738.04,231,93,0.8008658008658008,257,1107,29,0.0,257,0.026196928635953028,1283131.5099999998,0.0,4949.294986449864,Thursday,0,8
2012-08-24,4637850.57,3632210.67,196,91,0.8112244897959183,217,973,35,0.0,217,0.03597122302158273,1005639.9000000004,0.0,4766.547348406989,Friday,0,8
2012-08-25,3589566.28,2784342.75,141,66,0.8085106382978723,157,701,28,0.0,157,0.039942938659058486,805223.5299999998,0.0,5120.636633380884,Saturday,1,8
2012-08-26,4280204.53,3476942.48,164,73,0.823170731707317,181,842,41,0.0,181,0.048693586698337295,803262.0500000003,0.0,5083.3783016627085,Sunday,1,8
2012-08-27,3038895.84,2365260.68,137,61,0.7737226277372263,153,632,18,0.0,153,0.028481012658227847,673635.1599999997,0.0,4808.3794936708855,Monday,0,8
2012-08-28,9508676.62,7439851.59,391,170,0.8081841432225064,448,2016,101,0.0,448,0.05009920634920635,2068825.0299999993,0.0,4716.605466269841,Tuesday,0,8
2012-08-29,9260558.32,7336294.54,382,181,0.774869109947644,441,2026,60,0.0,441,0.029615004935834157,1924263.7800000003,0.0,4570.858005923001,Wednesday,0,8
2012-08-30,10086534.1,7950911.72,403,185,0.7990074441687345,454,2057,95,0.0,454,0.04618376276130287,2135622.38,0.0,4903.516820612543,Thursday,0,8
2012-08-31,9104678.52,7277460.12,393,190,0.7760814249363868,451,1992,125,0.0,451,0.06275100401606426,1827218.3999999994,0.0,4570.621746987951,Friday,0,8
2012-09-01,8560208.92,6738335.17,341,146,0.7888563049853372,390,1829,80,0.0,390,0.04373974849644614,1821873.75,0.0,4680.267315472936,Saturday,1,9
2012-09-02,2587099.44,1946097.28,106,38,0.8207547169811321,114,495,22,0.0,114,0.044444444444444446,641002.1599999999,0.0,5226.463515151515,Sunday,1,9
2012-09-03,3865505.01,3063431.08,147,65,0.8027210884353742,166,752,47,0.0,166,0.0625,802073.9299999997,0.0,5140.299215425532,Monday,0,9
2012-09-04,3645749.44,2876968.79,147,68,0.8639455782312925,167,672,33,0.0,167,0.049107142857142856,768780.6499999999,0.0,5425.222380952381,Tuesday,0,9
2012-09-05,2398185.51,1966376.48,87,37,0.7586206896551724,97,438,29,0.0,97,0.06621004566210045,431809.0299999998,0.0,5475.309383561644,Wednesday,0,9
2012-09-06,2858227.37,2147909.96,119,59,0.7815126050420168,137,636,13,0.0,137,0.020440251572327043,710317.4100000001,0.0,4494.0681918239,Thursday,0,9
2012-09-07,3282753.8,2580035.06,139,56,0.7338129496402878,152,675,25,0.0,152,0.037037037037037035,702718.7399999998,0.0,4863.338962962963,Friday,0,9
2012-09-08,3666204.89,2804001.32,130,70,0.8461538461538461,139,637,34,0.0,139,0.05337519623233909,862203.5700000003,0.0,5755.423689167975,Saturday,1,9
2012-09-09,4458501.42,3589475.8,170,67,0.8411764705882353,190,882,55,0.0,190,0.06235827664399093,869025.6200000001,0.0,5054.990272108844,Sunday,1,9
2012-09-10,4548962.79,3517300.88,186,85,0.8279569892473119,208,969,64,0.0,208,0.06604747162022703,1031661.9100000001,0.0,4694.492043343654,Monday,0,9
2012-09-11,4021565.55,3264364.41,129,57,0.8527131782945736,142,644,46,0.0,142,0.07142857142857142,757201.1399999997,0.0,6244.66700310559,Tuesday,0,9
2012-09-12,3335978.29,2673690.65,108,49,0.8888888888888888,120,598,27,0.0,120,0.0451505016722408,662287.6400000001,0.0,5578.559013377927,Wednesday,0,9
2012-09-13,2609609.29,2103806.97,116,48,0.7844827586206896,129,561,44,0.0,129,0.0784313725490196,505802.31999999983,0.0,4651.709964349377,Thursday,0,9
2012-09-14,3729228.43,2835412.27,136,64,0.7573529411764706,148,694,6,0.0,148,0.008645533141210375,893816.1600000001,0.0,5373.527997118156,Friday,0,9
2012-09-15,3605125.64,2849539.9,131,51,0.816793893129771,152,723,31,0.0,152,0.042876901798063624,755585.7400000002,0.0,4986.342517289074,Saturday,1,9
2012-09-16,4452012.44,3561492.95,174,81,0.7528735632183908,196,844,37,0.0,196,0.04383886255924171,890519.4900000002,0.0,5274.896255924171,Sunday,1,9
2012-09-17,4811788.67,3932069.23,206,101,0.8203883495145631,235,1027,73,0.0,235,0.07108081791626096,879719.44,0.0,4685.2859493670885,Monday,0,9
2012-09-18,5078878.07,4123200.89,181,77,0.8066298342541437,201,894,68,0.0,201,0.07606263982102908,955677.1800000002,0.0,5681.071666666667,Tuesday,0,9
2012-09-19,3680241.62,3014323.76,147,69,0.8027210884353742,164,790,35,0.0,164,0.04430379746835443,665917.8600000003,0.0,4658.533696202532,Wednesday,0,9
2012-09-20,3763143.75,3080273.62,159,64,0.8176100628930818,178,787,64,0.0,178,0.08132147395171538,682870.1299999999,0.0,4781.6311944091485,Thursday,0,9
2012-09-21,3943768.14,2978697.93,148,71,0.8108108108108109,161,745,32,0.0,161,0.042953020134228186,965070.21,0.0,5293.648510067114,Friday,0,9
2012-09-22,3872374.03,3011266.74,161,65,0.8322981366459627,186,799,46,0.0,186,0.057571964956195244,861107.2899999996,0.0,4846.525694618273,Saturday,1,9
2012-09-23,4118299.54,3294951.2,178,83,0.8146067415730337,195,838,69,0.0,195,0.08233890214797136,823348.3399999999,0.0,4914.438591885441,Sunday,1,9
2012-09-24,5733263.53,4585762.62,244,129,0.75,271,1139,85,0.0,271,0.07462686567164178,1147500.9100000001,0.0,5033.5939683933275,Monday,0,9
2012-09-25,5639897.53,4502395.62,244,99,0.8237704918032787,274,1245,94,0.0,274,0.07550200803212852,1137501.9100000001,0.0,4530.0381767068275,Tuesday,0,9
2012-09-26,4592282.59,3670417.04,200,84,0.81,226,954,79,0.0,226,0.08280922431865828,921865.5499999998,0.0,4813.713406708595,Wednesday,0,9
2012-09-27,7556892.66,6017108.13,349,137,0.7965616045845272,399,1744,134,0.0,399,0.0768348623853211,1539784.5300000003,0.0,4333.080653669725,Thursday,0,9
2012-09-28,4892631.14,3884590.92,216,86,0.8148148148148148,241,1107,79,0.0,241,0.07136404697380307,1008040.2199999997,0.0,4419.720993676603,Friday,0,9
2012-09-29,5304374.46,4170120.63,224,100,0.7723214285714286,254,1186,60,0.0,254,0.050590219224283306,1134253.83,0.0,4472.491112984823,Saturday,1,9
2012-09-30,4694379.86,3812737.52,196,88,0.8163265306122449,225,1015,61,0.0,225,0.060098522167487685,881642.3400000003,0.0,4625.00478817734,Sunday,1,9
2012-10-01,4752532.1,3764447.04,205,101,0.824390243902439,229,1018,71,0.0,229,0.06974459724950884,988085.0599999996,0.0,4668.499115913555,Monday,0,10
2012-10-02,3233135.78,2566510.62,104,40,0.7596153846153846,112,499,55,0.0,112,0.11022044088176353,666625.1599999997,0.0,6479.23002004008,Tuesday,0,10
2012-10-03,3515132.03,2762823.63,108,41,0.7314814814814815,114,510,14,0.0,114,0.027450980392156862,752308.3999999999,0.0,6892.415745098039,Wednesday,0,10
2012-10-04,2398137.74,1902425.74,77,33,0.7402597402597403,85,371,8,0.0,85,0.0215633423180593,495712.00000000023,0.0,6463.983126684637,Thursday,0,10
2012-10-05,2665953.06,2064899.19,101,39,0.7425742574257426,113,476,36,0.0,113,0.07563025210084033,601053.8700000001,0.0,5600.741722689076,Friday,0,10
2012-10-06,2205266.94,1755004.4,80,45,0.775,89,388,21,0.0,89,0.05412371134020619,450262.54000000004,0.0,5683.677680412371,Saturday,1,10
2012-10-07,3389598.07,2725469.75,110,46,0.8636363636363636,126,584,17,0.0,126,0.02910958904109589,664128.3199999998,0.0,5804.106284246575,Sunday,1,10
2012-10-08,4037039.45,3285493.04,142,72,0.8169014084507042,161,728,41,0.0,161,0.05631868131868132,751546.4100000001,0.0,5545.38385989011,Monday,0,10
2012-10-09,4298675.76,3472700.63,167,73,0.8083832335329342,189,820,31,0.0,189,0.03780487804878049,825975.1299999999,0.0,5242.287512195122,Tuesday,0,10
2012-10-10,3548716.67,2839202.59,131,53,0.816793893129771,147,698,62,0.0,147,0.08882521489971347,709514.0800000001,0.0,5084.121303724928,Wednesday,0,10
2012-10-11,3421490.39,2765374.16,109,52,0.8440366972477065,119,555,43,0.0,119,0.07747747747747748,656116.23,0.0,6164.8475495495495,Thursday,0,10
2012-10-12,2380119.87,1830898.15,94,44,0.8191489361702128,105,495,32,0.0,105,0.06464646464646465,549221.7200000002,0.0,4808.32296969697,Friday,0,10
2012-10-13,2798011.44,2256579.15,125,67,0.76,140,591,36,0.0,140,0.06091370558375635,541432.29,0.0,4734.367918781726,Saturday,1,10
2012-10-14,3055629.78,2516987.32,116,54,0.7758620689655172,138,616,48,0.0,138,0.07792207792207792,538642.46,0.0,4960.437954545454,Sunday,1,10
2012-10-15,3234517.3,2632811.8,140,53,0.7785714285714286,160,739,63,0.0,160,0.08525033829499323,601705.5,0.0,4376.884032476319,Monday,0,10
2012-10-16,3549298.21,2763325.25,152,74,0.8289473684210527,169,763,31,0.0,169,0.04062909567496723,785972.96,0.0,4651.766985583224,Tuesday,0,10
2012-10-17,3818048.0,3108682.75,134,57,0.7835820895522388,155,705,28,0.0,155,0.03971631205673759,709365.25,0.0,5415.670921985816,Wednesday,0,10
2012-10-18,2909728.89,2301277.14,109,42,0.7981651376146789,121,551,51,0.0,121,0.0925589836660617,608451.75,0.0,5280.814682395645,Thursday,0,10
2012-10-19,2877379.81,2352068.71,99,45,0.8383838383838383,115,499,25,0.0,115,0.050100200400801605,525311.1000000001,0.0,5766.292204408818,Friday,0,10
2012-10-20,3242557.3,2647331.71,106,47,0.7358490566037735,118,545,42,0.0,118,0.07706422018348624,595225.5899999999,0.0,5949.646422018348,Saturday,1,10
2012-10-21,2395609.91,1920246.47,114,55,0.8508771929824561,127,522,32,0.0,127,0.06130268199233716,475363.4400000002,0.0,4589.291015325671,Sunday,1,10
2012-10-22,3596158.34,2873316.18,142,69,0.7816901408450704,162,768,20,0.0,162,0.026041666666666668,722842.1599999997,0.0,4682.497838541666,Monday,0,10
2012-10-23,3999141.88,3151858.27,170,61,0.7823529411764706,198,865,67,0.0,198,0.07745664739884393,847283.6099999999,0.0,4623.285410404625,Tuesday,0,10
2012-10-24,3829179.99,3037851.31,153,64,0.8169934640522876,181,774,35,0.0,181,0.04521963824289406,791328.6800000002,0.0,4947.260968992248,Wednesday,0,10
2012-10-25,3104460.52,2528526.7,125,59,0.808,140,633,29,0.0,140,0.045813586097946286,575933.8199999998,0.0,4904.361011058452,Thursday,0,10
2012-10-26,2138927.17,1671777.12,91,37,0.7692307692307693,99,460,47,0.0,99,0.10217391304347827,467150.0499999998,0.0,4649.841673913043,Friday,0,10
2012-10-27,2816872.34,2296869.06,122,59,0.8360655737704918,146,689,39,0.0,146,0.05660377358490566,520003.2799999998,0.0,4088.348824383164,Saturday,1,10
2012-10-28,6259883.83,5044146.85,259,118,0.7992277992277992,301,1385,98,0.0,301,0.07075812274368232,1215736.9800000004,0.0,4519.771718411553,Sunday,1,10
2012-10-29,5424539.1,4294440.71,236,105,0.8516949152542372,272,1215,66,0.0,272,0.05432098765432099,1130098.3899999997,0.0,4464.641234567901,Monday,0,10
2012-10-30,6347274.89,5049887.71,250,116,0.76,302,1403,71,0.0,302,0.05060584461867427,1297387.1799999997,0.0,4524.073335709194,Tuesday,0,10
2012-10-31,4942677.89,3871571.88,214,90,0.780373831775701,244,1150,88,0.0,244,0.07652173913043478,1071106.0099999998,0.0,4297.980773913043,Wednesday,0,10
2012-11-01,5536748.35,4440955.34,201,91,0.7661691542288557,238,1067,43,0.0,238,0.04029990627928772,1095793.0099999998,0.0,5189.079990627928,Thursday,0,11
2012-11-02,1936831.08,1547786.14,67,26,0.7761194029850746,77,342,12,0.0,77,0.03508771929824561,389044.9400000002,0.0,5663.248771929825,Friday,0,11
2012-11-03,2911848.61,2151815.97,84,41,0.8928571428571429,91,433,33,0.0,91,0.07621247113163972,760032.6399999997,0.0,6724.823579676674,Saturday,1,11
2012-11-04,2658832.75,2131401.7,85,38,0.8235294117647058,96,469,63,0.0,96,0.13432835820895522,527431.0499999998,0.0,5669.1529850746265,Sunday,1,11
2012-11-05,3332448.46,2732792.99,129,59,0.7596899224806202,146,629,71,0.0,146,0.11287758346581876,599655.4699999997,0.0,5298.01027027027,Monday,0,11
2012-11-06,3439495.01,2809375.18,109,49,0.7522935779816514,116,530,63,0.0,116,0.11886792452830189,630119.8299999996,0.0,6489.613226415094,Tuesday,0,11
2012-11-07,1969815.91,1538155.1,69,37,0.8260869565217391,77,344,15,0.0,77,0.0436046511627907,431660.8099999998,0.0,5726.209040697674,Wednesday,0,11
2012-11-08,2197716.17,1723412.77,88,47,0.7613636363636364,103,440,34,0.0,103,0.07727272727272727,474303.3999999999,0.0,4994.809477272727,Thursday,0,11
2012-11-09,2920310.06,2308918.6,107,56,0.7850467289719626,124,560,43,0.0,124,0.07678571428571429,611391.46,0.0,5214.839392857143,Friday,0,11
2012-11-10,3124993.27,2475389.25,122,56,0.7786885245901639,143,616,51,0.0,143,0.08279220779220779,649604.02,0.0,5073.041022727272,Saturday,1,11
2012-11-11,3484874.3,2713727.18,141,75,0.7872340425531915,158,719,69,0.0,158,0.09596662030598054,771147.1199999996,0.0,4846.834909596661,Sunday,1,11
2012-11-12,3806978.06,3077336.49,172,76,0.7965116279069767,213,929,52,0.0,213,0.05597416576964478,729641.5699999998,0.0,4097.931173304629,Monday,0,11
2012-11-13,3848498.06,3048755.92,149,75,0.8523489932885906,167,771,48,0.0,167,0.0622568093385214,799742.1400000001,0.0,4991.566874189364,Tuesday,0,11
2012-11-14,3213518.64,2550177.92,133,59,0.8195488721804511,154,645,42,0.0,154,0.06511627906976744,663340.7200000002,0.0,4982.199441860465,Wednesday,0,11
2012-11-15,2996358.37,2282178.26,138,61,0.717391304347826,161,712,48,0.0,161,0.06741573033707865,714180.1100000003,0.0,4208.368497191012,Thursday,0,11
2012-11-16,2851503.98,2255928.16,117,53,0.811965811965812,134,571,39,0.0,134,0.06830122591943957,595575.8199999998,0.0,4993.877373029773,Friday,0,11
2012-11-17,3258479.4,2499839.57,126,55,0.7698412698412699,147,652,47,0.0,147,0.07208588957055215,758639.8300000001,0.0,4997.667791411043,Saturday,1,11
2012-11-18,3292697.97,2632996.71,131,54,0.7938931297709924,155,733,81,0.0,155,0.11050477489768076,659701.2600000002,0.0,4492.084542974079,Sunday,1,11
2012-11-19,4654711.93,3714724.53,168,70,0.7619047619047619,202,904,52,0.0,202,0.05752212389380531,939987.3999999999,0.0,5149.017621681415,Monday,0,11
2012-11-20,3532139.01,2841184.71,143,70,0.7622377622377622,163,721,45,0.0,163,0.06241331484049931,690954.2999999998,0.0,4898.944535367545,Tuesday,0,11
2012-11-21,3144567.59,2465022.82,139,79,0.7985611510791367,154,637,52,0.0,154,0.08163265306122448,679544.77,0.0,4936.5268288854,Wednesday,0,11
2012-11-22,2661394.83,2082526.75,108,47,0.7592592592592593,118,531,59,0.0,118,0.1111111111111111,578868.0800000001,0.0,5012.042994350282,Thursday,0,11
2012-11-23,3625609.77,2879673.14,142,64,0.7746478873239436,178,839,59,0.0,178,0.07032181168057211,745936.6299999999,0.0,4321.346567342074,Friday,0,11
2012-11-24,2283866.51,1759438.38,133,67,0.8421052631578947,161,675,25,0.0,161,0.037037037037037035,524428.1299999999,0.0,3383.5059407407402,Saturday,1,11
2012-11-25,2891169.43,2288045.69,124,60,0.7983870967741935,150,673,27,0.0,150,0.04011887072808321,603123.7400000002,0.0,4295.942689450223,Sunday,1,11
2012-11-26,3626699.25,2942841.67,180,91,0.8166666666666667,213,920,90,0.0,213,0.09782608695652174,683857.5800000001,0.0,3942.064402173913,Monday,0,11
2012-11-27,4703189.22,3751057.26,257,116,0.7821011673151751,312,1404,90,0.0,312,0.0641025641025641,952131.96,0.0,3349.8498717948714,Tuesday,0,11
2012-11-28,3980270.66,3143037.5,218,105,0.8119266055045872,272,1227,51,0.0,272,0.04156479217603912,837233.1600000001,0.0,3243.9043683781583,Wednesday,0,11
2012-11-29,3116036.61,2564940.27,176,74,0.8125,214,983,46,0.0,214,0.04679552390640895,551096.3399999999,0.0,3169.9253407934893,Thursday,0,11
2012-11-30,3184691.98,2466641.44,186,85,0.7903225806451613,240,1071,66,0.0,240,0.06162464985994398,718050.54,0.0,2973.568608776844,Friday,0,11
2012-12-01,3064822.76,2435991.34,180,87,0.8111111111111111,214,935,68,0.0,214,0.07272727272727272,628831.4199999999,0.0,3277.885304812834,Saturday,1,12
2012-12-02,1765509.34,1464812.23,60,31,0.8833333333333333,66,321,31,0.0,66,0.09657320872274143,300697.1100000001,0.0,5500.029096573209,Sunday,1,12
2012-12-03,2315389.05,1807129.65,83,33,0.8674698795180723,95,432,42,0.0,95,0.09722222222222222,508259.3999999999,0.0,5359.696875,Monday,0,12
2012-12-04,2382954.42,1864688.02,105,46,0.819047619047619,124,526,49,0.0,124,0.09315589353612168,518266.3999999999,0.0,4530.3315969581745,Tuesday,0,12
2012-12-05,2286277.45,1849992.69,92,40,0.782608695652174,102,439,34,0.0,102,0.0774487471526196,436284.76000000024,0.0,5207.9212984054675,Wednesday,0,12
2012-12-06,2733678.5,2184618.1,82,41,0.8292682926829268,93,447,29,0.0,93,0.06487695749440715,549060.3999999999,0.0,6115.611856823266,Thursday,0,12
2012-12-07,2065198.04,1633326.72,99,48,0.797979797979798,120,536,38,0.0,120,0.0708955223880597,431871.32000000007,0.0,3852.981417910448,Friday,0,12
2012-12-08,2087384.34,1719369.91,111,46,0.8198198198198198,139,663,40,0.0,139,0.06033182503770739,368014.43000000017,0.0,3148.392669683258,Saturday,1,12
2012-12-09,2430122.78,1883727.02,127,45,0.7952755905511811,151,653,35,0.0,151,0.05359877488514548,546395.7599999998,0.0,3721.4743950995403,Sunday,1,12
2012-12-10,2542389.69,2015472.58,149,73,0.7986577181208053,178,809,11,0.0,178,0.013597033374536464,526917.1099999999,0.0,3142.632496909765,Monday,0,12
2012-12-11,3699430.17,3001083.16,192,89,0.8229166666666666,234,990,47,0.0,234,0.047474747474747475,698347.0099999998,0.0,3736.7981515151514,Tuesday,0,12
2012-12-12,4386420.92,3545221.89,198,100,0.7929292929292929,233,1040,58,0.0,233,0.05576923076923077,841199.0299999998,0.0,4217.712423076923,Wednesday,0,12
2012-12-13,2326824.81,1839144.84,138,57,0.7536231884057971,170,771,28,0.0,170,0.03631647211413749,487679.97,0.0,3017.9310116731517,Thursday,0,12
2012-12-14,2659317.57,2101555.8,149,77,0.8187919463087249,187,832,26,0.0,187,0.03125,557761.77,0.0,3196.2951562499998,Friday,0,12
2012-12-15,3385542.75,2693057.28,196,85,0.8214285714285714,248,1125,50,0.0,248,0.044444444444444446,692485.4700000002,0.0,3009.3713333333335,Saturday,1,12
2012-12-16,3484853.43,2706611.68,204,88,0.8382352941176471,261,1193,64,0.0,261,0.053646269907795474,778241.75,0.0,2921.084182732607,Sunday,1,12
2012-12-17,4281691.85,3433745.61,254,123,0.8070866141732284,317,1418,60,0.0,317,0.04231311706629055,847946.2399999998,0.0,3019.5288081805356,Monday,0,12
2012-12-18,4394537.67,3473710.24,267,113,0.7940074906367042,330,1491,53,0.0,330,0.035546613011401745,920827.4299999997,0.0,2947.376036217304,Tuesday,0,12
2012-12-19,3785472.73,3004383.53,263,110,0.8136882129277566,331,1446,99,0.0,331,0.06846473029045644,781089.2000000002,0.0,2617.892621023513,Wednesday,0,12
2012-12-20,3905985.95,3132486.67,227,113,0.788546255506608,277,1246,72,0.0,277,0.05778491171749599,773499.2800000003,0.0,3134.82018459069,Thursday,0,12
2012-12-21,3966203.09,3174444.37,252,120,0.75,315,1364,82,0.0,315,0.060117302052785926,791758.7199999997,0.0,2907.7735263929617,Friday,0,12
2012-12-22,3225123.87,2559516.54,218,104,0.7798165137614679,272,1262,58,0.0,272,0.04595879556259905,665607.3300000001,0.0,2555.565665610143,Saturday,1,12
2012-12-23,2151580.15,1770780.57,166,87,0.8493975903614458,203,890,29,0.0,203,0.03258426966292135,380799.57999999984,0.0,2417.5057865168537,Sunday,1,12
2012-12-24,3297376.6,2599138.83,258,113,0.8294573643410853,313,1354,58,0.0,313,0.04283604135893648,698237.77,0.0,2435.2855243722306,Monday,0,12
2012-12-25,4917024.98,3856446.89,341,162,0.8123167155425219,440,1972,80,0.0,440,0.04056795131845842,1060578.0900000003,0.0,2493.42037525355,Tuesday,0,12
2012-12-26,3285221.25,2658633.45,262,109,0.7938931297709924,334,1431,63,0.0,334,0.0440251572327044,626587.7999999998,0.0,2295.7520964360588,Wednesday,0,12
2012-12-27,4994041.71,3924374.73,302,150,0.8145695364238411,396,1914,52,0.0,396,0.027168234064785787,1069666.98,0.0,2609.2171943573667,Thursday,0,12
2012-12-28,8573663.31,6682336.48,558,251,0.8207885304659498,727,3334,180,0.0,727,0.05398920215956809,1891326.83,0.0,2571.5846760647873,Friday,0,12
2012-12-29,7842913.37,6260959.87,459,225,0.7973856209150327,587,2668,139,0.0,587,0.05209895052473763,1581953.5,0.0,2939.622702398801,Saturday,1,12
2012-12-30,6511908.92,5180121.12,351,128,0.8148148148148148,455,2112,65,0.0,455,0.030776515151515152,1331787.7999999998,0.0,3083.2902083333333,Sunday,1,12
2012-12-31,5573749.22,4432224.44,341,160,0.7976539589442815,431,1964,128,0.0,431,0.06517311608961303,1141524.7799999993,0.0,2837.957851323829,Monday,0,12
2013-01-01,5304546.99,4156070.2,288,127,0.78125,356,1611,85,0.0,356,0.05276225946617008,1148476.79,0.0,3292.704525139665,Tuesday,0,1
2013-01-02,1606940.44,1237497.84,47,21,0.8723404255319149,57,301,17,0.0,57,0.05647840531561462,369442.59999999986,0.0,5338.672558139535,Wednesday,0,1
2013-01-03,2281680.01,1832133.02,81,33,0.8148148148148148,93,408,25,0.0,93,0.061274509803921566,449546.98999999976,0.0,5592.352965686274,Thursday,0,1
2013-01-04,2376895.46,1940747.07,83,31,0.7228915662650602,97,470,42,0.0,97,0.08936170212765958,436148.3899999999,0.0,5057.224382978723,Friday,0,1
2013-01-05,2509462.77,1977027.71,78,34,0.7692307692307693,90,464,52,0.0,90,0.11206896551724138,532435.06,0.0,5408.324935344827,Saturday,1,1
2013-01-06,2603356.52,2060481.76,93,44,0.8387096774193549,106,486,25,0.0,106,0.051440329218107,542874.76,0.0,5356.700658436214,Sunday,1,1
2013-01-07,3048100.39,2452517.39,113,55,0.8672566371681416,128,572,49,0.0,128,0.08566433566433566,595583.0,0.0,5328.846835664336,Monday,0,1
2013-01-08,2449700.42,1973182.14,90,35,0.8666666666666667,98,447,38,0.0,98,0.08501118568232663,476518.28,0.0,5480.314138702461,Tuesday,0,1
2013-01-09,2049715.7,1654806.5,75,39,0.76,83,377,21,0.0,83,0.05570291777188329,394909.19999999995,0.0,5436.911671087533,Wednesday,0,1
2013-01-10,2794331.46,2122153.07,79,37,0.810126582278481,81,408,15,0.0,81,0.03676470588235294,672178.3900000001,0.0,6848.851617647058,Thursday,0,1
2013-01-11,2343077.25,1805692.13,79,41,0.8607594936708861,89,426,19,0.0,89,0.04460093896713615,537385.1200000001,0.0,5500.181338028169,Friday,0,1
2013-01-12,2814596.53,2241879.07,92,49,0.8152173913043478,98,444,24,0.0,98,0.05405405405405406,572717.46,0.0,6339.181373873874,Saturday,1,1
2013-01-13,2919719.62,2279740.92,112,49,0.75,128,576,41,0.0,128,0.07118055555555555,639978.7000000002,0.0,5068.957673611111,Sunday,1,1
2013-01-14,3077677.28,2477490.97,120,49,0.8083333333333333,134,622,48,0.0,134,0.07717041800643087,600186.3099999996,0.0,4948.034212218649,Monday,0,1
2013-01-15,2536405.93,2094291.34,117,49,0.811965811965812,127,540,31,0.0,127,0.05740740740740741,442114.5900000001,0.0,4697.048018518519,Tuesday,0,1
2013-01-16,1849789.43,1445623.48,76,32,0.7894736842105263,86,386,27,0.0,86,0.06994818652849741,404165.94999999995,0.0,4792.2005958549225,Wednesday,0,1
2013-01-17,2173214.95,1763012.0,83,37,0.7590361445783133,91,415,42,0.0,91,0.10120481927710843,410202.9500000002,0.0,5236.662530120482,Thursday,0,1
2013-01-18,2099249.56,1615535.57,96,53,0.75,112,475,33,0.0,112,0.06947368421052631,483713.99,0.0,4419.472757894737,Friday,0,1
2013-01-19,2477132.79,2033637.15,94,49,0.776595744680851,110,512,21,0.0,110,0.041015625,443495.64000000013,0.0,4838.14998046875,Saturday,1,1
2013-01-20,2522776.58,2018671.04,116,54,0.8103448275862069,133,602,38,0.0,133,0.06312292358803986,504105.54000000004,0.0,4190.65877076412,Sunday,1,1
2013-01-21,4100379.42,3250868.59,148,66,0.8108108108108109,180,847,56,0.0,180,0.06611570247933884,849510.8300000001,0.0,4841.06188902007,Monday,0,1
2013-01-22,3538734.12,2801650.02,128,53,0.859375,145,679,27,0.0,145,0.039764359351988215,737084.1000000001,0.0,5211.685007363771,Tuesday,0,1
2013-01-23,2836455.88,2322088.98,114,60,0.7807017543859649,134,580,23,0.0,134,0.039655172413793106,514366.8999999999,0.0,4890.441172413793,Wednesday,0,1
2013-01-24,2522924.71,2102458.71,108,47,0.8148148148148148,128,562,56,0.0,128,0.099644128113879,420466.0,0.0,4489.189875444839,Thursday,0,1
2013-01-25,2823082.71,2273250.41,123,52,0.7967479674796748,141,635,45,0.0,141,0.07086614173228346,549832.2999999998,0.0,4445.799543307086,Friday,0,1
2013-01-26,2312290.79,1869897.73,107,50,0.8037383177570093,124,542,48,0.0,124,0.08856088560885608,442393.06000000006,0.0,4266.219169741697,Saturday,1,1
2013-01-27,3818881.29,3023842.24,152,83,0.8486842105263158,188,893,65,0.0,188,0.07278835386338185,795039.0499999998,0.0,4276.46281075028,Sunday,1,1
2013-01-28,5008712.77,4035190.91,207,94,0.7777777777777778,238,1156,115,0.0,238,0.09948096885813149,973521.8599999994,0.0,4332.79651384083,Monday,0,1
2013-01-29,4833870.43,4015854.7,214,74,0.7990654205607477,237,1015,69,0.0,237,0.06798029556650247,818015.7299999995,0.0,4762.433921182265,Tuesday,0,1
2013-01-30,4296295.37,3414688.28,185,101,0.8162162162162162,212,965,77,0.0,212,0.07979274611398963,881607.0900000003,0.0,4452.119554404145,Wednesday,0,1
2013-01-31,3378679.46,2731823.14,167,76,0.7485029940119761,192,798,43,23227.14,192,0.05388471177944862,646856.3199999998,0.006874620772696798,4233.934160401002,Thursday,0,1
2013-02-01,4073777.92,3289266.58,163,77,0.8098159509202454,183,800,49,41247.87,183,0.06125,784511.3399999999,0.010125213207498557,5092.2224,Friday,0,2
2013-02-02,2351969.75,1915236.16,80,36,0.8625,84,393,29,37784.43,84,0.0737913486005089,436733.5900000001,0.016065015291969634,5984.655852417302,Saturday,1,2
2013-02-03,2743224.75,2293960.05,102,45,0.8529411764705882,122,533,16,83847.85,122,0.0300187617260788,449264.7000000002,0.030565432161546374,5146.763133208256,Sunday,1,2
2013-02-04,3599084.22,2986552.92,151,75,0.8079470198675497,168,719,60,106577.48,168,0.08344923504867872,612531.3000000003,0.029612388453638352,5005.680417246175,Monday,0,2
2013-02-05,3829186.14,3181079.49,133,63,0.7293233082706767,149,681,52,87723.17,149,0.0763582966226138,648106.6499999999,0.0229090900240227,5622.887136563877,Tuesday,0,2
2013-02-06,2313071.08,1919077.04,87,47,0.7701149425287356,104,434,18,56253.24,104,0.041474654377880185,393994.04000000004,0.02431971956521111,5329.656866359447,Wednesday,0,2
2013-02-07,2839296.13,2338660.54,101,49,0.8118811881188119,114,511,29,68294.73,114,0.05675146771037182,500635.58999999985,0.024053401573156795,5556.3525048923675,Thursday,0,2
2013-02-08,2648161.4,2136088.4,100,45,0.83,114,532,37,78995.83,114,0.06954887218045112,512073.0,0.0298304438694711,4977.746992481203,Friday,0,2
2013-02-09,2957587.36,2354253.06,122,45,0.8032786885245902,136,607,38,101123.63,136,0.06260296540362438,603334.2999999998,0.03419125716036331,4872.466820428336,Saturday,1,2
2013-02-10,3380985.73,2832001.18,139,71,0.8273381294964028,158,755,47,117723.29,158,0.06225165562913907,548984.5499999998,0.034819221197955184,4478.126794701987,Sunday,1,2
2013-02-11,4189315.44,3426089.62,187,69,0.8074866310160428,213,912,60,133895.98,213,0.06578947368421052,763225.8199999998,0.0319613029664818,4593.547631578947,Monday,0,2
2013-02-12,3967295.55,3276616.25,163,64,0.7668711656441718,182,828,51,120977.03,182,0.06159420289855073,690679.2999999998,0.030493576411265856,4791.419746376811,Tuesday,0,2
2013-02-13,3156812.35,2628245.52,118,53,0.847457627118644,132,611,22,84247.81999999999,132,0.03600654664484452,528566.8300000001,0.02668762367202472,5166.63232405892,Wednesday,0,2
2013-02-14,3286622.13,2725794.93,142,63,0.8098591549295775,156,671,51,95073.65,156,0.07600596125186289,560827.1999999997,0.028927466024212523,4898.095573770492,Thursday,0,2
2013-02-15,2860640.37,2293142.09,111,55,0.8198198198198198,122,548,48,68302.65,122,0.08759124087591241,567498.2800000003,0.023876699327989973,5220.146660583941,Friday,0,2
2013-02-16,3339909.75,2755975.45,140,62,0.7571428571428571,155,698,27,99781.09,155,0.03868194842406877,583934.2999999998,0.02987538510584006,4784.970988538682,Saturday,1,2
2013-02-17,3433567.61,2907659.44,150,63,0.78,179,813,58,126704.36,179,0.07134071340713408,525908.1699999999,0.03690166450515882,4223.330393603936,Sunday,1,2
2013-02-18,4473211.04,3823113.82,183,77,0.8306010928961749,204,892,78,137268.61,204,0.08744394618834081,650097.2200000002,0.030686817315911833,5014.810582959642,Monday,0,2
2013-02-19,4318301.23,3421155.04,174,73,0.8218390804597702,201,859,50,118068.88,201,0.05820721769499418,897146.1900000004,0.027341510865373325,5027.125995343423,Tuesday,0,2
2013-02-20,3392471.04,2787089.48,148,59,0.777027027027027,166,740,40,115094.65000000001,166,0.05405405405405406,605381.56,0.03392649447642743,4584.420324324325,Wednesday,0,2
2013-02-21,3412803.18,2676550.95,141,66,0.6950354609929078,163,712,41,109984.58,163,0.05758426966292135,736252.23,0.03222705037446666,4793.2628932584275,Thursday,0,2
2013-02-22,3535377.38,2908690.59,154,70,0.8766233766233766,177,721,45,91753.38,177,0.06241331484049931,626686.79,0.02595292387145386,4903.436033287101,Friday,0,2
2013-02-23,4286140.45,3439856.85,179,79,0.7262569832402235,198,910,96,141214.42,198,0.1054945054945055,846283.6000000001,0.03294675516291119,4710.044450549451,Saturday,1,2
2013-02-24,5419232.89,4431878.1,243,112,0.8024691358024691,285,1234,64,189015.51,285,0.05186385737439222,987354.79,0.03487864681895965,4391.598776337115,Sunday,1,2
2013-02-25,9128225.25,7430696.94,411,180,0.7956204379562044,472,2134,173,319902.46,472,0.08106841611996252,1697528.3099999996,0.03504541696098045,4277.518861293346,Monday,0,2
2013-02-26,6762535.71,5653323.87,329,159,0.7963525835866262,383,1640,155,285914.28,383,0.09451219512195122,1109211.8399999999,0.042279152711490825,4123.497384146342,Tuesday,0,2
2013-02-27,5716765.68,4880975.48,299,138,0.7993311036789298,345,1543,169,253944.12,345,0.10952689565780946,835790.1999999993,0.044420942577447046,3704.9680362929357,Wednesday,0,2
2013-02-28,4367566.41,3573846.75,211,101,0.8199052132701422,244,1054,117,151753.65,244,0.1110056925996205,793719.6600000001,0.03474558501332553,4143.80114800759,Thursday,0,2
2013-03-01,2693901.21,2256905.73,142,64,0.8098591549295775,168,713,45,116505.8,168,0.06311360448807854,436995.48,0.043247985326084024,3778.262566619916,Friday,0,3
2013-03-02,279813.94,236576.31,9,5,0.8888888888888888,9,29,0,0.0,9,0.0,43237.630000000005,0.0,9648.756551724138,Saturday,1,3
2013-03-03,1959484.08,1505793.8,48,22,0.8333333333333334,54,278,0,0.0,54,0.0,453690.28,0.0,7048.503884892087,Sunday,1,3
2013-03-04,1412869.43,1130489.5,56,31,0.7142857142857143,60,240,20,0.0,60,0.08333333333333333,282379.92999999993,0.0,5886.955958333333,Monday,0,3
2013-03-05,2440470.72,1954056.55,83,29,0.8072289156626506,89,379,17,0.0,89,0.044854881266490766,486414.17000000016,0.0,6439.23672823219,Tuesday,0,3
2013-03-06,3247761.18,2622451.1,110,47,0.7909090909090909,126,582,27,0.0,126,0.04639175257731959,625310.0800000001,0.0,5580.345670103093,Wednesday,0,3
2013-03-07,4017685.67,3191424.08,161,67,0.7639751552795031,182,824,61,0.0,182,0.07402912621359223,826261.5899999999,0.0,4875.8321237864075,Thursday,0,3
2013-03-08,3622255.55,2838056.23,139,62,0.7410071942446043,156,666,36,0.0,156,0.05405405405405406,784199.3199999998,0.0,5438.822147147147,Friday,0,3
2013-03-09,3263371.09,2560913.71,118,56,0.788135593220339,135,636,34,0.0,135,0.05345911949685535,702457.3799999999,0.0,5131.086619496855,Saturday,1,3
2013-03-10,3510986.19,2877727.07,129,56,0.8449612403100775,147,692,29,0.0,147,0.04190751445086705,633259.1200000001,0.0,5073.679465317919,Sunday,1,3
2013-03-11,3242639.13,2568418.97,134,56,0.7985074626865671,149,675,37,0.0,149,0.054814814814814816,674220.1599999997,0.0,4803.909822222222,Monday,0,3
2013-03-12,3660190.99,2853606.73,149,73,0.785234899328859,167,718,32,0.0,167,0.04456824512534819,806584.2600000002,0.0,5097.759038997215,Tuesday,0,3
2013-03-13,4335373.37,3463021.54,181,82,0.7790055248618785,211,954,51,0.0,211,0.05345911949685535,872351.8300000001,0.0,4544.416530398323,Wednesday,0,3
2013-03-14,6692797.3,5359353.2,245,120,0.7510204081632653,274,1309,89,0.0,274,0.06799083269671505,1333444.0999999996,0.0,5112.908556149732,Thursday,0,3
2013-03-15,5330057.69,4206775.58,207,99,0.8260869565217391,245,1111,37,0.0,245,0.0333033303330333,1123282.1100000003,0.0,4797.531674167417,Friday,0,3
2013-03-16,3591734.21,2762570.88,138,66,0.8405797101449275,156,709,26,0.0,156,0.036671368124118475,829163.3300000001,0.0,5065.915669957687,Saturday,1,3
2013-03-17,4401297.64,3565497.63,172,68,0.7674418604651163,195,871,41,0.0,195,0.04707233065442021,835800.0099999998,0.0,5053.1545809414465,Sunday,1,3
2013-03-18,4567013.37,3743618.37,203,100,0.8226600985221675,239,1087,33,70081.5,239,0.03035878564857406,823395.0,0.015345148858191321,4201.484241030359,Monday,0,3
2013-03-19,4645433.62,3929520.42,218,119,0.7981651376146789,257,1157,54,305278.42,257,0.046672428694900604,715913.2000000002,0.06571580717151652,4015.0679515989627,Tuesday,0,3
2013-03-20,4992105.19,4308112.41,246,116,0.7967479674796748,276,1252,58,440738.05,276,0.0463258785942492,683992.7800000003,0.08828701183678382,3987.3044648562304,Wednesday,0,3
2013-03-21,7355693.45,6496769.78,322,136,0.7919254658385093,373,1664,69,647755.53,373,0.04146634615384615,858923.6699999999,0.08806178974193113,4420.488852163462,Thursday,0,3
2013-03-22,6603332.26,6021167.98,306,145,0.8006535947712419,340,1565,84,792399.83,340,0.0536741214057508,582164.2799999993,0.11999999376072588,4219.381635782747,Friday,0,3
2013-03-23,6009508.61,5393148.03,246,118,0.7560975609756098,276,1267,69,721141.05,276,0.05445935280189424,616360.5800000001,0.12000000279556967,4743.1007182320445,Saturday,1,3
2013-03-24,5088153.2,4610104.28,236,123,0.8389830508474576,265,1206,60,610578.41,265,0.04975124378109453,478048.9199999999,0.12000000510990903,4219.032504145937,Sunday,1,3
2013-03-25,4694308.82,4169990.65,216,98,0.8611111111111112,242,1098,60,563317.02,242,0.0546448087431694,524318.1700000004,0.11999999181988201,4275.326794171221,Monday,0,3
2013-03-26,5731432.22,5192620.7,256,115,0.82421875,286,1302,76,687771.91,286,0.05837173579109063,538811.5199999996,0.12000000760717364,4402.021674347158,Tuesday,0,3
2013-03-27,6872130.59,6081507.57,313,134,0.7507987220447284,344,1541,62,824655.68,344,0.04023361453601557,790623.0199999996,0.12000000133874057,4459.526664503569,Wednesday,0,3
2013-03-28,8099154.93,7239463.63,398,188,0.8241206030150754,444,1978,109,971898.67,444,0.0551061678463094,859691.2999999998,0.12000000968002227,4094.6182659251767,Thursday,0,3
2013-03-29,8381683.44,7644413.84,369,167,0.8048780487804879,412,1879,99,1005801.94,412,0.05268759978712081,737269.6000000006,0.11999999131439398,4460.714976051091,Friday,0,3
2013-03-30,11636994.38,10600188.31,544,268,0.8235294117647058,622,2868,167,1396439.33,622,0.05822873082287308,1036806.0700000003,0.1200000003781045,4057.5294211994424,Saturday,1,3
2013-03-31,9455023.8,8513517.85,496,220,0.8225806451612904,562,2551,141,1134602.73,562,0.05527244217953744,941505.9500000011,0.11999998667375114,3706.3989807918465,Sunday,1,3
2013-04-01,10313848.23,9188774.52,516,238,0.7906976744186046,600,2659,98,1237661.74,600,0.03685596088755171,1125073.710000001,0.11999999538484579,3878.844764949229,Monday,0,4
2013-04-02,8250013.05,7374699.1,407,201,0.7764127764127764,464,2056,45,990001.51,464,0.02188715953307393,875313.9500000002,0.11999999321213195,4012.6522616731518,Tuesday,0,4
2013-04-03,8740749.51,7769943.74,448,194,0.78125,500,2167,161,1048889.94,500,0.074296262113521,970805.7699999996,0.119999999862712,4033.5715320719887,Wednesday,0,4
2013-04-04,4270660.8,3779960.51,175,85,0.8114285714285714,182,775,39,512479.29,182,0.05032258064516129,490700.29000000004,0.11999999859506519,5510.530064516129,Thursday,0,4
2013-04-05,3073716.42,2637291.44,128,55,0.7109375,133,609,7,368846.02,133,0.011494252873563218,436424.98,0.12000001613681721,5047.153399014778,Friday,0,4
2013-04-06,3663196.56,3221790.63,165,77,0.7515151515151515,176,767,19,439583.59,176,0.024771838331160364,441405.93000000017,0.12000000076435975,4776.0059452412,Saturday,1,4
2013-04-07,2924734.26,2598895.09,165,77,0.7878787878787878,185,812,46,350968.14,185,0.05665024630541872,325839.1699999999,0.12000000984704848,3601.8894827586205,Sunday,1,4
2013-04-08,4670874.28,4351446.44,192,102,0.7916666666666666,213,951,41,560505.0,213,0.04311251314405889,319427.83999999985,0.12000001849760768,4911.539726603575,Monday,0,4
2013-04-09,4293257.18,3845242.09,212,101,0.7830188679245284,240,1131,68,515190.81,240,0.060123784261715295,448015.08999999985,0.11999998798115329,3795.983359858532,Tuesday,0,4
2013-04-10,6011834.78,5327749.04,269,119,0.79182156133829,308,1362,48,721420.2,308,0.03524229074889868,684085.7400000002,0.12000000439133823,4413.975609397944,Wednesday,0,4
2013-04-11,4244755.76,3794688.65,194,87,0.8041237113402062,218,991,37,509370.65,218,0.03733602421796166,450067.10999999987,0.11999999029390564,4283.3055095862765,Thursday,0,4
2013-04-12,4282161.81,3850989.97,177,82,0.8192090395480226,193,944,62,513859.41,193,0.06567796610169492,431171.8399999994,0.11999999831860628,4536.1883580508475,Friday,0,4
2013-04-13,5214391.75,4691901.42,238,107,0.8319327731092437,270,1206,37,625727.03,270,0.03067993366500829,522490.3300000001,0.12000000383553845,4323.707918739635,Saturday,1,4
2013-04-14,4506492.03,3873550.82,209,95,0.7990430622009569,234,1012,61,344881.05,234,0.06027667984189723,632941.2100000004,0.07652982579445503,4453.0553656126485,Sunday,1,4
2013-04-15,5167610.5,4514315.72,226,89,0.7920353982300885,253,1097,54,239004.81,253,0.049225159525979945,653294.7800000003,0.04625054655338284,4710.675022789425,Monday,0,4
2013-04-16,5887221.88,4755791.57,267,119,0.8052434456928839,290,1286,64,164123.27,290,0.049766718506998445,1131430.3099999996,0.027877880831629193,4577.933032659409,Tuesday,0,4
2013-04-17,8104639.53,6617328.78,344,137,0.7936046511627907,383,1731,80,132603.62,383,0.046216060080878106,1487310.75,0.016361445750814285,4682.056343154246,Wednesday,0,4
2013-04-18,6536742.64,5253454.75,276,127,0.8043478260869565,295,1272,55,0.0,295,0.04323899371069182,1283287.8899999997,0.0,5138.948616352201,Thursday,0,4
2013-04-19,5871312.85,4657092.08,214,96,0.8411214953271028,235,1111,71,0.0,235,0.0639063906390639,1214220.7699999996,0.0,5284.7100360036,Friday,0,4
2013-04-20,6012115.71,4722140.67,253,107,0.8260869565217391,280,1225,46,0.0,280,0.037551020408163265,1289975.04,0.0,4907.849559183674,Saturday,1,4
2013-04-21,6323547.99,5021941.78,262,116,0.7748091603053435,295,1329,60,0.0,295,0.045146726862302484,1301606.21,0.0,4758.124898419865,Sunday,1,4
2013-04-22,7292352.56,5866886.82,319,142,0.8119122257053292,378,1623,81,0.0,378,0.04990757855822551,1425465.7399999993,0.0,4493.1315834873685,Monday,0,4
2013-04-23,8757473.08,6907927.03,370,166,0.8108108108108109,417,1966,104,0.0,417,0.052899287894201424,1849546.0499999998,0.0,4454.462400813835,Tuesday,0,4
2013-04-24,9358565.61,7286897.36,431,195,0.8074245939675174,473,2138,129,0.0,473,0.060336763330215155,2071668.249999999,0.0,4377.252390084191,Wednesday,0,4
2013-04-25,9127283.0,7206948.14,394,181,0.8096446700507615,440,1949,106,0.0,440,0.05438686505900462,1920334.8600000003,0.0,4683.059517701386,Thursday,0,4
2013-04-26,6156392.84,4860244.05,270,133,0.825925925925926,301,1372,95,0.0,301,0.06924198250728864,1296148.79,0.0,4487.166793002915,Friday,0,4
2013-04-27,6420235.09,5103697.51,277,122,0.8050541516245487,311,1398,81,0.0,311,0.05793991416309013,1316537.58,0.0,4592.442839771102,Saturday,1,4
2013-04-28,9099343.31,7234100.22,362,164,0.7651933701657458,403,1819,33,0.0,403,0.018141836173721827,1865243.0900000008,0.0,5002.387746014294,Sunday,1,4
2013-04-29,13160942.22,10423989.71,584,256,0.7996575342465754,659,3034,145,0.0,659,0.04779169413315755,2736952.51,0.0,4337.81879367172,Monday,0,4
2013-04-30,11190466.86,8842281.65,530,230,0.8207547169811321,607,2645,135,0.0,607,0.05103969754253308,2348185.209999999,0.0,4230.800325141777,Tuesday,0,4
2013-05-01,13051232.31,10395426.51,569,282,0.8031634446397188,638,2899,137,0.0,638,0.04725767506036564,2655805.8000000007,0.0,4501.977340462228,Wednesday,0,5
2013-05-02,11179665.29,8989067.99,512,220,0.80859375,577,2561,164,0.0,577,0.0640374853572823,2190597.299999999,0.0,4365.351538461538,Thursday,0,5
2013-05-03,8173550.12,6507576.59,341,172,0.8211143695014663,392,1734,87,0.0,392,0.050173010380622836,1665973.5300000003,0.0,4713.6967243367935,Friday,0,5
2013-05-04,3225175.57,2586608.79,116,50,0.8017241379310345,119,521,28,0.0,119,0.053742802303262956,638566.7799999998,0.0,6190.3561804222645,Saturday,1,5
2013-05-05,3906711.0,3268319.42,149,68,0.825503355704698,155,635,28,0.0,155,0.04409448818897638,638391.5800000001,0.0,6152.300787401575,Sunday,1,5
2013-05-06,4311626.38,3384442.35,166,80,0.7951807228915663,195,937,19,0.0,195,0.020277481323372464,927184.0299999998,0.0,4601.5222838847385,Monday,0,5
2013-05-07,3763332.37,3079887.85,162,68,0.7962962962962963,181,803,25,0.0,181,0.031133250311332503,683444.52,0.0,4686.590747198007,Tuesday,0,5
2013-05-08,5458168.5,4267785.48,211,98,0.8009478672985783,236,1078,37,0.0,236,0.03432282003710575,1190383.0199999996,0.0,5063.236085343228,Wednesday,0,5
2013-05-09,5815611.07,4647084.74,241,102,0.8008298755186722,267,1173,42,0.0,267,0.03580562659846547,1168526.33,0.0,4957.895200341006,Thursday,0,5
2013-05-10,4248246.45,3392369.6,183,78,0.7923497267759563,210,889,13,0.0,210,0.014623172103487065,855876.8500000001,0.0,4778.679921259843,Friday,0,5
2013-05-11,4388803.6,3347274.34,171,68,0.8304093567251462,192,879,30,0.0,192,0.034129692832764506,1041529.2599999998,0.0,4992.950625711035,Saturday,1,5
2013-05-12,4298069.68,3423974.02,187,85,0.8235294117647058,202,907,29,0.0,202,0.03197353914002205,874095.6599999997,0.0,4738.775832414553,Sunday,1,5
2013-05-13,4663488.62,3677688.54,180,80,0.7444444444444445,204,986,34,0.0,204,0.034482758620689655,985800.0800000001,0.0,4729.7044827586205,Monday,0,5
2013-05-14,5622176.45,4515976.68,221,97,0.8235294117647058,244,1084,23,0.0,244,0.021217712177121772,1106199.7700000005,0.0,5186.509640221402,Tuesday,0,5
2013-05-15,6416011.44,5136196.06,264,109,0.8181818181818182,297,1333,31,0.0,297,0.023255813953488372,1279815.3800000008,0.0,4813.211882970743,Wednesday,0,5
2013-05-16,7727680.05,6101584.58,322,141,0.7950310559006211,354,1595,61,0.0,354,0.03824451410658307,1626095.4699999997,0.0,4844.940470219436,Thursday,0,5
2013-05-17,6520355.77,5213542.1,253,114,0.8458498023715415,286,1272,47,0.0,286,0.036949685534591194,1306813.67,0.0,5126.065856918239,Friday,0,5
2013-05-18,5126131.05,4165368.61,215,102,0.8093023255813954,250,1154,53,0.0,250,0.04592720970537262,960762.44,0.0,4442.054636048527,Saturday,1,5
2013-05-19,5417543.03,4323889.4,228,95,0.7894736842105263,247,1076,61,0.0,247,0.056691449814126396,1093653.63,0.0,5034.891291821562,Sunday,1,5
2013-05-20,5837064.06,4872375.63,236,107,0.788135593220339,261,1175,48,0.0,261,0.04085106382978723,964688.4299999997,0.0,4967.714093617021,Monday,0,5
2013-05-21,5156527.79,4086850.49,220,100,0.7909090909090909,248,1107,39,0.0,248,0.03523035230352303,1069677.2999999998,0.0,4658.110018066847,Tuesday,0,5
2013-05-22,6977473.78,5617374.39,303,146,0.8217821782178217,337,1512,59,0.0,337,0.03902116402116402,1360099.3900000006,0.0,4614.731335978836,Wednesday,0,5
2013-05-23,9166919.02,7150676.62,365,169,0.7835616438356164,409,1896,82,0.0,409,0.043248945147679324,2016242.3999999994,0.0,4834.872900843881,Thursday,0,5
2013-05-24,6670030.19,5242528.96,271,119,0.8339483394833949,307,1403,42,0.0,307,0.02993585174625802,1427501.2300000004,0.0,4754.119878831077,Friday,0,5
2013-05-25,5054594.94,3916382.21,202,81,0.7821782178217822,223,1021,18,0.0,223,0.01762977473065622,1138212.7300000004,0.0,4950.6316748286,Saturday,1,5
2013-05-26,3649585.05,2889501.26,143,69,0.7692307692307693,156,691,22,0.0,156,0.03183791606367583,760083.79,0.0,5281.599204052098,Sunday,1,5
2013-05-27,4403026.04,3471897.02,192,89,0.8125,210,933,31,0.0,210,0.03322615219721329,931129.02,0.0,4719.213333333333,Monday,0,5
2013-05-28,6274027.61,4977411.59,232,106,0.7974137931034483,259,1187,46,0.0,259,0.038753159224936815,1296616.0200000005,0.0,5285.617194608257,Tuesday,0,5
2013-05-29,7359639.59,5841803.19,338,144,0.7869822485207101,380,1746,65,0.0,380,0.03722794959908362,1517836.3999999994,0.0,4215.142949599083,Wednesday,0,5
2013-05-30,12828293.48,10036927.65,551,242,0.7931034482758621,603,2716,74,0.0,603,0.027245949926362298,2791365.83,0.0,4723.23029455081,Thursday,0,5
2013-05-31,13809349.18,11231361.14,570,255,0.8,649,2903,78,0.0,649,0.02686875645883569,2577988.039999999,0.0,4756.923589390286,Friday,0,5
2013-06-01,13162597.88,10314262.16,566,266,0.8127208480565371,632,2817,112,0.0,632,0.0397586084487043,2848335.7200000007,0.0,4672.558707845225,Saturday,1,6
2013-06-02,12079925.72,9610953.04,511,231,0.8317025440313112,581,2638,143,0.0,581,0.05420773313115997,2468972.6800000016,0.0,4579.1985291887795,Sunday,1,6
2013-06-03,9411997.25,7525850.2,430,189,0.7837209302325582,497,2196,91,0.0,497,0.04143897996357013,1886147.0499999998,0.0,4285.973246812387,Monday,0,6
2013-06-04,5397308.75,4297393.33,209,84,0.7894736842105263,237,1086,51,0.0,237,0.04696132596685083,1099915.42,0.0,4969.89755985267,Tuesday,0,6
2013-06-05,6860958.96,5505167.85,275,139,0.7963636363636364,305,1372,59,0.0,305,0.043002915451895045,1355791.1100000003,0.0,5000.698950437318,Wednesday,0,6
2013-06-06,5692902.11,4632206.37,193,85,0.8341968911917098,208,913,38,0.0,208,0.0416210295728368,1060695.7400000002,0.0,6235.380186199343,Thursday,0,6
2013-06-07,3843507.28,2986865.05,157,64,0.7515923566878981,172,744,15,0.0,172,0.020161290322580645,856642.23,0.0,5166.00440860215,Friday,0,6
2013-06-08,3646959.35,2897196.14,140,68,0.8214285714285714,152,705,26,0.0,152,0.03687943262411347,749763.21,0.0,5172.991985815603,Saturday,1,6
2013-06-09,3880132.51,3070545.08,181,92,0.8011049723756906,201,890,8,0.0,201,0.008988764044943821,809587.4299999997,0.0,4359.699449438202,Sunday,1,6
2013-06-10,4476887.83,3582347.82,177,80,0.7288135593220338,198,899,21,0.0,198,0.02335928809788654,894540.0100000002,0.0,4979.8529810901,Monday,0,6
2013-06-11,5003847.86,3903592.44,202,92,0.7821782178217822,230,1058,13,0.0,230,0.012287334593572778,1100255.4200000004,0.0,4729.534839319471,Tuesday,0,6
2013-06-12,7209020.15,5796177.46,304,140,0.7631578947368421,340,1556,44,0.0,340,0.028277634961439587,1412842.6900000004,0.0,4633.046368894602,Wednesday,0,6
2013-06-13,6845836.24,5559998.61,253,111,0.7391304347826086,277,1253,49,0.0,277,0.03910614525139665,1285837.63,0.0,5463.55645650439,Thursday,0,6
2013-06-14,4871516.57,3975403.65,193,77,0.7823834196891192,215,935,12,0.0,215,0.012834224598930482,896112.9200000004,0.0,5210.178149732621,Friday,0,6
2013-06-15,5166292.57,4029821.84,221,99,0.8190045248868778,246,1024,37,0.0,246,0.0361328125,1136470.7300000004,0.0,5045.207587890625,Saturday,1,6
2013-06-16,5794009.15,4551326.63,226,106,0.827433628318584,258,1203,71,0.0,258,0.05901911886949293,1242682.5200000005,0.0,4816.300207813799,Sunday,1,6
2013-06-17,5795298.96,4637293.92,234,93,0.7991452991452992,268,1179,65,0.0,268,0.0551314673452078,1158005.04,0.0,4915.435928753181,Monday,0,6
2013-06-18,6632615.61,5459331.17,261,104,0.7854406130268199,295,1314,36,0.0,295,0.0273972602739726,1173284.4400000004,0.0,5047.652671232877,Tuesday,0,6
2013-06-19,7437341.02,6031157.35,306,141,0.803921568627451,332,1472,61,0.0,332,0.041440217391304345,1406183.67,0.0,5052.541453804348,Wednesday,0,6
2013-06-20,7078652.68,5515676.8,270,124,0.825925925925926,297,1338,28,0.0,297,0.02092675635276532,1562975.88,0.0,5290.472855007473,Thursday,0,6
2013-06-21,5526354.45,4396745.86,211,98,0.7772511848341233,230,994,40,0.0,230,0.04024144869215292,1129608.5899999999,0.0,5559.712726358149,Friday,0,6
2013-06-22,5117274.96,4111300.17,205,100,0.7853658536585366,226,1013,21,0.0,226,0.02073050345508391,1005974.79,0.0,5051.604106614018,Saturday,1,6
2013-06-23,5844565.63,4855247.11,211,96,0.8151658767772512,227,1021,35,257593.33000000002,227,0.034280117531831536,989318.5199999996,0.04407399049088957,5724.354191968658,Sunday,1,6
2013-06-24,5243774.5,4800223.91,240,94,0.8333333333333334,266,1178,16,552180.25,266,0.013582342954159592,443550.58999999985,0.10530205866022652,4451.421477079796,Monday,0,6
2013-06-25,6728887.1,6142934.34,283,119,0.7703180212014135,315,1393,41,894517.84,315,0.029432878679109833,585952.7599999998,0.1329369666493587,4830.500430725054,Tuesday,0,6
2013-06-26,8817278.13,8290194.65,424,189,0.7735849056603774,467,2095,85,1299853.44,467,0.0405727923627685,527083.4800000004,0.14742116794267437,4208.724644391408,Wednesday,0,6
2013-06-27,7748199.74,7462815.86,374,161,0.8101604278074866,414,1838,26,1394675.98,414,0.014145810663764961,285383.8799999999,0.18000000345886796,4215.560250272035,Thursday,0,6
2013-06-28,6285354.21,6043485.1,328,142,0.8201219512195121,361,1609,66,1131363.67,361,0.041019266625233065,241869.11000000034,0.17999998603101797,3906.373032939714,Friday,0,6
2013-06-29,9546012.78,9167617.84,494,224,0.7995951417004049,565,2529,106,1718282.4,565,0.04191379992091736,378394.9399999995,0.18000001043367553,3774.6195255041516,Saturday,1,6
2013-06-30,7372318.59,7149429.97,390,171,0.7871794871794872,440,1985,52,1327017.34,440,0.02619647355163728,222888.6200000001,0.1799999991590163,3714.0144030226697,Sunday,1,6
2013-07-01,6359864.53,6248239.94,326,139,0.8251533742331288,373,1686,80,1144775.67,373,0.04744958481613286,111624.58999999985,0.1800000085850885,3772.1616429418746,Monday,0,7
2013-07-02,7209130.33,6927420.38,343,144,0.7784256559766763,384,1655,63,1297643.45,384,0.038066465256797584,281709.9500000002,0.17999999869609792,4355.969987915408,Tuesday,0,7
2013-07-03,8038680.63,7869401.17,369,174,0.7859078590785907,412,1866,53,1446962.51,412,0.02840300107181136,169279.45999999996,0.17999999957704502,4307.97461414791,Wednesday,0,7
2013-07-04,2521315.44,2408274.98,93,40,0.7419354838709677,102,483,21,453836.75,102,0.043478260869565216,113040.45999999996,0.17999998841874384,5220.114782608695,Thursday,0,7
2013-07-05,2494107.65,2432073.97,108,56,0.8333333333333334,117,553,24,448939.36,117,0.0433996383363472,62033.6799999997,0.17999999318393495,4510.140415913201,Friday,0,7
2013-07-06,2452372.43,2331799.51,94,34,0.8085106382978723,99,499,12,441427.02,99,0.02404809619238477,120572.92000000039,0.1799999929048297,4914.574008016032,Saturday,1,7
2013-07-07,2958215.01,2950992.63,116,61,0.8362068965517241,126,568,4,532478.71,126,0.007042253521126761,7222.379999999888,0.18000000277194186,5208.125017605634,Sunday,1,7
2013-07-08,2571901.18,2450996.77,115,48,0.782608695652174,128,603,39,462942.22000000003,128,0.06467661691542288,120904.41000000015,0.18000000295501245,4265.1760862354895,Monday,0,7
2013-07-09,4624825.33,4592718.95,204,91,0.8186274509803921,219,1015,23,832468.6,219,0.022660098522167486,32106.37999999989,0.18000000877870992,4556.478157635468,Tuesday,0,7
2013-07-10,3855254.64,3797797.81,199,82,0.8190954773869347,220,963,41,693945.77,220,0.04257528556593977,57456.830000000075,0.17999998308801723,4003.37968847352,Wednesday,0,7
2013-07-11,5785320.61,5626075.87,285,115,0.7894736842105263,316,1402,26,1041357.72,316,0.018544935805991442,159244.74000000022,0.18000000176308292,4126.476897289586,Thursday,0,7
2013-07-12,6053300.71,5886949.95,272,123,0.8014705882352942,297,1379,45,1089594.15,297,0.032632342277012324,166350.75999999978,0.18000000366742064,4389.6306816533715,Friday,0,7
2013-07-13,4161301.31,3995435.41,190,96,0.7947368421052632,209,976,37,749034.22,209,0.03790983606557377,165865.8999999999,0.1799999962031108,4263.628391393443,Saturday,1,7
2013-07-14,4482102.22,4419156.67,229,101,0.7991266375545851,252,1136,77,806778.37,252,0.06778169014084508,62945.549999999814,0.17999999339595607,3945.5125176056335,Sunday,1,7
2013-07-15,4387240.36,4219310.04,232,127,0.8318965517241379,262,1174,56,789703.31,262,0.04770017035775128,167930.3200000003,0.18000001030260399,3737.0020102214653,Monday,0,7
2013-07-16,4411030.39,4135243.61,218,93,0.7935779816513762,254,1206,18,793985.47,254,0.014925373134328358,275786.7799999998,0.17999999995465912,3657.5708043117743,Tuesday,0,7
2013-07-17,4475453.64,4375610.63,258,106,0.8255813953488372,302,1360,37,805581.79,302,0.027205882352941177,99843.00999999978,0.18000003011985174,3290.7747352941174,Wednesday,0,7
2013-07-18,6265533.39,6163756.55,324,140,0.8024691358024691,373,1671,38,1127796.06,373,0.022740873728306403,101776.83999999985,0.18000000794824592,3749.5711490125673,Thursday,0,7
2013-07-19,6310739.5,5960928.51,287,123,0.8083623693379791,314,1457,43,1029216.86,314,0.029512697323266987,349810.9900000002,0.16308973932452767,4331.324296499657,Friday,0,7
2013-07-20,4157746.85,3978173.28,196,91,0.7602040816326531,211,958,41,659893.77,211,0.04279749478079332,179573.5700000003,0.1587142733329231,4340.028027139875,Saturday,1,7
2013-07-21,4847680.2,4301699.27,187,80,0.7700534759358288,202,942,34,484692.92,202,0.036093418259023353,545980.9300000006,0.09998450805397599,5146.157324840765,Sunday,1,7
2013-07-22,5926190.4,5032346.99,235,100,0.7829787234042553,262,1213,44,287635.65,262,0.036273701566364384,893843.4100000001,0.0485363497602102,4885.565045342128,Monday,0,7
2013-07-23,4436778.28,3552350.42,195,93,0.7794871794871795,221,961,20,0.0,221,0.02081165452653486,884427.8600000003,0.0,4616.834838709678,Tuesday,0,7
2013-07-24,7329505.1,5924978.27,257,117,0.7898832684824902,280,1302,42,0.0,280,0.03225806451612903,1404526.83,0.0,5629.42019969278,Wednesday,0,7
2013-07-25,6342757.31,4978292.65,275,128,0.7927272727272727,307,1320,42,0.0,307,0.031818181818181815,1364464.6599999992,0.0,4805.119174242424,Thursday,0,7
2013-07-26,6941436.71,5543496.22,252,126,0.7976190476190477,281,1385,54,0.0,281,0.03898916967509025,1397940.4900000002,0.0,5011.867660649819,Friday,0,7
2013-07-27,4353958.13,3499528.32,179,91,0.8156424581005587,194,822,23,0.0,194,0.027980535279805353,854429.81,0.0,5296.78604622871,Saturday,1,7
2013-07-28,6017516.42,4917333.26,224,91,0.8214285714285714,242,1099,11,0.0,242,0.010009099181073703,1100183.1600000001,0.0,5475.447151956324,Sunday,1,7
2013-07-29,8158241.16,6599164.67,284,139,0.8169014084507042,315,1405,35,0.0,315,0.02491103202846975,1559076.4900000002,0.0,5806.577338078292,Monday,0,7
2013-07-30,7711378.77,7073525.07,327,162,0.7920489296636085,365,1636,44,15000.0,365,0.02689486552567237,637853.6999999993,0.0019451774380938626,4713.556705378973,Tuesday,0,7
2013-07-31,10104475.36,10851542.12,530,265,0.809433962264151,592,2589,65,49750.0,592,0.025106218617226728,-747066.7599999998,0.0049235609200396924,3902.8487292390882,Wednesday,0,7
2013-08-01,10998208.4,12167214.07,561,247,0.8003565062388592,619,2842,93,57350.0,619,0.032723434201266714,-1169005.67,0.005214485661137317,3869.883321604504,Thursday,0,8
2013-08-02,7422715.15,9601836.11,450,200,0.8066666666666666,513,2212,61,55750.0,513,0.027576853526220614,-2179120.959999999,0.007510728739199967,3355.6578435804704,Friday,0,8
2013-08-03,5599602.67,7786528.35,381,171,0.7637795275590551,433,1880,61,55650.0,433,0.032446808510638296,-2186925.6799999997,0.00993820513340101,2978.5120585106383,Saturday,1,8
2013-08-04,5021938.29,7089757.76,317,152,0.8170347003154574,352,1655,54,49200.0,352,0.03262839879154079,-2067819.4699999997,0.009797014052914617,3034.4038006042297,Sunday,1,8
2013-08-05,2231563.34,3064145.21,142,61,0.852112676056338,158,655,25,19800.0,158,0.03816793893129771,-832581.8700000001,0.008872703563950823,3406.96693129771,Monday,0,8
2013-08-06,2493225.51,3592496.3,139,66,0.8057553956834532,160,772,24,22100.0,160,0.031088082901554404,-1099270.79,0.00886401968508657,3229.566722797927,Tuesday,0,8
2013-08-07,2638845.23,3381813.66,178,95,0.7865168539325843,197,869,22,24950.0,197,0.02531645569620253,-742968.4300000002,0.009454893267840494,3036.64583429229,Wednesday,0,8
2013-08-08,3065089.0,4223344.7,227,97,0.8149779735682819,239,1037,41,29400.0,239,0.03953712632594021,-1158255.7000000002,0.009591891132688154,2955.7270973963355,Thursday,0,8
2013-08-09,2598855.08,3418548.13,178,82,0.7865168539325843,203,947,8,23700.0,203,0.008447729672650475,-819693.0499999998,0.009119400378415868,2744.303146779303,Friday,0,8
2013-08-10,1776113.02,2320738.01,126,70,0.7698412698412699,142,613,12,15750.0,142,0.01957585644371941,-544624.9899999998,0.008867678927324119,2897.4111256117453,Saturday,1,8
2013-08-11,2074476.53,2834815.33,142,60,0.7746478873239436,155,681,14,17350.0,155,0.020558002936857563,-760338.8,0.008363555696626753,3046.2210425844346,Sunday,1,8
2013-08-12,1933036.01,2566277.36,148,65,0.777027027027027,171,737,6,16550.0,171,0.008141112618724558,-633241.3499999999,0.008561661507795708,2622.843975576662,Monday,0,8
2013-08-13,2531884.21,3266499.42,174,74,0.7931034482758621,193,839,18,21600.0,193,0.021454112038140644,-734615.21,0.008531195824314573,3017.7404171632897,Tuesday,0,8
2013-08-14,2791478.67,3740726.27,212,101,0.8113207547169812,246,1092,33,26450.0,246,0.03021978021978022,-949247.6000000001,0.009475264949812424,2556.2991483516485,Wednesday,0,8
2013-08-15,3665019.45,4896607.22,260,121,0.7769230769230769,289,1311,45,33000.0,289,0.034324942791762014,-1231587.7699999996,0.009004044985354715,2795.590732265446,Thursday,0,8
2013-08-16,3619170.1,4661015.06,239,109,0.7866108786610879,270,1246,53,31700.0,270,0.04253611556982344,-1041844.9599999995,0.008758914094698119,2904.6308988764044,Friday,0,8
2013-08-17,3066137.96,4129676.85,219,98,0.7853881278538812,250,1128,47,28450.0,250,0.041666666666666664,-1063538.8900000001,0.009278773613957018,2718.207411347518,Saturday,1,8
2013-08-18,2385617.18,2947242.18,158,75,0.8481012658227848,174,806,46,18350.0,174,0.05707196029776675,-561625.0,0.007691929851041733,2959.8228039702235,Sunday,1,8
2013-08-19,2870843.18,3669528.41,185,84,0.8162162162162162,212,934,10,23250.0,212,0.010706638115631691,-798685.23,0.008098665981469596,3073.7079014989295,Monday,0,8
2013-08-20,2730112.88,3528369.0,173,80,0.7687861271676301,193,869,24,21850.0,193,0.02761795166858458,-798256.1200000001,0.008003332082005342,3141.671898734177,Tuesday,0,8
2013-08-21,2707776.73,3591906.04,192,97,0.78125,222,1012,25,25050.0,222,0.024703557312252964,-884129.31,0.009251132016338733,2675.668705533597,Wednesday,0,8
2013-08-22,3821233.2,5275320.79,250,122,0.768,271,1217,35,37850.0,271,0.02875924404272802,-1454087.5899999999,0.00990517930180236,3139.879375513558,Thursday,0,8
2013-08-23,3454696.96,4693020.59,239,91,0.7949790794979079,271,1197,23,28450.0,271,0.01921470342522974,-1238323.63,0.008235165147451892,2886.129456975773,Friday,0,8
2013-08-24,2837188.07,4087795.83,195,92,0.8307692307692308,212,994,17,26950.0,212,0.01710261569416499,-1250607.7600000002,0.009498841576617796,2854.3139537223337,Saturday,1,8
2013-08-25,3018860.44,3945685.24,181,89,0.8287292817679558,200,976,24,26450.0,200,0.02459016393442623,-926824.8000000003,0.008761584222157682,3093.094713114754,Sunday,1,8
2013-08-26,3465971.03,4845153.03,216,75,0.8194444444444444,238,1125,36,30900.0,238,0.032,-1379182.0000000005,0.008915250512062128,3080.8631377777774,Monday,0,8
2013-08-27,3008572.56,3950990.04,227,101,0.7533039647577092,246,1035,26,26500.0,246,0.025120772946859903,-942417.48,0.008808163829028607,2906.833391304348,Tuesday,0,8
2013-08-28,3749158.5,4845899.79,267,130,0.7827715355805244,302,1319,36,33300.0,302,0.027293404094010616,-1096741.29,0.00888199311925596,2842.4249431387416,Wednesday,0,8
2013-08-29,6385124.62,8251851.88,448,199,0.8147321428571429,514,2301,91,56050.0,514,0.03954802259887006,-1866727.2599999998,0.008778215514296415,2774.9346458061714,Thursday,0,8
2013-08-30,5499141.72,7247803.25,394,169,0.8147208121827412,444,2040,56,55567.55,444,0.027450980392156862,-1748661.5300000003,0.010104767767287148,2695.6577058823527,Friday,0,8
2013-08-31,6810100.27,8325085.12,412,181,0.8300970873786407,462,2215,93,220078.56,462,0.04198645598194131,-1514984.8500000006,0.0323164933370357,3074.537367945824,Saturday,1,8
2013-09-01,6018993.92,6937336.62,382,158,0.8350785340314136,441,1964,55,277763.81,441,0.0280040733197556,-918342.7000000002,0.04614788014273322,3064.6608553971487,Sunday,1,9
2013-09-02,5386759.65,5986639.99,300,134,0.7733333333333333,337,1599,64,308205.81,337,0.04002501563477173,-599880.3399999999,0.057215437484759504,3368.8303001876175,Monday,0,9
2013-09-03,4126941.12,3701795.41,168,74,0.8035714285714286,184,808,30,412694.21,184,0.03712871287128713,425145.70999999996,0.10000002374640131,5107.600396039604,Tuesday,0,9
2013-09-04,5401049.96,4808183.3,196,82,0.8418367346938775,217,964,44,540105.06,217,0.04564315352697095,592866.6600000001,0.10000001184954788,5602.748921161826,Wednesday,0,9
2013-09-05,3168900.6,2729766.04,118,65,0.7542372881355932,127,585,36,316890.04,127,0.06153846153846154,439134.56000000006,0.09999999368866287,5416.924102564103,Thursday,0,9
2013-09-06,2705040.33,2367475.06,114,54,0.8596491228070176,128,567,36,270504.08,128,0.06349206349206349,337565.27,0.10000001737497201,4770.794232804233,Friday,0,9
2013-09-07,2468479.29,2187848.67,113,46,0.7964601769911505,124,524,14,246847.9,124,0.026717557251908396,280630.6200000001,0.09999998825187631,4710.8383396946565,Saturday,1,9
2013-09-08,3056823.21,2611808.27,130,63,0.8,144,664,12,305682.33,144,0.018072289156626505,445014.93999999994,0.10000000294423309,4603.649412650602,Sunday,1,9
2013-09-09,3771227.87,3399993.99,144,67,0.7986111111111112,157,702,12,377122.81,157,0.017094017094017096,371233.8799999999,0.10000000609880941,5372.119472934473,Monday,0,9
2013-09-10,5357130.97,4737093.81,220,86,0.8409090909090909,240,1050,35,535713.16,240,0.03333333333333333,620037.1600000001,0.10000001176002611,5102.029495238095,Tuesday,0,9
2013-09-11,4636476.74,4075727.91,168,71,0.8035714285714286,185,845,17,463647.79,185,0.020118343195266272,560748.8300000001,0.1000000250189975,5486.954721893491,Wednesday,0,9
2013-09-12,3865949.23,3502787.78,149,62,0.7919463087248322,162,698,15,386594.95,162,0.02148997134670487,363161.4500000002,0.10000000698405448,5538.609212034384,Thursday,0,9
2013-09-13,3034568.95,2783517.1,125,50,0.808,133,561,15,303456.97,133,0.026737967914438502,251051.8500000001,0.10000002471520707,5409.213814616756,Friday,0,9
2013-09-14,3664631.38,3289032.18,155,60,0.7935483870967742,164,780,28,366463.11,164,0.035897435897435895,375599.1999999997,0.09999999235939523,4698.245358974359,Saturday,1,9
2013-09-15,3078369.62,2753095.6,128,52,0.765625,144,631,38,307837.02,144,0.060221870047543584,325274.02,0.10000001884114228,4878.557242472267,Sunday,1,9
2013-09-16,3927167.34,3489729.16,164,68,0.8597560975609756,189,878,29,392716.73,189,0.03302961275626424,437438.1799999997,0.09999999898145415,4472.855740318906,Monday,0,9
2013-09-17,5410121.46,4728526.43,241,104,0.7966804979253111,264,1198,48,541012.17,264,0.04006677796327212,681595.0300000003,0.10000000443612962,4515.961151919866,Tuesday,0,9
2013-09-18,4460453.69,3992756.75,186,78,0.7741935483870968,207,939,38,446045.32,207,0.04046858359957402,467696.9400000004,0.0999999890145704,4750.216922257721,Wednesday,0,9
2013-09-19,2995364.48,2599191.98,140,72,0.7642857142857142,153,633,8,299536.44,153,0.01263823064770932,396172.5,0.0999999973292065,4732.013396524487,Thursday,0,9
2013-09-20,3316913.08,3045593.87,150,73,0.8266666666666667,162,677,38,331691.33,162,0.056129985228951254,271319.20999999996,0.10000000663267306,4899.428478581979,Friday,0,9
2013-09-21,3799564.88,3399323.86,143,75,0.8041958041958042,156,733,26,379956.53,156,0.03547066848567531,400241.02,0.10000001105389732,5183.581009549795,Saturday,1,9
2013-09-22,3243304.2,2980813.06,137,59,0.7883211678832117,149,653,24,324330.44,149,0.036753445635528334,262491.14000000013,0.10000000616655076,4966.775191424196,Sunday,1,9
2013-09-23,4426354.9,3977701.82,182,81,0.7967032967032966,196,935,37,442635.51,196,0.039572192513368985,448653.08000000054,0.10000000451839051,4734.069411764706,Monday,0,9
2013-09-24,4673257.46,4051335.39,226,93,0.7787610619469026,255,1090,38,467325.83,255,0.03486238532110092,621922.0699999998,0.10000001797461422,4287.392165137615,Tuesday,0,9
2013-09-25,4851490.55,4336304.71,200,98,0.79,234,1078,18,485149.08,234,0.016697588126159554,515185.83999999985,0.10000000515305549,4500.455055658627,Wednesday,0,9
2013-09-26,4120039.5,3761711.17,163,64,0.8098159509202454,174,813,54,412003.99,174,0.06642066420664207,358328.3300000001,0.10000000970864478,5067.6992619926195,Thursday,0,9
2013-09-27,4676571.41,4202205.54,217,108,0.8110599078341014,239,1121,53,467657.14,239,0.04727921498661909,474365.8700000001,0.09999999978616814,4171.78537912578,Friday,0,9
2013-09-28,7035889.97,6246182.51,343,158,0.8046647230320699,398,1841,77,703589.09,398,0.04182509505703422,789707.46,0.10000001321794405,3821.7761922868003,Saturday,1,9
2013-09-29,5087376.98,4359895.07,270,120,0.8148148148148148,324,1427,86,508737.73,324,0.060266292922214436,727481.9100000001,0.10000000629007838,3565.0854800280313,Sunday,1,9
2013-09-30,5768935.23,5117966.77,276,131,0.7971014492753623,314,1341,91,523499.57,314,0.06785980611483967,650968.4600000009,0.09074457402081111,4301.965123042506,Monday,0,9
2013-10-01,5389130.81,4591599.54,253,108,0.8142292490118577,287,1226,85,421743.0,287,0.06933115823817292,797531.2699999996,0.0782580744222091,4395.702128874388,Tuesday,0,10
2013-10-02,5393969.29,4651419.05,221,99,0.8144796380090498,251,1176,53,340634.74,251,0.045068027210884355,742550.2400000002,0.0631510343656406,4586.708579931973,Wednesday,0,10
2013-10-03,2026611.74,1672946.51,71,32,0.8028169014084507,82,334,12,0.0,82,0.03592814371257485,353665.23,0.0,6067.699820359281,Thursday,0,10
2013-10-04,2912944.43,2284930.64,99,49,0.8181818181818182,113,515,18,0.0,113,0.03495145631067961,628013.79,0.0,5656.2027766990295,Friday,0,10
2013-10-05,2463961.82,1952842.64,93,37,0.8172043010752689,109,475,28,0.0,109,0.05894736842105263,511119.17999999993,0.0,5187.288042105263,Saturday,1,10
2013-10-06,2875234.12,2170808.86,107,52,0.8037383177570093,117,544,10,0.0,117,0.01838235294117647,704425.2600000002,0.0,5285.356838235294,Sunday,1,10
2013-10-07,2084519.3,1674894.34,90,43,0.8111111111111111,102,438,15,0.0,102,0.03424657534246575,409624.95999999996,0.0,4759.176484018265,Monday,0,10
2013-10-08,2982770.86,2404722.52,116,54,0.853448275862069,127,589,26,0.0,127,0.044142614601018676,578048.3399999999,0.0,5064.127096774193,Tuesday,0,10
2013-10-09,3524600.98,2822967.5,146,56,0.7602739726027398,170,741,44,0.0,170,0.059379217273954114,701633.48,0.0,4756.546531713901,Wednesday,0,10
2013-10-10,4018321.34,3267316.51,144,64,0.7708333333333334,155,677,47,0.0,155,0.06942392909896603,751004.8300000001,0.0,5935.482038404726,Thursday,0,10
2013-10-11,1938342.36,1556262.82,90,41,0.8444444444444444,100,395,11,0.0,100,0.027848101265822784,382079.54000000004,0.0,4907.195848101266,Friday,0,10
2013-10-12,3170838.37,2562812.71,115,50,0.8521739130434782,125,581,39,0.0,125,0.06712564543889846,608025.6600000001,0.0,5457.553132530121,Saturday,1,10
2013-10-13,3719451.39,2946745.46,132,71,0.7803030303030303,152,676,26,0.0,152,0.038461538461538464,772705.9300000002,0.0,5502.147026627219,Sunday,1,10
2013-10-14,3097590.81,2398025.79,119,59,0.7983193277310925,136,617,41,0.0,136,0.06645056726094004,699565.02,0.0,5020.4064991896275,Monday,0,10
2013-10-15,4062456.23,3281418.54,155,70,0.8064516129032258,181,824,41,0.0,181,0.04975728155339806,781037.69,0.0,4930.165327669903,Tuesday,0,10
2013-10-16,4801027.51,3944302.72,190,84,0.8105263157894737,222,1008,43,0.0,222,0.04265873015873016,856724.7899999996,0.0,4762.924117063491,Wednesday,0,10
2013-10-17,3348412.32,2713865.33,149,60,0.7919463087248322,180,779,36,0.0,180,0.04621309370988447,634546.9899999998,0.0,4298.347008985879,Thursday,0,10
2013-10-18,3238854.55,2560313.88,139,60,0.8920863309352518,160,719,39,0.0,160,0.054242002781641166,678540.6699999999,0.0,4504.6655771905425,Friday,0,10
2013-10-19,3376648.2,2769325.22,138,66,0.7246376811594203,161,707,35,0.0,161,0.04950495049504951,607322.98,0.0,4776.022913719944,Saturday,1,10
2013-10-20,2888479.98,2302148.44,143,69,0.8181818181818182,164,687,18,0.0,164,0.026200873362445413,586331.54,0.0,4204.483231441048,Sunday,1,10
2013-10-21,3409990.75,2751364.44,130,52,0.8153846153846154,145,663,26,0.0,145,0.0392156862745098,658626.31,0.0,5143.2741327300155,Monday,0,10
2013-10-22,3932052.89,3189287.97,173,82,0.7745664739884393,193,782,35,0.0,193,0.04475703324808184,742764.9199999999,0.0,5028.2006265984655,Tuesday,0,10
2013-10-23,4895108.72,3861527.06,193,101,0.7150259067357513,222,996,23,0.0,222,0.023092369477911646,1033581.6599999997,0.0,4914.767791164659,Wednesday,0,10
2013-10-24,4333852.18,3403031.49,170,76,0.8588235294117647,189,797,2,0.0,189,0.002509410288582183,930820.6899999995,0.0,5437.706624843161,Thursday,0,10
2013-10-25,3503713.92,2743366.59,126,59,0.8095238095238095,146,682,31,0.0,146,0.045454545454545456,760347.3300000001,0.0,5137.410439882698,Friday,0,10
2013-10-26,2923604.47,2331573.03,116,53,0.7672413793103449,136,643,56,0.0,136,0.08709175738724728,592031.4400000004,0.0,4546.818771384137,Saturday,1,10
2013-10-27,2949737.88,2365410.99,115,51,0.8260869565217391,124,541,28,0.0,124,0.051756007393715345,584326.8899999997,0.0,5452.3805545286505,Sunday,1,10
2013-10-28,3235799.73,2588267.2,133,57,0.8571428571428571,148,682,34,0.0,148,0.04985337243401759,647532.5299999998,0.0,4744.5743841642225,Monday,0,10
2013-10-29,5981959.98,4833162.34,274,113,0.8321167883211679,310,1335,80,0.0,310,0.0599250936329588,1148797.6400000006,0.0,4480.868898876405,Tuesday,0,10
2013-10-30,6960811.52,5563340.73,303,131,0.7722772277227723,346,1493,86,0.0,346,0.05760214333556597,1397470.789999999,0.0,4662.298405894173,Wednesday,0,10
2013-10-31,5649038.29,4525813.51,247,105,0.8380566801619433,280,1238,114,0.0,280,0.09208400646203554,1123224.7800000003,0.0,4563.035775444265,Thursday,0,10
2013-11-01,4823330.61,3780905.84,213,91,0.8403755868544601,252,1138,62,0.0,252,0.054481546572934976,1042424.7700000005,0.0,4238.427601054482,Friday,0,11
2013-11-02,4871579.51,3874376.58,193,85,0.8082901554404145,222,1002,45,0.0,222,0.04491017964071856,997202.9299999997,0.0,4861.855798403193,Saturday,1,11
2013-11-03,2310551.56,1894570.42,85,39,0.8117647058823529,92,412,22,0.0,92,0.05339805825242718,415981.14000000013,0.0,5608.134854368932,Sunday,1,11
2013-11-04,2638652.15,2128739.96,110,46,0.7454545454545455,128,585,44,0.0,128,0.07521367521367521,509912.18999999994,0.0,4510.516495726495,Monday,0,11
2013-11-05,3529966.51,2818098.89,124,56,0.7983870967741935,137,673,44,0.0,137,0.06537890044576523,711867.6199999996,0.0,5245.121114413076,Tuesday,0,11
2013-11-06,2440647.75,1890461.99,105,43,0.7523809523809524,120,540,39,0.0,120,0.07222222222222222,550185.76,0.0,4519.718055555555,Wednesday,0,11
2013-11-07,2145217.46,1755584.37,88,37,0.7386363636363636,108,478,19,0.0,108,0.0397489539748954,389633.08999999985,0.0,4487.902635983263,Thursday,0,11
2013-11-08,2200221.02,1790704.8,93,41,0.7634408602150538,102,469,21,0.0,102,0.04477611940298507,409516.22,0.0,4691.302814498934,Friday,0,11
2013-11-09,2018930.67,1594615.53,91,50,0.7472527472527473,104,483,32,0.0,104,0.06625258799171843,424315.1399999999,0.0,4179.980683229814,Saturday,1,11
2013-11-10,2722218.97,2099682.78,121,59,0.8181818181818182,143,640,38,0.0,143,0.059375,622536.1900000004,0.0,4253.467140625,Sunday,1,11
2013-11-11,3495969.18,2676318.51,153,74,0.8169934640522876,170,815,50,0.0,170,0.06134969325153374,819650.6700000004,0.0,4289.532736196319,Monday,0,11
2013-11-12,5162437.56,3979066.87,224,94,0.8169642857142857,260,1166,43,0.0,260,0.03687821612349914,1183370.6899999995,0.0,4427.476466552315,Tuesday,0,11
2013-11-13,4681263.25,3622930.35,171,75,0.7719298245614035,211,943,33,0.0,211,0.03499469777306469,1058332.9,0.0,4964.224019088017,Wednesday,0,11
2013-11-14,3118904.74,2460188.52,122,51,0.8114754098360656,144,630,30,0.0,144,0.047619047619047616,658716.2200000002,0.0,4950.642444444445,Thursday,0,11
2013-11-15,3370811.62,2719077.99,128,58,0.8203125,153,701,52,0.0,153,0.07417974322396577,651733.6299999999,0.0,4808.57577746077,Friday,0,11
2013-11-16,3365890.12,2733920.22,141,56,0.8581560283687943,171,804,46,0.0,171,0.05721393034825871,631969.8999999999,0.0,4186.430497512438,Saturday,1,11
2013-11-17,2416530.15,1906202.04,104,50,0.8173076923076923,125,604,33,0.0,125,0.054635761589403975,510328.10999999987,0.0,4000.8777317880795,Sunday,1,11
2013-11-18,2109164.6,1778409.36,108,46,0.8055555555555556,120,514,43,86845.2,120,0.08365758754863813,330755.24,0.041175164802216,4103.433073929961,Monday,0,11
2013-11-19,3237660.32,2746026.34,178,81,0.8146067415730337,210,902,39,174384.54,210,0.043237250554323724,491633.98,0.05386128338503405,3589.423858093126,Tuesday,0,11
2013-11-20,3321114.32,2983892.23,155,62,0.8129032258064516,176,744,17,339354.71,176,0.0228494623655914,337222.08999999985,0.10218097822058712,4463.863333333333,Wednesday,0,11
2013-11-21,2595234.4,2362389.95,119,67,0.7647058823529411,139,618,23,377402.14,139,0.0372168284789644,232844.44999999972,0.14542121513185863,4199.408414239482,Thursday,0,11
2013-11-22,2550262.64,2542345.82,106,54,0.8490566037735849,117,551,23,510052.57,117,0.041742286751361164,7916.820000000298,0.20000001646889198,4628.425843920146,Friday,0,11
2013-11-23,2054330.57,2011741.48,102,47,0.7549019607843137,116,528,20,410866.14,116,0.03787878787878788,42589.090000000084,0.20000001265619097,3890.77759469697,Saturday,1,11
2013-11-24,2519706.85,2537974.67,142,68,0.795774647887324,173,798,62,503941.38,173,0.07769423558897243,-18267.819999999832,0.20000000396871565,3157.527380952381,Sunday,1,11
2013-11-25,2406331.38,2358037.25,138,74,0.8115942028985508,169,719,21,481266.28,169,0.02920723226703755,48294.12999999989,0.20000000166228146,3346.7752155771905,Monday,0,11
2013-11-26,3107204.99,3083734.78,198,90,0.8383838383838383,237,1075,46,621441.01,237,0.04279069767441861,23470.21000000043,0.20000000386199174,2890.423246511628,Tuesday,0,11
2013-11-27,3123410.59,3027393.58,192,82,0.796875,229,1065,48,624682.13,229,0.04507042253521127,96017.00999999978,0.20000000384195407,2932.779896713615,Wednesday,0,11
2013-11-28,3580033.44,3514991.8,209,94,0.7751196172248804,257,1149,36,716006.73,257,0.031331592689295036,65041.64000000013,0.20000001173173398,3115.7819321148822,Thursday,0,11
2013-11-29,1768057.43,1773822.57,134,62,0.8283582089552238,169,781,30,353611.52,169,0.03841229193341869,-5765.14000000013,0.2000000192301446,2263.8379385403327,Friday,0,11
2013-11-30,2685677.46,2672025.29,192,78,0.7916666666666666,230,1058,100,537135.5,230,0.0945179584120983,13652.169999999925,0.20000000297876425,2538.447504725898,Saturday,1,11
2013-12-01,2391698.09,2420438.06,163,77,0.803680981595092,195,891,40,478339.64,195,0.04489337822671156,-28739.970000000205,0.20000000919848543,2684.2851739618404,Sunday,1,12
2013-12-02,2263746.75,2226485.61,123,58,0.7398373983739838,139,639,24,452749.26,139,0.03755868544600939,37261.14000000013,0.19999996024290262,3542.639671361502,Monday,0,12
2013-12-03,1933337.47,1904782.57,127,57,0.8110236220472441,148,629,62,386667.48,148,0.0985691573926868,28554.899999999907,0.19999999275863617,3073.6684737678856,Tuesday,0,12
2013-12-04,2924599.17,2877557.67,161,77,0.8198757763975155,186,857,74,584919.82,186,0.08634772462077013,47041.5,0.1999999952130192,3412.601131855309,Wednesday,0,12
2013-12-05,2231578.75,2246889.53,121,61,0.8016528925619835,138,630,20,446315.68,138,0.031746031746031744,-15310.779999999795,0.1999999686320727,3542.188492063492,Thursday,0,12
2013-12-06,1718341.54,1744505.5,103,56,0.8446601941747572,127,553,33,343668.35,127,0.059674502712477394,-26163.959999999963,0.2000000244421723,3107.308390596745,Friday,0,12
2013-12-07,1444180.43,1408359.66,98,45,0.7857142857142857,118,515,15,288836.09,118,0.02912621359223301,35820.77000000002,0.20000000276973703,2804.233844660194,Saturday,1,12
2013-12-08,1714762.98,1677034.75,106,43,0.8018867924528302,134,664,10,342952.61,134,0.015060240963855422,37728.22999999998,0.20000000816439364,2582.4743674698793,Sunday,1,12
2013-12-09,1959405.6,1928205.78,128,62,0.8125,155,698,7,391881.14,155,0.01002865329512894,31199.820000000065,0.20000001020717711,2807.171346704871,Monday,0,12
2013-12-10,2256213.74,2198430.55,165,76,0.7878787878787878,201,875,70,451242.76,201,0.08,57783.19000000041,0.200000005318645,2578.529988571429,Tuesday,0,12
2013-12-11,3016597.65,3024225.14,186,82,0.8333333333333334,222,1062,74,603319.51,222,0.0696798493408663,-7627.4900000002235,0.19999999337001406,2840.487429378531,Wednesday,0,12
2013-12-12,2988571.87,2946591.17,195,82,0.8102564102564103,247,1099,20,597714.37,247,0.018198362147406732,41980.700000000186,0.19999999866156806,2719.355659690628,Thursday,0,12
2013-12-13,2131538.29,2083673.81,146,58,0.8082191780821918,170,744,39,426307.65,170,0.05241935483870968,47864.47999999998,0.199999996246842,2864.970819892473,Friday,0,12
2013-12-14,2245758.87,2305729.18,157,75,0.8089171974522293,187,854,44,449151.79,187,0.05152224824355972,-59970.310000000056,0.20000000712454047,2629.6942271662765,Saturday,1,12
2013-12-15,2154695.59,2095032.07,170,79,0.8647058823529412,211,943,9,430939.12,211,0.009544008483563097,59663.519999999786,0.20000000092820538,2284.9369989395545,Sunday,1,12
2013-12-16,2694197.04,2720062.14,182,78,0.8571428571428571,220,1010,42,538839.38,220,0.041584158415841586,-25865.100000000093,0.19999998960729315,2667.5218217821784,Monday,0,12
2013-12-17,3167410.81,3021649.06,209,97,0.7894736842105263,261,1183,47,633482.19,261,0.039729501267962805,145761.75,0.2000000088400279,2677.4393998309383,Tuesday,0,12
2013-12-18,3189533.36,3219583.56,231,113,0.8138528138528138,297,1370,86,637906.72,297,0.06277372262773723,-30050.200000000186,0.20000001504922338,2328.1265401459855,Wednesday,0,12
2013-12-19,3062553.19,2981811.67,233,115,0.8412017167381974,292,1253,30,612510.67,292,0.023942537909018357,80741.52000000002,0.20000001044879814,2444.1765283320033,Thursday,0,12
2013-12-20,2500743.7,2516358.41,175,86,0.7942857142857143,222,980,35,500148.77,222,0.03571428571428571,-15614.709999999963,0.2000000119964313,2551.779285714286,Friday,0,12
2013-12-21,3213344.27,3159953.94,243,119,0.7860082304526749,305,1352,63,642668.84,305,0.04659763313609468,53390.330000000075,0.19999999564316834,2376.733927514793,Saturday,1,12
2013-12-22,3476225.97,3458589.82,288,133,0.8229166666666666,346,1512,24,695245.16,346,0.015873015873015872,17636.150000000373,0.19999999021927795,2299.09125,Sunday,1,12
2013-12-23,2932660.62,2856672.71,267,117,0.7752808988764045,341,1510,86,586532.11,341,0.05695364238410596,75987.91000000015,0.19999999522617792,1942.1593509933775,Monday,0,12
2013-12-24,2629786.52,2542278.8,222,106,0.7612612612612613,280,1326,45,525957.3,280,0.033936651583710405,87507.7200000002,0.199999998478964,1983.2477526395173,Tuesday,0,12
2013-12-25,3807864.44,3711704.9,293,126,0.8156996587030717,360,1614,59,761572.92,360,0.036555142503097895,96159.54000000004,0.20000000840366053,2359.271648079306,Wednesday,0,12
2013-12-26,3278628.42,3269160.78,255,107,0.807843137254902,315,1467,60,655725.75,315,0.0408997955010225,9467.64000000013,0.20000002013036902,2234.9205316973416,Thursday,0,12
2013-12-27,1853472.36,1854636.14,159,77,0.8050314465408805,198,909,5,370694.45,198,0.005500550055005501,-1163.779999999795,0.1999999881303868,2039.023498349835,Friday,0,12
2013-12-28,3547336.16,3487806.62,286,123,0.7622377622377622,379,1665,103,709467.22,379,0.061861861861861864,59529.54000000004,0.1999999966171799,2130.532228228228,Saturday,1,12
2013-12-29,6516622.75,6506519.56,529,220,0.8204158790170132,678,3017,126,1303324.47,678,0.04176334106728538,10103.19000000041,0.19999998772370242,2159.967765992708,Sunday,1,12
2013-12-30,5792994.45,5695206.04,473,199,0.8054968287526427,611,2751,108,1152615.24,611,0.03925845147219193,97788.41000000015,0.19896708860130186,2105.777699018539,Monday,0,12
2013-12-31,6247467.59,6080338.22,472,218,0.7944915254237288,596,2676,148,1127720.13,596,0.05530642750373692,167129.3700000001,0.18050836018822786,2334.629144245142,Tuesday,0,12
2014-01-01,5743739.48,5563113.31,446,205,0.820627802690583,573,2473,79,965252.99,573,0.03194500606550748,180626.17000000086,0.16805305904995535,2322.579652244238,Wednesday,0,1
2014-01-02,3787850.5,3666330.68,282,124,0.8333333333333334,363,1726,79,632927.48,363,0.04577056778679027,121519.81999999983,0.16709410257875806,2194.5831402085746,Thursday,0,1
2014-01-03,2354832.6,1871645.41,88,44,0.7727272727272727,110,513,31,0.0,110,0.06042884990253411,483187.1900000002,0.0,4590.316959064327,Friday,0,1
2014-01-04,2243604.06,1747621.88,109,48,0.7889908256880734,132,565,29,0.0,132,0.05132743362831858,495982.18000000017,0.0,3970.9806371681416,Saturday,1,1
2014-01-05,2361866.5,1851453.14,105,48,0.7714285714285715,121,550,30,0.0,121,0.05454545454545454,510413.3600000001,0.0,4294.302727272728,Sunday,1,1
2014-01-06,2639202.87,2146455.69,128,65,0.8359375,156,685,23,0.0,156,0.033576642335766425,492747.18000000017,0.0,3852.8509051094893,Monday,0,1
2014-01-07,3437125.39,2809411.95,137,56,0.781021897810219,158,762,50,0.0,158,0.06561679790026247,627713.44,0.0,4510.663241469816,Tuesday,0,1
2014-01-08,2250519.73,1808614.16,89,38,0.8314606741573034,102,442,10,0.0,102,0.02262443438914027,441905.57000000007,0.0,5091.673597285067,Wednesday,0,1
2014-01-09,2214274.18,1884156.18,89,44,0.7752808988764045,105,449,8,0.0,105,0.017817371937639197,330118.00000000023,0.0,4931.568329621381,Thursday,0,1
2014-01-10,1886360.71,1560748.05,72,24,0.75,83,384,19,0.0,83,0.049479166666666664,325612.6599999999,0.0,4912.397682291667,Friday,0,1
2014-01-11,2550841.93,2031865.95,95,45,0.8421052631578947,108,453,6,0.0,108,0.013245033112582781,518975.9800000002,0.0,5630.997637969095,Saturday,1,1
2014-01-12,2172729.29,1773388.32,79,28,0.810126582278481,94,452,20,0.0,94,0.04424778761061947,399340.97,0.0,4806.923207964602,Sunday,1,1
2014-01-13,2467719.52,1991302.84,104,44,0.7692307692307693,126,570,18,0.0,126,0.031578947368421054,476416.67999999993,0.0,4329.3324912280705,Monday,0,1
2014-01-14,3356963.59,2731972.75,133,60,0.849624060150376,155,685,29,0.0,155,0.042335766423357665,624990.8399999999,0.0,4900.676773722627,Tuesday,0,1
2014-01-15,3637788.72,2842296.43,127,55,0.8031496062992126,142,687,55,0.0,142,0.08005822416302766,795492.29,0.0,5295.1800873362445,Wednesday,0,1
2014-01-16,2005770.41,1635446.76,83,38,0.8554216867469879,92,390,21,0.0,92,0.05384615384615385,370323.6499999999,0.0,5143.001051282051,Thursday,0,1
2014-01-17,2464459.86,2002144.2,89,42,0.7640449438202247,102,481,17,0.0,102,0.035343035343035345,462315.6599999999,0.0,5123.617172557172,Friday,0,1
2014-01-18,1718246.3,1332157.65,87,33,0.8045977011494253,108,491,20,0.0,108,0.04073319755600815,386088.65000000014,0.0,3499.4832993890022,Saturday,1,1
2014-01-19,2453121.94,1918965.99,106,41,0.8207547169811321,122,550,41,0.0,122,0.07454545454545454,534155.95,0.0,4460.221709090909,Sunday,1,1
2014-01-20,3133739.97,2422846.03,123,55,0.8048780487804879,141,690,73,0.0,141,0.10579710144927536,710893.9400000004,0.0,4541.6521304347825,Monday,0,1
2014-01-21,3590697.9,2848601.86,152,76,0.7763157894736842,175,769,31,0.0,175,0.04031209362808843,742096.04,0.0,4669.308062418725,Tuesday,0,1
2014-01-22,3244854.06,2563525.38,126,62,0.8333333333333334,149,690,37,0.0,149,0.0536231884057971,681328.6800000002,0.0,4702.687043478261,Wednesday,0,1
2014-01-23,3187811.81,2528375.63,115,65,0.7565217391304347,128,607,21,0.0,128,0.03459637561779242,659436.1800000002,0.0,5251.749275123559,Thursday,0,1
2014-01-24,1812010.8,1397879.36,98,43,0.7653061224489796,112,447,34,0.0,112,0.07606263982102908,414131.43999999994,0.0,4053.715436241611,Friday,0,1
2014-01-25,2221742.74,1777122.99,99,37,0.797979797979798,116,484,29,0.0,116,0.05991735537190083,444619.75000000023,0.0,4590.377561983471,Saturday,1,1
2014-01-26,2002533.83,1553846.68,85,37,0.8117647058823529,100,442,41,0.0,100,0.09276018099547512,448687.15000000014,0.0,4530.619524886878,Sunday,1,1
2014-01-27,2983790.31,2360438.19,127,62,0.8031496062992126,142,646,21,0.0,142,0.032507739938080496,623352.1200000001,0.0,4618.870448916408,Monday,0,1
2014-01-28,5411096.61,4320849.3,222,102,0.7927927927927928,254,1167,76,0.0,254,0.06512425021422451,1090247.3100000005,0.0,4636.758020565553,Tuesday,0,1
2014-01-29,4892083.36,3928929.64,219,107,0.8036529680365296,260,1201,58,0.0,260,0.04829308909242298,963153.7200000002,0.0,4073.341681931724,Wednesday,0,1
2014-01-30,3844256.32,3007196.76,168,82,0.7738095238095238,194,880,48,0.0,194,0.05454545454545454,837059.56,0.0,4368.47309090909,Thursday,0,1
2014-01-31,3732079.59,2938223.15,169,74,0.8402366863905325,197,794,36,0.0,197,0.04534005037783375,793856.44,0.0,4700.352128463476,Friday,0,1
2014-02-01,3825094.63,3049434.19,149,74,0.825503355704698,167,764,43,0.0,167,0.056282722513089,775660.44,0.0,5006.668363874345,Saturday,1,2
2014-02-02,2382294.19,1885054.33,109,48,0.8440366972477065,123,532,45,0.0,123,0.08458646616541353,497239.85999999987,0.0,4477.996597744361,Sunday,1,2
2014-02-03,2051412.93,1563684.31,95,47,0.7789473684210526,107,492,28,0.0,107,0.056910569105691054,487728.6199999999,0.0,4169.538475609756,Monday,0,2
2014-02-04,2787111.54,2197609.21,116,55,0.7758620689655172,130,580,41,0.0,130,0.0706896551724138,589502.3300000001,0.0,4805.364724137931,Tuesday,0,2
2014-02-05,2599325.56,2019260.92,104,39,0.7884615384615384,121,563,18,0.0,121,0.03197158081705151,580064.6400000001,0.0,4616.919289520426,Wednesday,0,2
2014-02-06,2415914.42,1966150.9,84,35,0.8571428571428571,96,432,8,0.0,96,0.018518518518518517,449763.52,0.0,5592.39449074074,Thursday,0,2
2014-02-07,3381887.13,2654650.93,121,41,0.7851239669421488,140,636,22,0.0,140,0.03459119496855346,727236.1999999997,0.0,5317.4325943396225,Friday,0,2
2014-02-08,2907660.51,2328115.15,99,36,0.7575757575757576,111,526,19,0.0,111,0.03612167300380228,579545.3599999999,0.0,5527.871692015208,Saturday,1,2
2014-02-09,2947940.87,2410207.36,119,53,0.7899159663865546,137,584,28,0.0,137,0.04794520547945205,537733.5100000002,0.0,5047.843955479452,Sunday,1,2
2014-02-10,3705563.44,2772562.54,126,61,0.8015873015873016,144,706,16,0.0,144,0.0226628895184136,933000.8999999999,0.0,5248.67342776204,Monday,0,2
2014-02-11,4637151.61,3649526.8,155,80,0.7741935483870968,175,843,48,0.0,175,0.05693950177935943,987624.8100000005,0.0,5500.7729655990515,Tuesday,0,2
2014-02-12,3457342.17,2728834.4,138,58,0.8188405797101449,160,706,16,0.0,160,0.0226628895184136,728507.77,0.0,4897.085226628895,Wednesday,0,2
2014-02-13,3190217.92,2601375.48,120,56,0.7916666666666666,140,640,2,0.0,140,0.003125,588842.44,0.0,4984.7155,Thursday,0,2
2014-02-14,2632487.0,2058838.35,112,43,0.7767857142857143,126,523,17,0.0,126,0.032504780114722756,573648.6499999999,0.0,5033.435946462715,Friday,0,2
2014-02-15,2873057.42,2155414.19,117,50,0.8461538461538461,129,571,26,0.0,129,0.04553415061295972,717643.23,0.0,5031.624203152364,Saturday,1,2
2014-02-16,3990264.22,3220526.51,141,55,0.7446808510638298,156,750,15,0.0,156,0.02,769737.7100000004,0.0,5320.352293333333,Sunday,1,2
2014-02-17,3757742.25,3005221.34,163,71,0.7239263803680982,180,794,35,0.0,180,0.04408060453400504,752520.9100000001,0.0,4732.672858942065,Monday,0,2
2014-02-18,4902775.35,3900047.01,185,86,0.8,210,969,39,0.0,210,0.04024767801857585,1002728.3399999999,0.0,5059.623684210526,Tuesday,0,2
2014-02-19,4469573.84,3530912.16,163,71,0.7914110429447853,186,832,29,0.0,186,0.03485576923076923,938661.6799999997,0.0,5372.083942307692,Wednesday,0,2
2014-02-20,3050037.65,2452045.97,120,62,0.7666666666666667,139,616,30,0.0,139,0.048701298701298704,597991.6799999997,0.0,4951.359821428571,Thursday,0,2
2014-02-21,3394380.68,2732646.22,146,67,0.7808219178082192,164,717,31,0.0,164,0.043235704323570434,661734.46,0.0,4734.143207810321,Friday,0,2
2014-02-22,4262143.74,3402076.06,160,86,0.86875,181,851,10,0.0,181,0.011750881316098707,860067.6800000002,0.0,5008.394524089307,Saturday,1,2
2014-02-23,3997442.72,3186343.91,167,69,0.7664670658682635,187,773,25,0.0,187,0.03234152652005175,811098.81,0.0,5171.335989650712,Sunday,1,2
2014-02-24,4743111.4,3834496.32,191,83,0.8167539267015707,213,983,67,0.0,213,0.0681586978636826,908615.0800000005,0.0,4825.138758901323,Monday,0,2
2014-02-25,6869199.08,5572490.58,279,121,0.8351254480286738,323,1499,58,0.0,323,0.038692461641094064,1296708.5,0.0,4582.521067378252,Tuesday,0,2
2014-02-26,7766238.39,6157127.45,323,145,0.8018575851393189,373,1649,77,0.0,373,0.046694966646452396,1609110.9399999995,0.0,4709.665488174651,Wednesday,0,2
2014-02-27,5932389.78,4717814.02,245,109,0.8367346938775511,272,1195,60,0.0,272,0.0502092050209205,1214575.7600000007,0.0,4964.342912133891,Thursday,0,2
2014-02-28,5511196.67,4511480.57,209,99,0.8181818181818182,238,1110,42,0.0,238,0.03783783783783784,999716.0999999996,0.0,4965.042045045045,Friday,0,2
2014-03-01,4400079.49,3611872.46,190,87,0.7789473684210526,213,950,46,0.0,213,0.04842105263157895,788207.0300000003,0.0,4631.662621052632,Saturday,1,3
2014-03-02,4943352.33,3968450.0,197,89,0.8477157360406091,219,942,43,0.0,219,0.045647558386411886,974902.3300000001,0.0,5247.720095541401,Sunday,1,3
2014-03-03,3637156.46,2881941.03,123,55,0.7723577235772358,131,595,55,0.0,131,0.09243697478991597,755215.4300000002,0.0,6112.8679999999995,Monday,0,3
2014-03-04,4742209.79,3846248.96,152,66,0.8223684210526315,164,775,39,0.0,164,0.05032258064516129,895960.8300000001,0.0,6118.980374193548,Tuesday,0,3
2014-03-05,5310211.41,4366670.54,200,110,0.84,219,974,62,0.0,219,0.06365503080082136,943540.8700000001,0.0,5451.962433264887,Wednesday,0,3
2014-03-06,5506734.13,4454685.13,192,88,0.796875,218,1031,24,0.0,218,0.023278370514064017,1052049.0,0.0,5341.158225024248,Thursday,0,3
2014-03-07,3167820.98,2582186.62,117,41,0.7863247863247863,125,580,37,0.0,125,0.06379310344827586,585634.3599999999,0.0,5461.760310344827,Friday,0,3
2014-03-08,3577664.95,2914921.51,124,55,0.8306451612903226,138,646,26,0.0,138,0.04024767801857585,662743.4400000004,0.0,5538.181037151703,Saturday,1,3
2014-03-09,3828277.38,3070464.44,150,64,0.8066666666666666,169,793,23,0.0,169,0.029003783102143757,757812.94,0.0,4827.588121059269,Sunday,1,3
2014-03-10,4725035.68,3759283.28,158,70,0.810126582278481,181,862,37,0.0,181,0.042923433874709975,965752.3999999999,0.0,5481.479907192575,Monday,0,3
2014-03-11,5775004.59,4559934.88,207,87,0.782608695652174,236,1084,52,0.0,236,0.04797047970479705,1215069.71,0.0,5327.495009225092,Tuesday,0,3
2014-03-12,6930320.53,5534691.64,268,130,0.8246268656716418,298,1303,29,0.0,298,0.022256331542594012,1395628.8900000006,0.0,5318.741772831927,Wednesday,0,3
2014-03-13,5304893.97,4244468.26,212,101,0.8254716981132075,245,1076,23,0.0,245,0.02137546468401487,1060425.71,0.0,4930.198856877323,Thursday,0,3
2014-03-14,4544809.4,3647946.39,169,82,0.8165680473372781,186,867,51,0.0,186,0.058823529411764705,896863.0100000002,0.0,5241.994694348328,Friday,0,3
2014-03-15,4691387.16,3744464.98,194,82,0.7680412371134021,219,972,35,0.0,219,0.0360082304526749,946922.1800000002,0.0,4826.53,Saturday,1,3
2014-03-16,5553669.8,4426899.92,230,109,0.8347826086956521,260,1110,31,0.0,260,0.027927927927927927,1126769.88,0.0,5003.306126126126,Sunday,1,3
2014-03-17,6623777.28,5406586.76,256,118,0.83203125,283,1260,44,0.0,283,0.03492063492063492,1217190.5200000005,0.0,5256.9660952380955,Monday,0,3
2014-03-18,5707570.51,4657479.17,242,114,0.7975206611570248,269,1220,20,154844.44,269,0.01639344262295082,1050091.3399999999,0.02712965871007698,4678.3364836065575,Tuesday,0,3
2014-03-19,7282983.0,6147005.74,309,147,0.8252427184466019,345,1510,73,268277.52,345,0.048344370860927154,1135977.2599999998,0.03683621395244229,4823.167549668874,Wednesday,0,3
2014-03-20,6459634.76,5394910.61,268,123,0.8208955223880597,304,1374,37,358459.84,304,0.026928675400291122,1064724.1499999994,0.055492276780057456,4701.335342066957,Thursday,0,3
2014-03-21,4506741.28,3883392.78,198,96,0.803030303030303,220,961,33,319549.35,220,0.03433922996878252,623348.5000000005,0.07090474694389379,4689.637127991676,Friday,0,3
2014-03-22,4682426.76,4390336.24,213,97,0.784037558685446,242,1047,30,561891.17,242,0.02865329512893983,292090.51999999955,0.11999999120114375,4472.231862464183,Saturday,1,3
2014-03-23,5239607.0,4727286.58,245,118,0.8,276,1226,49,628752.83,276,0.0399673735725938,512320.4199999999,0.1199999980914599,4273.741435562806,Sunday,1,3
2014-03-24,5516390.06,5135733.73,248,121,0.8548387096774194,275,1264,73,661966.83,275,0.05775316455696203,380656.32999999914,0.12000000413313774,4364.232642405063,Monday,0,3
2014-03-25,6858764.17,6248964.6,315,130,0.8063492063492064,353,1650,84,823051.75,353,0.05090909090909091,609799.5700000003,0.12000000723162348,4156.82676969697,Tuesday,0,3
2014-03-26,7966063.19,7366934.0,371,174,0.8409703504043127,419,1732,50,955927.6,419,0.028868360277136258,599129.1900000004,0.12000000215915936,4599.343643187067,Wednesday,0,3
2014-03-27,8330175.47,7600114.49,367,165,0.8256130790190735,414,1804,72,999620.97,414,0.03991130820399113,730060.9799999995,0.11999998962806963,4617.613896895787,Thursday,0,3
2014-03-28,5747360.19,5214181.96,275,116,0.7890909090909091,308,1386,31,689683.25,308,0.022366522366522368,533178.2300000004,0.1200000047326075,4146.724523809524,Friday,0,3
2014-03-29,6857129.34,6302802.0,303,134,0.8283828382838284,338,1545,42,822855.55,338,0.027184466019417475,554327.3399999999,0.12000000425834173,4438.271417475728,Saturday,1,3
2014-03-30,12784107.1,11757805.12,577,253,0.8162911611785095,660,3008,116,1534092.92,660,0.03856382978723404,1026301.9800000004,0.12000000531910437,4250.035605053191,Sunday,1,3
2014-03-31,12312523.89,11321960.71,583,261,0.8267581475128645,652,2947,137,1477502.86,652,0.04648795385137428,990563.1799999997,0.1199999994477168,4177.985710892433,Monday,0,3
2014-04-01,12163891.23,11150883.99,554,235,0.8140794223826715,621,2769,144,1459666.75,621,0.05200433369447454,1013007.2400000002,0.11999998375519837,4392.882351029252,Tuesday,0,4
2014-04-02,13046471.25,11843249.22,598,280,0.7775919732441472,655,2951,157,1565576.53,655,0.05320230430362589,1203222.0299999993,0.11999999846701843,4421.033971535073,Wednesday,0,4
2014-04-03,9642469.77,8683847.27,432,197,0.8148148148148148,486,2177,113,1157096.45,486,0.051906293063849335,958622.5,0.1200000080477307,4429.246564079008,Thursday,0,4
2014-04-04,3027057.03,2762337.1,137,63,0.7883211678832117,146,638,4,363246.84,146,0.006269592476489028,264719.9299999997,0.1199999988107261,4744.603495297805,Friday,0,4
2014-04-05,4578612.03,4277766.79,187,88,0.8502673796791443,207,969,35,549433.4,207,0.03611971104231166,300845.2400000002,0.11999999047746354,4725.089814241486,Saturday,1,4
2014-04-06,4749333.13,4416528.48,206,93,0.7815533980582524,228,1027,47,569919.97,228,0.045764362220058426,332804.64999999944,0.11999999882088709,4624.472375851996,Sunday,1,4
2014-04-07,4614814.59,4275798.75,220,100,0.8,246,1118,41,553777.82,246,0.03667262969588551,339015.83999999985,0.12000001499518531,4127.741135957066,Monday,0,4
2014-04-08,6392830.04,5806623.81,264,107,0.7954545454545454,293,1318,30,767139.65,293,0.02276176024279211,586206.2300000004,0.12000000707042104,4850.402154779969,Tuesday,0,4
2014-04-09,6139037.72,5584747.6,261,116,0.7969348659003831,286,1273,38,736684.49,286,0.029850746268656716,554290.1200000001,0.11999999407073199,4822.496245090338,Wednesday,0,4
2014-04-10,5203589.72,4738923.88,220,85,0.7727272727272727,241,1101,38,624430.85,241,0.03451407811080836,464665.83999999985,0.12000001606583234,4726.239527702089,Thursday,0,4
2014-04-11,5105964.56,4552400.07,211,96,0.7962085308056872,238,1076,36,612715.72,238,0.03345724907063197,553564.4899999993,0.11999999467289683,4745.320223048327,Friday,0,4
2014-04-12,5687376.75,5248378.46,260,124,0.7538461538461538,288,1227,22,682485.22,288,0.017929910350448247,438998.29000000004,0.12000000175827985,4635.188875305624,Saturday,1,4
2014-04-13,4945405.38,4494711.75,241,109,0.7925311203319502,276,1166,47,593448.67,276,0.04030874785591767,450693.6299999999,0.1200000049338726,4241.3425214408235,Sunday,1,4
2014-04-14,6921493.59,6054527.76,307,139,0.7882736156351792,352,1602,41,591645.6,352,0.025593008739076155,866965.8300000001,0.08547946946809207,4320.532827715356,Monday,0,4
2014-04-15,7871571.71,6776042.49,356,160,0.7949438202247191,394,1787,53,517012.77999999997,394,0.02965864577504197,1095529.2199999997,0.06568100997456326,4404.9086233911585,Tuesday,0,4
2014-04-16,7912857.96,6785359.76,302,143,0.8079470198675497,342,1567,51,412374.38,342,0.03254626675175495,1127498.2000000002,0.05211446762782533,5049.685998723676,Wednesday,0,4
2014-04-17,5557754.18,4737292.06,208,97,0.8076923076923077,233,1076,26,166464.04,233,0.024163568773234202,820462.1200000001,0.029951673753228145,5165.19905204461,Thursday,0,4
2014-04-18,5700339.67,4462371.41,253,97,0.8023715415019763,284,1287,79,0.0,284,0.061383061383061384,1237968.2599999998,0.0,4429.168352758353,Friday,0,4
2014-04-19,6624958.05,5350753.37,244,115,0.7909836065573771,280,1293,69,0.0,280,0.05336426914153132,1274204.6799999997,0.0,5123.710788863109,Saturday,1,4
2014-04-20,6418388.34,5065177.85,245,93,0.8040816326530612,268,1197,38,0.0,268,0.031746031746031744,1353210.4900000002,0.0,5362.062105263158,Sunday,1,4
2014-04-21,8414591.83,6893636.69,336,155,0.8095238095238095,380,1715,60,0.0,380,0.03498542274052478,1520955.1399999997,0.0,4906.4675393586,Monday,0,4
2014-04-22,10131097.46,8109722.27,397,177,0.7858942065491183,431,1900,47,0.0,431,0.024736842105263158,2021375.1900000013,0.0,5332.1565578947375,Tuesday,0,4
2014-04-23,8191044.84,6573636.73,319,162,0.7899686520376176,348,1599,26,0.0,348,0.016260162601626018,1617408.1099999994,0.0,5122.604652908068,Wednesday,0,4
2014-04-24,6761050.63,5427294.9,262,110,0.816793893129771,290,1237,14,0.0,290,0.01131770412287793,1333755.7299999995,0.0,5465.683613581245,Thursday,0,4
2014-04-25,7297129.72,5878423.04,287,132,0.8118466898954704,313,1382,34,0.0,313,0.024602026049204053,1418706.6799999997,0.0,5280.122807525326,Friday,0,4
2014-04-26,7473782.26,5884034.36,295,131,0.7694915254237288,331,1464,64,0.0,331,0.04371584699453552,1589747.8999999994,0.0,5105.042527322405,Saturday,1,4
2014-04-27,9019804.81,7060147.55,328,163,0.7926829268292683,364,1667,70,0.0,364,0.041991601679664065,1959657.2600000007,0.0,5410.80072585483,Sunday,1,4
2014-04-28,11814441.72,9367036.91,448,186,0.78125,512,2371,70,0.0,512,0.029523407844791228,2447404.8100000005,0.0,4982.894019401097,Monday,0,4
2014-04-29,17347427.27,13752034.86,700,303,0.7814285714285715,782,3503,117,0.0,782,0.033399942906080504,3595392.41,0.0,4952.163080216957,Tuesday,0,4
2014-04-30,13811054.06,10868835.13,549,249,0.8014571948998178,611,2714,99,0.0,611,0.036477523949889464,2942218.9299999997,0.0,5088.818739867354,Wednesday,0,4
2014-05-01,13289875.45,10604429.39,498,235,0.7469879518072289,557,2583,63,0.0,557,0.024390243902439025,2685446.0599999987,0.0,5145.131804103755,Thursday,0,5
2014-05-02,9037359.63,7277515.81,358,149,0.8100558659217877,412,1807,64,0.0,412,0.03541781959048146,1759843.8200000012,0.0,5001.30582733813,Friday,0,5
2014-05-03,8214103.42,6577016.62,304,128,0.7993421052631579,346,1567,61,0.0,346,0.0389278876834716,1637086.7999999998,0.0,5241.929432035737,Saturday,1,5
2014-05-04,2887053.22,2293661.95,93,48,0.7419354838709677,99,462,4,0.0,99,0.008658008658008658,593391.27,0.0,6249.032943722944,Sunday,1,5
2014-05-05,4251113.98,3397014.1,148,66,0.7635135135135135,157,717,24,0.0,157,0.03347280334728033,854099.8800000004,0.0,5929.029260808927,Monday,0,5
2014-05-06,5130961.6,4130431.51,181,80,0.7624309392265194,193,910,12,0.0,193,0.013186813186813187,1000530.0899999999,0.0,5638.41934065934,Tuesday,0,5
2014-05-07,6175024.0,5012292.24,233,102,0.8240343347639485,252,1165,39,0.0,252,0.03347639484978541,1162731.7599999998,0.0,5300.449785407725,Wednesday,0,5
2014-05-08,6845994.59,5424944.1,262,117,0.7862595419847328,287,1302,56,0.0,287,0.043010752688172046,1421050.4900000002,0.0,5258.060360983103,Thursday,0,5
2014-05-09,3896896.85,3172234.57,164,76,0.7621951219512195,183,800,21,0.0,183,0.02625,724662.2800000003,0.0,4871.1210625,Friday,0,5
2014-05-10,5476367.67,4341371.17,203,93,0.7586206896551724,219,951,27,0.0,219,0.028391167192429023,1134996.5,0.0,5758.535930599369,Saturday,1,5
2014-05-11,5960839.36,4817268.38,240,116,0.8,261,1230,20,0.0,261,0.016260162601626018,1143570.9800000004,0.0,4846.210861788618,Sunday,1,5
2014-05-12,6171798.51,4876269.62,244,105,0.7827868852459017,275,1234,28,0.0,275,0.022690437601296597,1295528.8899999997,0.0,5001.457463533225,Monday,0,5
2014-05-13,6357034.06,5124302.35,265,120,0.7735849056603774,296,1344,29,0.0,296,0.021577380952380952,1232731.71,0.0,4729.936056547619,Tuesday,0,5
2014-05-14,8953168.22,7238881.78,339,163,0.8377581120943953,370,1706,38,0.0,370,0.022274325908558032,1714286.4400000004,0.0,5248.047022274326,Wednesday,0,5
2014-05-15,7521179.22,5970183.39,302,137,0.7814569536423841,328,1500,48,0.0,328,0.032,1550995.83,0.0,5014.119479999999,Thursday,0,5
2014-05-16,7254155.54,5828882.18,261,114,0.8160919540229885,294,1310,55,0.0,294,0.04198473282442748,1425273.3600000003,0.0,5537.5233129770995,Friday,0,5
2014-05-17,6473741.19,5173264.38,246,119,0.7926829268292683,271,1194,51,0.0,271,0.04271356783919598,1300476.8100000005,0.0,5421.89379396985,Saturday,1,5
2014-05-18,7502869.16,6017924.93,278,128,0.7877697841726619,305,1432,66,0.0,305,0.046089385474860335,1484944.2300000004,0.0,5239.43377094972,Sunday,1,5
2014-05-19,6717427.22,5373895.24,280,141,0.7785714285714286,310,1449,13,0.0,310,0.008971704623878536,1343531.9799999995,0.0,4635.905603864734,Monday,0,5
2014-05-20,6998009.98,5565704.32,306,135,0.7973856209150327,338,1540,64,0.0,338,0.04155844155844156,1432305.6600000001,0.0,4544.162324675325,Tuesday,0,5
2014-05-21,9232803.8,7257287.25,383,169,0.804177545691906,420,1843,60,0.0,420,0.032555615843733045,1975516.5500000007,0.0,5009.6602278893115,Wednesday,0,5
2014-05-22,8682669.79,6984588.89,338,144,0.8017751479289941,377,1717,24,0.0,377,0.013977868375072802,1698080.8999999994,0.0,5056.883977868374,Thursday,0,5
2014-05-23,6481511.11,5117307.95,264,122,0.7613636363636364,289,1341,22,0.0,289,0.01640566741237882,1364203.1600000001,0.0,4833.341618195377,Friday,0,5
2014-05-24,5624884.34,4535522.53,226,99,0.8230088495575221,247,1085,37,0.0,247,0.034101382488479264,1089361.8099999996,0.0,5184.2251981566815,Saturday,1,5
2014-05-25,7834743.41,6254562.47,285,131,0.8385964912280702,317,1422,28,0.0,317,0.01969057665260197,1580180.9400000004,0.0,5509.664845288326,Sunday,1,5
2014-05-26,7196331.6,5750840.38,295,139,0.8338983050847457,317,1502,53,0.0,317,0.035286284953395475,1445491.2199999997,0.0,4791.166178428762,Monday,0,5
2014-05-27,11197544.52,8926851.08,466,209,0.8068669527896996,525,2398,69,0.0,525,0.028773978315262717,2270693.4399999995,0.0,4669.534829024186,Tuesday,0,5
2014-05-28,14237002.33,11276884.86,613,282,0.799347471451876,682,3057,117,0.0,682,0.038272816486751716,2960117.4700000007,0.0,4657.181004252535,Wednesday,0,5
2014-05-29,12708438.64,10157319.36,558,230,0.8351254480286738,607,2763,82,0.0,607,0.029677886355410785,2551119.280000001,0.0,4599.507289178429,Thursday,0,5
2014-05-30,13573669.01,10729950.95,598,295,0.7809364548494984,665,3022,122,0.0,665,0.04037061548643282,2843718.0600000005,0.0,4491.617806088683,Friday,0,5
2014-05-31,12424970.9,9985304.33,513,247,0.7914230019493177,563,2529,88,0.0,563,0.03479636219849743,2439666.5700000003,0.0,4912.997587979438,Saturday,1,5
2014-06-01,11536710.05,9170211.02,465,179,0.7827956989247312,516,2310,90,0.0,516,0.03896103896103896,2366499.030000001,0.0,4994.246774891775,Sunday,1,6
2014-06-02,10120772.07,8076952.84,379,172,0.7757255936675461,407,1903,72,0.0,407,0.03783499737256963,2043819.2300000004,0.0,5318.32478717814,Monday,0,6
2014-06-03,7433951.35,5784897.37,283,128,0.8091872791519434,305,1425,13,0.0,305,0.009122807017543859,1649053.9799999995,0.0,5216.80796491228,Tuesday,0,6
2014-06-04,6422990.57,5214120.6,221,101,0.7918552036199095,233,1116,37,0.0,233,0.033154121863799284,1208869.9700000007,0.0,5755.367894265233,Wednesday,0,6
2014-06-05,4701261.04,3843536.1,143,70,0.8251748251748252,155,730,16,0.0,155,0.021917808219178082,857724.94,0.0,6440.083616438356,Thursday,0,6
2014-06-06,4455750.46,3475184.85,179,77,0.7597765363128491,198,855,15,0.0,198,0.017543859649122806,980565.6099999999,0.0,5211.404046783626,Friday,0,6
2014-06-07,5291724.53,4145797.41,194,69,0.7989690721649485,214,1019,43,0.0,214,0.042198233562315994,1145927.12,0.0,5193.05645731109,Saturday,1,6
2014-06-08,5672479.42,4555972.93,206,104,0.7135922330097088,224,1005,10,0.0,224,0.009950248756218905,1116506.4900000002,0.0,5644.258129353234,Sunday,1,6
2014-06-09,5745736.68,4655455.78,240,120,0.8166666666666667,263,1150,28,0.0,263,0.02434782608695652,1090280.8999999994,0.0,4996.292765217391,Monday,0,6
2014-06-10,8176131.42,6751336.8,320,157,0.78125,355,1613,51,0.0,355,0.03161810291382517,1424794.62,0.0,5068.897346559206,Tuesday,0,6
2014-06-11,6815089.25,5416132.65,269,117,0.8401486988847584,293,1329,45,0.0,293,0.033860045146726865,1398956.5999999996,0.0,5127.982881866064,Wednesday,0,6
2014-06-12,6198469.27,4930278.7,233,90,0.8369098712446352,253,1151,39,0.0,253,0.03388357949609035,1268190.5699999994,0.0,5385.29041702867,Thursday,0,6
2014-06-13,5808360.57,4689299.84,218,87,0.8532110091743119,245,1158,2,0.0,245,0.0017271157167530224,1119060.7300000004,0.0,5015.855414507772,Friday,0,6
2014-06-14,6159350.48,4887308.6,238,109,0.8277310924369747,277,1254,23,0.0,277,0.018341307814992026,1272041.8800000008,0.0,4911.762743221691,Saturday,1,6
2014-06-15,6251988.62,5001362.67,233,101,0.8025751072961373,249,1118,7,0.0,249,0.006261180679785331,1250625.9500000002,0.0,5592.118622540251,Sunday,1,6
2014-06-16,7506669.47,5993922.63,284,144,0.8133802816901409,312,1368,28,0.0,312,0.02046783625730994,1512746.8399999999,0.0,5487.3314839181285,Monday,0,6
2014-06-17,7985873.38,6364228.97,331,146,0.8368580060422961,367,1635,26,0.0,367,0.015902140672782873,1621644.4100000001,0.0,4884.326226299694,Tuesday,0,6
2014-06-18,6928139.58,5573372.83,291,133,0.8075601374570447,322,1420,39,0.0,322,0.027464788732394368,1354766.75,0.0,4878.971535211268,Wednesday,0,6
2014-06-19,5160401.64,4101123.87,206,91,0.8009708737864077,226,970,3,0.0,226,0.003092783505154639,1059277.7699999996,0.0,5320.0016907216495,Thursday,0,6
2014-06-20,5726955.46,4649863.18,230,97,0.7913043478260869,254,1120,19,0.0,254,0.016964285714285713,1077092.2800000003,0.0,5113.353089285714,Friday,0,6
2014-06-21,5534870.9,4397465.45,230,105,0.8478260869565217,258,1160,40,0.0,258,0.034482758620689655,1137405.4500000002,0.0,4771.4404310344835,Saturday,1,6
2014-06-22,6871043.81,5449439.25,261,117,0.8160919540229885,282,1288,40,0.0,282,0.031055900621118012,1421604.5599999996,0.0,5334.6613431677015,Sunday,1,6
2014-06-23,7520898.79,6115811.37,298,141,0.7986577181208053,332,1516,24,245162.66,332,0.0158311345646438,1405087.42,0.03259752149915582,4961.015032981531,Monday,0,6
2014-06-24,8318751.36,7165579.48,350,164,0.7914285714285715,388,1733,79,487829.14,388,0.04558568955568378,1153171.88,0.05864211092372401,4800.202746682055,Tuesday,0,6
2014-06-25,7464560.81,6650267.82,325,143,0.8,357,1545,41,658287.59,357,0.026537216828478965,814292.9899999993,0.08818838867493933,4831.430944983818,Wednesday,0,6
2014-06-26,5465498.81,5160550.9,232,113,0.7801724137931034,261,1220,26,601446.41,261,0.021311475409836064,304947.9099999992,0.11004419375218931,4479.917057377049,Thursday,0,6
2014-06-27,6215342.27,5942103.5,263,107,0.8060836501901141,291,1333,32,1118761.6,291,0.024006001500375095,273238.76999999955,0.17999999861632723,4662.672370592648,Friday,0,6
2014-06-28,6715989.51,6489880.35,330,134,0.7727272727272727,375,1693,28,1208878.09,375,0.016538688718251624,226109.16000000015,0.1799999967540152,3966.9164264619017,Saturday,1,6
2014-06-29,10967240.25,10676762.03,541,249,0.7837338262476895,601,2783,93,1974103.24,601,0.033417175709665826,290478.22000000067,0.1799999995440968,3940.7977901545096,Sunday,1,6
2014-06-30,8960784.4,8779889.34,481,232,0.7879417879417879,534,2366,96,1612941.23,534,0.04057480980557904,180895.06000000052,0.18000000424070017,3787.3137785291633,Monday,0,6
2014-07-01,9836345.7,9652958.13,470,225,0.8340425531914893,532,2387,81,1770542.16,532,0.03393380812735652,183387.56999999844,0.1799999932901911,4120.798366149978,Tuesday,0,7
2014-07-02,8037264.4,7829854.35,407,166,0.7616707616707616,448,2001,76,1446707.64,448,0.03798100949525238,207410.05000000075,0.18000000597218127,4016.623888055972,Wednesday,0,7
2014-07-03,6599126.14,6280312.35,313,138,0.7731629392971247,340,1553,59,1187842.72,340,0.037990985189954925,318813.79000000004,0.1800000022427212,4249.276329684481,Thursday,0,7
2014-07-04,1539342.27,1546984.48,67,27,0.9104477611940298,71,308,0,277081.61,71,0.0,-7642.209999999963,0.18000000090947935,4997.864512987013,Friday,0,7
2014-07-05,2247607.0,2088267.2,83,46,0.7951807228915663,88,414,10,404569.24,88,0.024154589371980676,159339.80000000005,0.17999999110164722,5429.002415458937,Saturday,1,7
2014-07-06,2992177.47,2950653.66,133,70,0.7819548872180451,147,645,14,538591.93,147,0.021705426356589147,41523.810000000056,0.17999999512061027,4639.034837209303,Sunday,1,7
2014-07-07,3321041.63,3237780.91,166,79,0.8253012048192772,186,779,22,597787.47,186,0.028241335044929396,83260.71999999974,0.17999999295401786,4263.211335044929,Monday,0,7
2014-07-08,4389991.98,4344681.53,186,93,0.7419354838709677,202,927,27,790198.51,202,0.02912621359223301,45310.450000000186,0.1799999894305046,4735.69792880259,Tuesday,0,7
2014-07-09,5089459.45,5002533.36,227,104,0.7841409691629956,244,1148,47,916102.77,244,0.040940766550522645,86926.08999999985,0.18000001355743192,4433.327047038328,Wednesday,0,7
2014-07-10,5277348.24,5193788.09,238,111,0.8235294117647058,259,1143,19,949922.58,259,0.016622922134733157,83560.15000000037,0.17999998044472423,4617.102572178478,Thursday,0,7
2014-07-11,3680744.54,3649066.92,160,61,0.88125,179,821,18,662534.03,179,0.02192448233861145,31677.62000000011,0.1800000034775573,4483.245481120584,Friday,0,7
2014-07-12,3635150.5,3488161.59,177,79,0.807909604519774,195,845,16,654327.09,195,0.01893491124260355,146988.91000000015,0.18,4301.95325443787,Saturday,1,7
2014-07-13,4538183.38,4461396.49,202,90,0.8663366336633663,213,982,10,816873.02,213,0.010183299389002037,76786.88999999966,0.18000000255608886,4621.36800407332,Sunday,1,7
2014-07-14,4180514.48,4093927.18,209,92,0.8086124401913876,235,1122,5,752492.64,235,0.004456327985739751,86587.29999999981,0.18000000803728827,3725.948734402852,Monday,0,7
2014-07-15,4729914.86,4685468.3,226,96,0.7831858407079646,261,1215,21,851384.66,261,0.01728395061728395,44446.56000000052,0.17999999687097962,3892.9340411522635,Tuesday,0,7
2014-07-16,5725200.44,5688906.29,291,127,0.7869415807560137,331,1556,62,1030536.08,331,0.03984575835475578,36294.15000000037,0.18000000013973308,3679.434730077121,Wednesday,0,7
2014-07-17,5475110.93,5378778.65,260,112,0.8192307692307692,287,1265,19,985519.91,287,0.015019762845849802,96332.27999999933,0.17999998951619417,4328.150932806324,Thursday,0,7
2014-07-18,4518235.32,4447047.74,220,105,0.8454545454545455,242,1112,23,813282.42,242,0.02068345323741007,71187.58000000007,0.18000001381070166,4063.161258992806,Friday,0,7
2014-07-19,4203668.56,3770693.84,188,76,0.776595744680851,202,904,36,411375.85,202,0.03982300884955752,432974.71999999974,0.09786115249771263,4650.075840707964,Saturday,1,7
2014-07-20,4322625.55,3600969.69,182,85,0.8406593406593407,189,855,31,268182.23,189,0.03625730994152047,721655.8599999999,0.062041513172474534,5055.702397660819,Sunday,1,7
2014-07-21,4796649.21,3768111.9,193,91,0.7979274611398963,211,946,20,30273.67,211,0.021141649048625793,1028537.31,0.006311420467622646,5070.453710359408,Monday,0,7
2014-07-22,6208113.76,5011530.91,257,113,0.8132295719844358,276,1242,37,12934.28,276,0.029790660225442835,1196582.8499999996,0.0020834476461011244,4998.481288244766,Tuesday,0,7
2014-07-23,7566031.17,5950276.5,292,115,0.7808219178082192,326,1531,31,0.0,326,0.020248203788373612,1615754.67,0.0,4941.888419333769,Wednesday,0,7
2014-07-24,5905615.09,4674430.56,252,120,0.7619047619047619,270,1181,46,0.0,270,0.03895004233700254,1231184.5300000003,0.0,5000.520821337849,Thursday,0,7
2014-07-25,4437108.92,3571085.86,179,89,0.7932960893854749,195,906,20,0.0,195,0.02207505518763797,866023.06,0.0,4897.471214128035,Friday,0,7
2014-07-26,4875867.56,3838617.04,205,98,0.7365853658536585,232,1025,13,0.0,232,0.012682926829268294,1037250.5199999996,0.0,4756.943960975609,Saturday,1,7
2014-07-27,4695097.96,3728682.43,211,88,0.7535545023696683,232,991,57,0.0,232,0.05751765893037336,966415.5299999998,0.0,4737.737598385469,Sunday,1,7
2014-07-28,5659848.32,4577648.87,227,107,0.8325991189427313,245,1133,10,0.0,245,0.0088261253309797,1082199.4500000002,0.0,4995.4530626654905,Monday,0,7
2014-07-29,8325936.32,6673852.31,324,152,0.8024691358024691,355,1609,41,0.0,355,0.0254816656308266,1652084.0100000007,0.0,5174.603057799876,Tuesday,0,7
2014-07-30,9849002.97,7950504.57,392,157,0.7729591836734694,429,1854,73,0.0,429,0.039374325782092774,1898498.4000000004,0.0,5312.299336569579,Wednesday,0,7
2014-07-31,12499623.55,10113088.37,513,230,0.8031189083820662,572,2647,39,0.0,572,0.014733660748016623,2386535.1800000016,0.0,4722.184945221005,Thursday,0,7
2014-08-01,10268362.3,8266400.63,400,186,0.8,451,1985,37,0.0,451,0.018639798488664986,2001961.6700000009,0.0,5172.978488664988,Friday,0,8
2014-08-02,9437585.35,7486465.1,365,155,0.8,409,1819,43,0.0,409,0.023639362286970864,1951120.25,0.0,5188.337190764156,Saturday,1,8
2014-08-03,8311634.97,6613684.99,353,170,0.8640226628895185,383,1636,40,0.0,383,0.02444987775061125,1697949.9799999995,0.0,5080.461473105134,Sunday,1,8
2014-08-04,7920532.02,6253439.86,272,138,0.8198529411764706,300,1277,21,0.0,300,0.01644479248238058,1667092.1599999992,0.0,6202.45263899765,Monday,0,8
2014-08-05,4783590.74,3865614.98,165,86,0.7757575757575758,178,778,28,0.0,178,0.03598971722365039,917975.7600000002,0.0,6148.5742159383035,Tuesday,0,8
2014-08-06,5768372.14,4433911.0,220,100,0.8227272727272728,243,1114,10,0.0,243,0.008976660682226212,1334461.1399999997,0.0,5178.0719389587075,Wednesday,0,8
2014-08-07,4368310.48,3451434.03,174,80,0.8390804597701149,190,831,37,0.0,190,0.044524669073405534,916876.4500000007,0.0,5256.691311672684,Thursday,0,8
2014-08-08,2772020.29,2220747.24,104,46,0.8076923076923077,115,515,6,0.0,115,0.011650485436893204,551273.0499999998,0.0,5382.563669902913,Friday,0,8
2014-08-09,3001539.63,2354553.12,128,51,0.84375,141,615,16,0.0,141,0.026016260162601626,646986.5099999998,0.0,4880.552243902439,Saturday,1,8
2014-08-10,3823485.27,3003127.77,152,59,0.7960526315789473,164,763,27,0.0,164,0.035386631716906945,820357.5,0.0,5011.120930537352,Sunday,1,8
2014-08-11,4332284.65,3523421.42,155,73,0.7612903225806451,172,802,30,0.0,172,0.03740648379052369,808863.2300000004,0.0,5401.851184538654,Monday,0,8
2014-08-12,4968367.41,3950793.43,199,100,0.7939698492462312,223,1017,18,0.0,223,0.017699115044247787,1017573.98,0.0,4885.317020648968,Tuesday,0,8
2014-08-13,5893608.69,4708354.21,250,107,0.816,281,1198,31,0.0,281,0.02587646076794658,1185254.4800000004,0.0,4919.539808013356,Wednesday,0,8
2014-08-14,5049141.59,3986642.15,223,98,0.7802690582959642,246,1092,6,0.0,246,0.005494505494505495,1062499.44,0.0,4623.7560347985345,Thursday,0,8
2014-08-15,4964547.64,3886890.99,193,89,0.7927461139896373,210,939,22,0.0,210,0.023429179978700747,1077656.6499999994,0.0,5287.058189563365,Friday,0,8
2014-08-16,4183136.08,3312917.75,163,80,0.7239263803680982,182,823,6,0.0,182,0.007290400972053463,870218.3300000001,0.0,5082.789890643986,Saturday,1,8
2014-08-17,4553293.21,3569236.73,188,78,0.7872340425531915,206,911,32,0.0,206,0.03512623490669594,984056.48,0.0,4998.1264654226125,Sunday,1,8
2014-08-18,3852897.93,3032853.62,177,78,0.807909604519774,191,782,29,0.0,191,0.0370843989769821,820044.31,0.0,4926.9794501278775,Monday,0,8
2014-08-19,5491853.95,4329773.16,222,102,0.8603603603603603,244,1132,49,0.0,244,0.04328621908127209,1162080.79,0.0,4851.461086572438,Tuesday,0,8
2014-08-20,6252896.94,5003338.92,244,89,0.7909836065573771,272,1264,37,0.0,272,0.029272151898734177,1249558.0200000005,0.0,4946.91213607595,Wednesday,0,8
2014-08-21,5420386.94,4272987.79,196,72,0.8061224489795918,211,950,37,0.0,211,0.03894736842105263,1147399.1500000004,0.0,5705.670463157895,Thursday,0,8
2014-08-22,3980335.94,3221586.25,142,58,0.8028169014084507,158,722,8,0.0,158,0.0110803324099723,758749.69,0.0,5512.9306648199445,Friday,0,8
2014-08-23,3604919.44,2824202.4,141,67,0.8368794326241135,152,703,22,0.0,152,0.031294452347083924,780717.04,0.0,5127.908165007112,Saturday,1,8
2014-08-24,3975022.95,3208598.81,171,68,0.7894736842105263,188,843,47,0.0,188,0.05575326215895611,766424.1400000001,0.0,4715.329715302491,Sunday,1,8
2014-08-25,4982068.72,3931111.8,192,81,0.7552083333333334,213,985,49,0.0,213,0.049746192893401014,1050956.92,0.0,5057.93778680203,Monday,0,8
2014-08-26,5315751.01,4151656.84,225,105,0.84,249,1099,64,0.0,249,0.05823475887170155,1164094.17,0.0,4836.8980982711555,Tuesday,0,8
2014-08-27,7880420.55,6267001.76,309,136,0.7702265372168284,345,1577,110,0.0,345,0.06975269499048826,1613418.79,0.0,4997.096100190234,Wednesday,0,8
2014-08-28,13900846.53,11188888.43,587,263,0.8040885860306644,674,3025,157,0.0,674,0.05190082644628099,2711958.0999999996,0.0,4595.321166942149,Thursday,0,8
2014-08-29,12683009.27,10136587.4,569,251,0.8224956063268892,639,2823,150,0.0,639,0.053134962805526036,2546421.869999999,0.0,4492.741505490612,Friday,0,8
2014-08-30,11574198.37,9088009.4,468,206,0.8162393162393162,534,2471,107,60775.12,534,0.04330230675839741,2486188.969999999,0.005250913977552642,4684.013909348441,Saturday,1,8
2014-08-31,11951398.65,9415326.58,460,213,0.8043478260869565,535,2468,60,119195.0,535,0.024311183144246355,2536072.0700000003,0.009973309692920334,4842.544023500811,Sunday,1,8
2014-09-01,10306541.25,8432677.93,387,180,0.8010335917312662,443,1943,95,142844.64,443,0.048893463715903245,1873863.3200000003,0.013859609789074488,5304.447375193001,Monday,0,9
2014-09-02,1980913.22,1699049.31,77,37,0.8051948051948052,82,340,3,142985.7,82,0.008823529411764706,281863.9099999999,0.07218170819214383,5826.215352941176,Tuesday,0,9
2014-09-03,2013419.84,1783705.47,69,32,0.7971014492753623,73,341,16,201341.99,73,0.0469208211143695,229714.3700000001,0.1000000029800044,5904.457008797654,Wednesday,0,9
2014-09-04,2079554.62,1858190.69,80,37,0.9125,88,399,19,207955.46,88,0.047619047619047616,221363.93000000017,0.0999999990382556,5211.916340852131,Thursday,0,9
2014-09-05,3009749.32,2650108.54,106,62,0.8113207547169812,115,545,30,300974.96,115,0.05504587155963303,359640.7799999998,0.10000000930310038,5522.475816513761,Friday,0,9
2014-09-06,2651615.67,2379303.77,112,49,0.7589285714285714,124,531,13,265161.56,124,0.02448210922787194,272311.8999999999,0.09999999736010008,4993.626497175141,Saturday,1,9
2014-09-07,3257294.39,2733813.81,135,64,0.8592592592592593,148,659,31,325729.51,148,0.04704097116843703,523480.5800000001,0.10000002179723154,4942.783596358118,Sunday,1,9
2014-09-08,3789247.34,3234658.91,148,69,0.8108108108108109,157,755,16,378924.75,157,0.02119205298013245,554588.4299999997,0.10000000422247443,5018.870649006622,Monday,0,9
2014-09-09,3050893.58,2636295.62,126,52,0.8095238095238095,145,675,45,305089.37,145,0.06666666666666667,414597.95999999996,0.10000000393327386,4519.842340740741,Tuesday,0,9
2014-09-10,2734213.18,2344334.17,119,46,0.773109243697479,137,631,49,273421.35,137,0.07765451664025357,389879.01000000024,0.10000001170354975,4333.142916006339,Wednesday,0,9
2014-09-11,3603376.76,3063452.95,154,66,0.8051948051948052,169,758,46,360337.66000000003,169,0.06068601583113457,539923.8099999996,0.0999999955597205,4753.7951978891815,Thursday,0,9
2014-09-12,3387921.49,2941397.85,137,61,0.8759124087591241,152,701,31,338792.15,152,0.0442225392296719,446523.64000000013,0.10000000029516623,4832.983580599144,Friday,0,9
2014-09-13,4488375.88,3882301.0,188,90,0.8404255319148937,213,999,31,448837.54,213,0.031031031031031032,606074.8799999999,0.0999999893057085,4492.868748748749,Saturday,1,9
2014-09-14,4664595.04,4241668.09,205,87,0.8146341463414634,224,1028,75,466459.61,224,0.07295719844357977,422926.9500000002,0.10000002272437351,4537.543813229572,Sunday,1,9
2014-09-15,3434401.74,2989155.15,171,74,0.8128654970760234,192,851,41,343440.22000000003,192,0.0481786133960047,445246.5900000003,0.10000001339389025,4035.7247238542896,Monday,0,9
2014-09-16,3499018.93,3094674.95,133,70,0.8045112781954887,147,677,30,349901.94,147,0.04431314623338257,404343.98,0.10000001343233658,5168.417917282127,Tuesday,0,9
2014-09-17,2159581.94,1891350.86,114,54,0.8508771929824561,124,536,31,215958.2,124,0.05783582089552239,268231.07999999984,0.10000000277831551,4029.0707835820895,Wednesday,0,9
2014-09-18,3245614.46,2827312.43,143,79,0.8251748251748252,154,715,45,324561.4,154,0.06293706293706294,418302.0299999998,0.09999998582702889,4539.3209230769235,Thursday,0,9
2014-09-19,3152106.06,2800614.8,143,72,0.8391608391608392,159,736,46,315210.59,159,0.0625,351491.26000000024,0.09999999492402867,4282.752798913044,Friday,0,9
2014-09-20,3934660.56,3508771.25,171,75,0.8304093567251462,192,880,65,393466.14,192,0.07386363636363637,425889.31000000006,0.1000000213487285,4471.205181818182,Saturday,1,9
2014-09-21,4973677.98,4472971.42,207,80,0.8357487922705314,228,1014,23,497367.82,228,0.022682445759368838,500706.5600000005,0.10000000442328595,4905.007869822486,Sunday,1,9
2014-09-22,4691002.44,4096769.99,208,83,0.75,234,1105,29,469100.28,234,0.026244343891402715,594232.4500000002,0.10000000767426588,4245.251076923078,Monday,0,9
2014-09-23,3267077.04,2950868.62,130,61,0.7769230769230769,144,663,16,326707.77,144,0.024132730015082957,316208.4199999999,0.10000002020154383,4927.718009049774,Tuesday,0,9
2014-09-24,3651189.03,3193891.83,150,72,0.7866666666666666,173,781,31,365118.9,173,0.03969270166453265,457297.1999999997,0.09999999917834987,4675.017964148527,Wednesday,0,9
2014-09-25,3991936.34,3513164.66,179,81,0.770949720670391,200,860,65,399193.65,200,0.0755813953488372,478771.6799999997,0.10000000400807996,4641.786441860465,Thursday,0,9
2014-09-26,4802241.84,4364819.46,212,105,0.7641509433962265,237,1045,40,480224.14,237,0.03827751196172249,437422.3799999999,0.09999999083761263,4595.446736842106,Friday,0,9
2014-09-27,5922266.1,5104748.73,337,172,0.798219584569733,378,1671,52,592226.69,378,0.031119090365050867,817517.3699999992,0.10000001350834269,3544.144883303411,Saturday,1,9
2014-09-28,6894981.49,6104020.61,335,144,0.7791044776119403,377,1694,108,689498.12,377,0.06375442739079103,790960.8799999999,0.09999999579404237,4070.2370070838256,Sunday,1,9
2014-09-29,6358369.55,5385912.36,324,145,0.7993827160493827,364,1591,69,553315.7,364,0.04336895034569453,972457.1899999995,0.0870216327706212,3996.4610622250157,Monday,0,9
2014-09-30,5625701.93,4992117.65,264,125,0.8295454545454546,299,1402,51,460264.4,299,0.03637660485021398,633584.2799999993,0.08181457278167599,4012.6261982881597,Tuesday,0,9
2014-10-01,4131059.59,3367707.8,181,77,0.7900552486187845,200,889,35,261902.93,200,0.03937007874015748,763351.79,0.06339848755364964,4646.861181102362,Wednesday,0,10
2014-10-02,2166020.29,1638411.83,78,36,0.7435897435897436,84,365,42,0.0,84,0.11506849315068493,527608.46,0.0,5934.302164383562,Thursday,0,10
2014-10-03,2713373.58,2209685.83,102,49,0.7745098039215687,111,490,17,0.0,111,0.03469387755102041,503687.75,0.0,5537.497102040817,Friday,0,10
2014-10-04,3061013.56,2383424.37,122,55,0.8114754098360656,136,567,21,0.0,136,0.037037037037037035,677589.19,0.0,5398.612980599647,Saturday,1,10
2014-10-05,3514973.01,2703049.67,137,61,0.8248175182481752,153,684,23,0.0,153,0.033625730994152045,811923.3399999999,0.0,5138.849429824561,Sunday,1,10
2014-10-06,4584954.57,3714150.0,168,76,0.8095238095238095,193,848,38,0.0,193,0.04481132075471698,870804.5700000003,0.0,5406.786049528302,Monday,0,10
2014-10-07,3826571.36,3029706.85,134,51,0.7611940298507462,146,666,51,0.0,146,0.07657657657657657,796864.5099999998,0.0,5745.602642642642,Tuesday,0,10
2014-10-08,3298742.48,2595357.42,118,51,0.7457627118644068,131,606,55,0.0,131,0.09075907590759076,703385.06,0.0,5443.469438943895,Wednesday,0,10
2014-10-09,2480246.09,1949299.28,100,46,0.76,111,484,27,0.0,111,0.05578512396694215,530946.8099999998,0.0,5124.475392561983,Thursday,0,10
2014-10-10,3324677.65,2616526.38,113,53,0.8584070796460177,127,602,30,0.0,127,0.04983388704318937,708151.27,0.0,5522.720348837209,Friday,0,10
2014-10-11,3249272.4,2455378.82,129,63,0.813953488372093,145,672,55,0.0,145,0.0818452380952381,793893.5800000001,0.0,4835.226785714285,Saturday,1,10
2014-10-12,3964814.61,3263898.52,156,59,0.7692307692307693,179,834,53,0.0,179,0.06354916067146282,700916.0899999999,0.0,4753.974352517986,Sunday,1,10
2014-10-13,5257692.13,4155288.51,209,75,0.7990430622009569,235,1023,48,0.0,235,0.0469208211143695,1102403.62,0.0,5139.483998044966,Monday,0,10
2014-10-14,5353820.23,4242284.88,204,97,0.7990196078431373,233,1081,63,0.0,233,0.058279370952821465,1111535.3500000006,0.0,4952.655161887142,Tuesday,0,10
2014-10-15,3174858.73,2517101.9,121,44,0.7603305785123967,134,612,27,0.0,134,0.04411764705882353,657756.8300000001,0.0,5187.677663398693,Wednesday,0,10
2014-10-16,3035433.21,2343522.12,115,53,0.8,127,599,62,0.0,127,0.10350584307178631,691911.0899999999,0.0,5067.501185308848,Thursday,0,10
2014-10-17,3041887.24,2405340.07,115,60,0.7391304347826086,131,603,32,0.0,131,0.05306799336650083,636547.1700000004,0.0,5044.58912106136,Friday,0,10
2014-10-18,3295901.64,2641429.14,123,57,0.7804878048780488,141,656,26,0.0,141,0.039634146341463415,654472.5,0.0,5024.240304878049,Saturday,1,10
2014-10-19,3906454.96,3097527.04,158,68,0.810126582278481,176,755,26,0.0,176,0.03443708609271523,808927.9199999999,0.0,5174.112529801325,Sunday,1,10
2014-10-20,4406719.83,3563304.85,189,82,0.8412698412698413,220,1000,72,0.0,220,0.072,843414.98,0.0,4406.71983,Monday,0,10
2014-10-21,4158469.93,3334418.16,165,68,0.7878787878787878,189,851,37,0.0,189,0.043478260869565216,824051.77,0.0,4886.56866039953,Tuesday,0,10
2014-10-22,3185076.38,2622321.88,111,45,0.8108108108108109,121,558,52,0.0,121,0.0931899641577061,562754.5,0.0,5708.022186379928,Wednesday,0,10
2014-10-23,3397945.31,2701811.9,128,54,0.875,146,626,32,0.0,146,0.051118210862619806,696133.4100000001,0.0,5428.027651757188,Thursday,0,10
2014-10-24,2910624.78,2393219.16,116,51,0.7758620689655172,127,561,38,0.0,127,0.0677361853832442,517405.61999999965,0.0,5188.279465240641,Friday,0,10
2014-10-25,3710088.5,3052761.25,155,63,0.864516129032258,168,732,49,0.0,168,0.06693989071038252,657327.25,0.0,5068.426912568306,Saturday,1,10
2014-10-26,3332635.64,2620840.72,154,82,0.8246753246753247,171,740,55,0.0,171,0.07432432432432433,711794.9199999999,0.0,4503.561675675676,Sunday,1,10
2014-10-27,5247620.14,4151809.58,216,94,0.7870370370370371,254,1156,86,0.0,254,0.07439446366782007,1095810.5599999996,0.0,4539.463788927335,Monday,0,10
2014-10-28,6122484.1,4933576.08,250,125,0.876,292,1342,86,0.0,292,0.06408345752608048,1188908.0199999996,0.0,4562.2087183308495,Tuesday,0,10
2014-10-29,6191276.35,4949513.22,250,114,0.796,274,1263,99,0.0,274,0.07838479809976247,1241763.13,0.0,4902.039865399842,Wednesday,0,10
2014-10-30,6250389.79,4894988.48,247,111,0.7813765182186235,299,1307,55,0.0,299,0.042081101759755164,1355401.3099999996,0.0,4782.241614384086,Thursday,0,10
2014-10-31,4687679.79,3734196.88,207,96,0.8309178743961353,237,1019,89,0.0,237,0.0873405299313052,953482.9100000001,0.0,4600.2745731108935,Friday,0,10
2014-11-01,4474322.51,3463929.06,173,75,0.8323699421965318,194,885,67,0.0,194,0.07570621468926554,1010393.4499999997,0.0,5055.731649717514,Saturday,1,11
2014-11-02,3503909.61,2759213.27,123,59,0.7479674796747967,137,623,52,0.0,137,0.08346709470304976,744696.3399999999,0.0,5624.252985553772,Sunday,1,11
2014-11-03,2511155.37,1925980.79,104,49,0.8173076923076923,116,502,55,0.0,116,0.10956175298804781,585174.5800000001,0.0,5002.301533864542,Monday,0,11
2014-11-04,1758772.81,1413005.18,64,31,0.78125,70,297,22,0.0,70,0.07407407407407407,345767.6300000001,0.0,5921.793973063974,Tuesday,0,11
2014-11-05,2080412.08,1649512.63,82,38,0.7560975609756098,91,404,9,0.0,91,0.022277227722772276,430899.4500000002,0.0,5149.5348514851485,Wednesday,0,11
2014-11-06,2338580.92,1815525.82,91,46,0.7692307692307693,101,482,36,0.0,101,0.07468879668049792,523055.09999999986,0.0,4851.8276348547715,Thursday,0,11
2014-11-07,2391118.65,1914802.56,81,46,0.8395061728395061,89,434,33,0.0,89,0.07603686635944701,476316.08999999985,0.0,5509.489976958525,Friday,0,11
2014-11-08,2603594.99,2058134.47,118,56,0.7796610169491526,137,613,32,0.0,137,0.052202283849918436,545460.5200000003,0.0,4247.300146818924,Saturday,1,11
2014-11-09,3896973.5,2948324.76,169,71,0.8284023668639053,189,847,60,0.0,189,0.07083825265643448,948648.7400000002,0.0,4600.913223140496,Sunday,1,11
2014-11-10,3578790.21,2955883.0,164,79,0.8353658536585366,187,802,70,0.0,187,0.08728179551122195,622907.21,0.0,4462.3319326683295,Monday,0,11
2014-11-11,3265211.84,2544268.23,116,51,0.8362068965517241,142,635,10,0.0,142,0.015748031496062992,720943.6099999999,0.0,5142.0658897637795,Tuesday,0,11
2014-11-12,2687977.35,2131053.41,126,56,0.8095238095238095,149,666,38,0.0,149,0.057057057057057055,556923.94,0.0,4036.002027027027,Wednesday,0,11
2014-11-13,3661668.42,2973473.14,124,56,0.8306451612903226,147,678,9,0.0,147,0.01327433628318584,688195.2799999998,0.0,5400.690884955752,Thursday,0,11
2014-11-14,4104922.66,3206387.48,163,70,0.8159509202453987,185,780,45,0.0,185,0.057692307692307696,898535.1800000002,0.0,5262.721358974359,Friday,0,11
2014-11-15,3332537.35,2666922.09,158,75,0.8037974683544303,179,764,69,0.0,179,0.09031413612565445,665615.2600000002,0.0,4361.959882198953,Saturday,1,11
2014-11-16,3926705.12,3165100.53,159,65,0.7672955974842768,186,843,87,0.0,186,0.10320284697508897,761604.5900000003,0.0,4658.013190984579,Sunday,1,11
2014-11-17,3901928.25,3135379.39,150,67,0.86,172,788,33,0.0,172,0.04187817258883249,766548.8599999999,0.0,4951.6855964467,Monday,0,11
2014-11-18,2299920.21,1777742.22,103,51,0.7669902912621359,118,531,29,0.0,118,0.054613935969868174,522177.99,0.0,4331.299830508475,Tuesday,0,11
2014-11-19,2365334.24,2037392.28,105,39,0.8095238095238095,122,518,13,162446.26,122,0.025096525096525095,327941.9600000002,0.06867793027001545,4566.282316602317,Wednesday,0,11
2014-11-20,2712056.74,2364468.06,128,47,0.796875,153,653,22,230028.0,153,0.033690658499234305,347588.68000000017,0.08481680954801853,4153.226248085758,Thursday,0,11
2014-11-21,2642726.69,2469983.77,146,65,0.773972602739726,165,762,20,437283.09,165,0.026246719160104987,172742.91999999993,0.1654666340089826,3468.1452624671915,Friday,0,11
2014-11-22,2355839.63,2373102.5,134,61,0.7910447761194029,157,705,19,471167.93,157,0.02695035460992908,-17262.87000000011,0.20000000169790846,3341.6164964539007,Saturday,1,11
2014-11-23,2702782.41,2732923.6,160,66,0.8,184,863,47,540556.42,184,0.054461181923522596,-30141.189999999944,0.19999997706067651,3131.8452027809967,Sunday,1,11
2014-11-24,2994851.12,2989623.83,158,70,0.8987341772151899,187,880,34,598970.21,187,0.038636363636363635,5227.290000000037,0.19999999532531018,3403.2399090909094,Monday,0,11
2014-11-25,1951300.95,1961306.08,103,37,0.8155339805825242,119,515,38,390260.18,119,0.07378640776699029,-10005.130000000121,0.1999999948752139,3788.9338834951454,Tuesday,0,11
2014-11-26,3005133.94,3070985.43,140,61,0.8071428571428572,178,919,45,601026.76,178,0.04896626768226333,-65851.49000000022,0.19999999068261165,3270.0042872687704,Wednesday,0,11
2014-11-27,4582936.62,4552287.3,292,125,0.7876712328767124,352,1553,59,916587.27,352,0.037990985189954925,30649.320000000298,0.19999998821716194,2951.0216484224084,Thursday,0,11
2014-11-28,3803816.23,3776489.22,260,120,0.7730769230769231,318,1437,99,760763.22,318,0.06889352818371608,27327.009999999776,0.19999999316475917,2647.0537439109257,Friday,0,11
2014-11-29,3693923.36,3714680.69,249,114,0.7991967871485943,306,1340,67,738784.7,306,0.05,-20757.330000000075,0.2000000075800165,2756.659223880597,Saturday,1,11
2014-11-30,4164373.0,4139199.1,278,128,0.8237410071942446,338,1533,85,832874.57,338,0.055446836268754074,25173.899999999907,0.19999999279603434,2716.485975212003,Sunday,1,11
2014-12-01,3293606.72,3371041.49,203,89,0.7881773399014779,249,1120,99,658721.36,249,0.08839285714285715,-77434.77000000002,0.20000000485789632,2940.720285714286,Monday,0,12
2014-12-02,1913468.28,1934027.84,90,38,0.9,103,439,22,382693.7,103,0.05011389521640091,-20559.560000000056,0.20000002299489386,4358.697676537586,Tuesday,0,12
2014-12-03,1725054.96,1639460.56,79,31,0.8354430379746836,87,357,20,345010.95,87,0.056022408963585436,85594.3999999999,0.19999997565294964,4832.086722689076,Wednesday,0,12
2014-12-04,1490172.71,1377244.92,88,43,0.8636363636363636,102,453,18,298034.57,102,0.039735099337748346,112927.79000000004,0.20000001878976834,3289.564481236203,Thursday,0,12
2014-12-05,1855814.16,1814623.65,98,49,0.8469387755102041,120,548,27,371162.89,120,0.04927007299270073,41190.51000000001,0.20000003125312937,3386.5221897810216,Friday,0,12
2014-12-06,2498471.96,2457252.11,130,59,0.8307692307692308,159,684,14,499694.44,159,0.02046783625730994,41219.85000000009,0.20000001921174254,3652.736783625731,Saturday,1,12
2014-12-07,2209128.82,2214964.0,147,63,0.7551020408163265,175,758,45,441825.76,175,0.059366754617414245,-5835.180000000168,0.1999999981893315,2914.4179683377306,Sunday,1,12
2014-12-08,3029845.63,2938276.72,192,86,0.8020833333333334,232,1010,17,605969.1,232,0.016831683168316833,91568.90999999968,0.19999999141870473,2999.8471584158415,Monday,0,12
2014-12-09,3265900.4,3069037.78,180,73,0.7555555555555555,217,995,69,653180.08,217,0.06934673366834171,196862.6200000001,0.19999999999999998,3282.311959798995,Tuesday,0,12
2014-12-10,2659858.85,2559688.79,141,63,0.7588652482269503,168,747,32,531971.78,168,0.0428380187416332,100170.06000000006,0.200000003759598,3560.7213520749665,Wednesday,0,12
2014-12-11,2499031.03,2479880.93,133,60,0.8195488721804511,151,699,47,499806.22000000003,151,0.06723891273247497,19150.099999999627,0.20000000560217135,3575.151688125894,Thursday,0,12
2014-12-12,2451281.84,2348048.7,142,58,0.795774647887324,168,776,38,490256.34,168,0.04896907216494845,103233.13999999966,0.1999999885774049,3158.8683505154636,Friday,0,12
2014-12-13,2618181.33,2655502.75,162,79,0.7654320987654321,188,889,36,523636.28,188,0.04049493813273341,-37321.419999999925,0.20000000534722323,2945.0858605174353,Saturday,1,12
2014-12-14,2868448.18,2822169.24,180,89,0.7944444444444444,220,951,73,573689.64,220,0.07676130389064142,46278.939999999944,0.2000000013944822,3016.244143007361,Sunday,1,12
2014-12-15,3675108.42,3622573.69,240,100,0.8041666666666667,283,1260,79,735021.67,283,0.0626984126984127,52534.72999999998,0.19999999619058859,2916.7527142857143,Monday,0,12
2014-12-16,3587166.39,3452397.12,247,114,0.7894736842105263,304,1393,41,717433.24,304,0.029432878679109833,134769.27000000002,0.1999999894066804,2575.1373941134243,Tuesday,0,12
2014-12-17,2950563.8,2911687.56,197,87,0.7868020304568528,250,1070,53,590112.74,250,0.04953271028037383,38876.23999999976,0.19999999322163448,2757.5362616822426,Wednesday,0,12
2014-12-18,2684991.91,2614938.98,183,78,0.7486338797814208,217,998,63,536998.35,217,0.06312625250501001,70052.93000000017,0.19999998808190075,2690.372655310621,Thursday,0,12
2014-12-19,3424258.6,3465424.79,219,84,0.7945205479452054,257,1126,47,684851.7,257,0.041740674955595025,-41166.189999999944,0.1999999941593196,3041.0822380106574,Friday,0,12
2014-12-20,3898670.99,3764085.99,257,111,0.8443579766536965,315,1419,44,779734.14,315,0.031007751937984496,134585.0,0.1999999851231355,2747.4777942212827,Saturday,1,12
2014-12-21,4372128.59,4286124.01,307,140,0.7980456026058632,391,1808,46,874425.75,391,0.025442477876106196,86004.58000000007,0.2000000073190894,2418.2127157079644,Sunday,1,12
2014-12-22,3430574.36,3435107.36,306,135,0.7777777777777778,379,1637,58,686114.84,379,0.0354306658521686,-4533.0,0.1999999906721159,2095.6471350030542,Monday,0,12
2014-12-23,2791569.02,2665014.26,247,110,0.7854251012145749,304,1289,74,558313.77,304,0.057408844065166796,126554.76000000024,0.19999998782046952,2165.6858184639254,Tuesday,0,12
2014-12-24,2610156.84,2591612.44,198,92,0.8080808080808081,243,1116,59,522031.35,243,0.0528673835125448,18544.399999999907,0.19999999310386268,2338.8502150537633,Wednesday,0,12
2014-12-25,2573745.23,2584515.85,211,98,0.8151658767772512,263,1155,50,514749.05,263,0.04329004329004329,-10770.620000000112,0.20000000155415537,2228.3508484848485,Thursday,0,12
2014-12-26,2922497.3,2877653.62,240,115,0.8083333333333333,303,1385,112,584499.46,303,0.08086642599277978,44843.6799999997,0.2,2110.1063537906134,Friday,0,12
2014-12-27,3575283.76,3538078.72,285,143,0.7964912280701755,354,1571,128,715056.64,354,0.08147676639083386,37205.03999999957,0.19999996867381514,2275.801247612985,Saturday,1,12
2014-12-28,8484445.21,8405135.96,567,224,0.7901234567901234,701,3234,203,1696889.04,701,0.06277056277056277,79309.25,0.1999999997642745,2623.514288806432,Sunday,1,12
2014-12-29,7063840.79,6908131.26,538,244,0.7955390334572491,675,3049,184,1412768.2,675,0.06034765496884224,155709.53000000026,0.20000000594577386,2316.7729714660545,Monday,0,12
2014-12-30,5708142.92,5488862.89,418,195,0.7942583732057417,521,2405,136,1141628.64,521,0.05654885654885655,219280.03000000026,0.20000000981054622,2373.4481995841998,Tuesday,0,12
2014-12-31,5625288.94,5528179.38,402,196,0.8258706467661692,501,2173,178,965603.12,501,0.08191440404970088,97109.56000000052,0.1716539595208775,2588.720174873447,Wednesday,0,12
2015-01-01,4576460.18,4315048.16,305,129,0.8163934426229508,389,1728,132,738053.16,389,0.0763888888888889,261412.01999999955,0.16127162282006355,2648.414456018518,Thursday,0,1
2015-01-02,1625420.31,1281805.11,62,31,0.7741935483870968,78,362,14,3531.12,78,0.03867403314917127,343615.19999999995,0.0021724350177462714,4490.11135359116,Friday,0,1
2015-01-03,1176312.94,876576.96,61,18,0.7049180327868853,69,272,13,0.0,69,0.04779411764705882,299735.98,0.0,4324.679926470588,Saturday,1,1
2015-01-04,2651400.23,2169221.09,106,53,0.7924528301886793,123,568,65,0.0,123,0.11443661971830986,482179.14000000013,0.0,4667.95815140845,Sunday,1,1
2015-01-05,2457539.39,1930809.0,88,36,0.7727272727272727,103,491,14,0.0,103,0.028513238289205704,526730.3900000001,0.0,5005.171873727088,Monday,0,1
2015-01-06,1621284.62,1301383.65,55,28,0.8181818181818182,61,270,1,0.0,61,0.003703703703703704,319900.9700000002,0.0,6004.757851851852,Tuesday,0,1
2015-01-07,1981408.07,1560596.56,76,34,0.9078947368421053,91,413,8,0.0,91,0.01937046004842615,420811.51,0.0,4797.598232445521,Wednesday,0,1
2015-01-08,1318438.15,1057739.56,58,26,0.8103448275862069,66,303,13,0.0,66,0.0429042904290429,260698.58999999985,0.0,4351.2810231023095,Thursday,0,1
2015-01-09,2144901.8,1679915.91,81,34,0.8148148148148148,89,431,21,0.0,89,0.048723897911832945,464985.8899999999,0.0,4976.57030162413,Friday,0,1
2015-01-10,1830727.22,1385986.39,79,32,0.7341772151898734,88,379,32,0.0,88,0.08443271767810026,444740.8300000001,0.0,4830.414828496042,Saturday,1,1
2015-01-11,3254430.17,2604455.39,129,54,0.7984496124031008,142,630,11,0.0,142,0.01746031746031746,649974.7799999998,0.0,5165.762174603175,Sunday,1,1
2015-01-12,2427966.79,1902989.93,92,46,0.8586956521739131,100,430,28,0.0,100,0.06511627906976744,524976.8600000001,0.0,5646.434395348837,Monday,0,1
2015-01-13,2138729.21,1742327.89,76,36,0.7763157894736842,88,392,10,0.0,88,0.025510204081632654,396401.32000000007,0.0,5455.9418622448975,Tuesday,0,1
2015-01-14,2835456.9,2191456.13,95,40,0.8421052631578947,108,500,23,0.0,108,0.046,644000.77,0.0,5670.9138,Wednesday,0,1
2015-01-15,2047933.05,1631831.77,83,40,0.7469879518072289,92,386,13,0.0,92,0.03367875647668394,416101.28,0.0,5305.52603626943,Thursday,0,1
2015-01-16,2569213.44,2030636.7,94,45,0.723404255319149,114,488,26,0.0,114,0.05327868852459016,538576.74,0.0,5264.781639344262,Friday,0,1
2015-01-17,2588700.22,2035239.72,115,50,0.782608695652174,131,528,56,0.0,131,0.10606060606060606,553460.5000000002,0.0,4902.841325757576,Saturday,1,1
2015-01-18,3021302.7,2433685.6,122,56,0.8114754098360656,139,595,44,0.0,139,0.07394957983193277,587617.1000000001,0.0,5077.819663865546,Sunday,1,1
2015-01-19,2851705.68,2258471.9,115,49,0.8434782608695652,126,578,13,0.0,126,0.02249134948096886,593233.7800000003,0.0,4933.746851211073,Monday,0,1
2015-01-20,2455411.13,1957537.38,93,31,0.8387096774193549,107,475,24,0.0,107,0.05052631578947368,497873.75,0.0,5169.286589473684,Tuesday,0,1
2015-01-21,2603856.87,2019373.54,91,38,0.8461538461538461,103,454,29,0.0,103,0.06387665198237885,584483.3300000001,0.0,5735.367555066079,Wednesday,0,1
2015-01-22,2683523.21,2190572.01,108,42,0.7592592592592593,120,527,31,0.0,120,0.058823529411764705,492951.2000000002,0.0,5092.07440227704,Thursday,0,1
2015-01-23,2703262.73,2149537.87,107,56,0.7850467289719626,124,588,20,0.0,124,0.034013605442176874,553724.8599999999,0.0,4597.385595238095,Friday,0,1
2015-01-24,4004609.82,3181968.24,143,60,0.7762237762237763,162,745,37,0.0,162,0.049664429530201344,822641.5799999996,0.0,5375.315194630873,Saturday,1,1
2015-01-25,4665645.74,3747345.78,165,81,0.8303030303030303,187,876,58,0.0,187,0.06621004566210045,918299.9600000004,0.0,5326.079611872146,Sunday,1,1
2015-01-26,4084367.08,3209020.3,152,62,0.7828947368421053,170,856,73,0.0,170,0.0852803738317757,875346.7800000003,0.0,4771.456869158878,Monday,0,1
2015-01-27,3116141.82,2455632.77,120,56,0.825,134,592,25,0.0,134,0.04222972972972973,660509.0499999998,0.0,5263.753074324324,Tuesday,0,1
2015-01-28,4612174.41,3603868.33,188,89,0.8297872340425532,223,1061,91,0.0,223,0.08576814326107446,1008306.0800000001,0.0,4347.00698397738,Wednesday,0,1
2015-01-29,5300109.93,4295752.25,193,86,0.7823834196891192,219,992,86,0.0,219,0.08669354838709678,1004357.6799999997,0.0,5342.852752016129,Thursday,0,1
2015-01-30,4336302.07,3457573.62,174,80,0.8160919540229885,203,913,47,8990.53,203,0.05147864184008762,878728.4500000002,0.002073317276994958,4749.509386637459,Friday,0,1
2015-01-31,4195901.17,3269383.7,180,78,0.7611111111111111,218,926,35,21203.74,218,0.03779697624190065,926517.4699999997,0.0050534412372729934,4531.210766738661,Saturday,1,1
2015-02-01,4977201.37,4063980.38,186,91,0.8387096774193549,215,978,84,48158.13,215,0.08588957055214724,913220.9900000002,0.009675744744882604,5089.162955010225,Sunday,1,2
2015-02-02,2901454.29,2325361.53,98,40,0.8163265306122449,103,460,13,46481.45,103,0.02826086956521739,576092.7600000002,0.016020052482026176,6307.509326086956,Monday,0,2
2015-02-03,1779457.49,1427675.21,71,26,0.8169014084507042,80,341,37,57451.9,80,0.10850439882697947,351782.28,0.03228618852816765,5218.350410557185,Tuesday,0,2
2015-02-04,2496729.14,2129083.48,99,40,0.8585858585858586,114,489,19,55665.62,114,0.03885480572597137,367645.66000000015,0.022295418076467836,5105.785562372188,Wednesday,0,2
2015-02-05,2500351.24,2064567.04,86,43,0.7674418604651163,99,437,47,79577.78,99,0.10755148741418764,435784.2000000002,0.03182664048431851,5721.627551487415,Thursday,0,2
2015-02-06,3457294.9,2699578.13,115,62,0.7478260869565218,130,582,19,60082.49,130,0.03264604810996564,757716.77,0.017378468351079916,5940.369243986254,Friday,0,2
2015-02-07,3570886.94,2952636.69,142,63,0.8098591549295775,155,678,29,94474.78,155,0.04277286135693215,618250.25,0.02645695077649252,5266.794896755162,Saturday,1,2
2015-02-08,4197082.23,3455113.24,160,64,0.78125,183,830,44,135686.19,183,0.05301204819277108,741968.9900000002,0.03232869468940569,5056.725578313253,Sunday,1,2
2015-02-09,4490187.64,3675813.84,140,62,0.7785714285714286,160,767,15,105429.88,160,0.01955671447196871,814373.7999999998,0.02348006106934097,5854.221173402868,Monday,0,2
2015-02-10,2813867.9,2247526.75,118,48,0.7627118644067796,136,639,33,92785.12,136,0.051643192488262914,566341.1499999999,0.03297422739709991,4403.549139280125,Tuesday,0,2
2015-02-11,3311241.3,2623112.64,123,50,0.7886178861788617,138,651,30,76008.59,138,0.04608294930875576,688128.6599999997,0.022954711877989684,5086.392165898617,Wednesday,0,2
2015-02-12,3468141.29,2797170.91,132,58,0.7651515151515151,151,657,26,90071.08,151,0.0395738203957382,670970.3799999999,0.02597099497062301,5278.753866057838,Thursday,0,2
2015-02-13,4164849.99,3458801.88,152,75,0.7828947368421053,177,833,23,116359.02,177,0.027611044417767107,706048.1100000003,0.027938345985901884,4999.819915966387,Friday,0,2
2015-02-14,4312422.12,3541992.72,171,69,0.8245614035087719,197,947,48,145885.49,197,0.050686378035902854,770429.3999999999,0.03382913034496725,4553.772038014784,Saturday,1,2
2015-02-15,4757224.49,3925128.98,201,100,0.8208955223880597,228,1051,55,149895.32,228,0.05233111322549953,832095.5100000002,0.03150898603063401,4526.37915318744,Sunday,1,2
2015-02-16,4817928.66,3988291.36,219,100,0.7899543378995434,240,1066,63,154449.84,240,0.05909943714821764,829637.3000000003,0.03205731153354188,4519.632889305816,Monday,0,2
2015-02-17,4293160.67,3537248.79,142,72,0.7887323943661971,159,727,60,109270.43000000001,159,0.08253094910591471,755911.8799999999,0.02545221071355804,5905.310412654745,Tuesday,0,2
2015-02-18,3209407.04,2685036.44,135,70,0.7851851851851852,143,579,11,64071.59,143,0.018998272884283247,524370.6000000001,0.019963684631289398,5543.017340241796,Wednesday,0,2
2015-02-19,3793775.02,3109300.19,153,78,0.8169934640522876,171,797,21,105122.64,171,0.026348808030112924,684474.8300000001,0.02770924460354531,4760.069033877039,Thursday,0,2
2015-02-20,4760336.65,3942085.3,176,77,0.7670454545454546,205,938,64,146013.53,205,0.06823027718550106,818251.3500000006,0.03067294200715825,5074.985767590619,Friday,0,2
2015-02-21,4368539.08,3544819.23,198,90,0.8181818181818182,220,931,59,154322.68,220,0.06337271750805586,823719.8500000001,0.03532592410733338,4692.3083566058,Saturday,1,2
2015-02-22,5784606.22,4804964.15,224,104,0.8125,252,1167,71,165411.53,252,0.060839760068551844,979642.0699999994,0.02859512362796581,4956.817669237361,Sunday,1,2
2015-02-23,7360399.98,5966271.62,275,123,0.8109090909090909,315,1473,25,191887.67,315,0.01697216564833673,1394128.3600000003,0.026070277501413722,4996.877107942973,Monday,0,2
2015-02-24,5473140.47,4450268.77,212,96,0.7971698113207547,232,996,45,108607.49,232,0.045180722891566265,1022871.7000000002,0.0198437242009979,5495.120953815261,Tuesday,0,2
2015-02-25,8502202.85,7083827.01,375,170,0.8133333333333334,437,1942,121,288697.6,437,0.06230690010298661,1418375.8399999999,0.03395562362993962,4378.065319258496,Wednesday,0,2
2015-02-26,6528340.52,5386905.64,257,118,0.8210116731517509,284,1305,67,151171.13,284,0.05134099616858238,1141434.88,0.023156134324929488,5002.559785440612,Thursday,0,2
2015-02-27,4695415.58,3896449.69,196,91,0.8112244897959183,226,967,38,154999.44,226,0.03929679420889348,798965.8900000001,0.033010803273775396,4855.652099276112,Friday,0,2
2015-02-28,3896812.17,3287398.94,159,72,0.8176100628930818,184,837,56,109392.42,184,0.06690561529271206,609413.23,0.028072284530973428,4655.689569892473,Saturday,1,2
2015-03-01,4612623.19,3760240.57,201,86,0.7711442786069652,232,971,83,122033.92,232,0.0854788877445932,852382.6200000006,0.026456511831394577,4750.384335736355,Sunday,1,3
2015-03-02,1204115.66,996728.16,44,21,0.8863636363636364,46,206,14,0.0,46,0.06796116504854369,207387.49999999988,0.0,5845.221650485437,Monday,0,3
2015-03-03,2971078.12,2450231.82,88,32,0.8409090909090909,93,437,23,0.0,93,0.05263157894736842,520846.3000000003,0.0,6798.805766590389,Tuesday,0,3
2015-03-04,3275231.73,2540097.74,114,53,0.7807017543859649,121,526,51,0.0,121,0.09695817490494296,735133.9899999998,0.0,6226.676292775665,Wednesday,0,3
2015-03-05,3623778.02,2818823.69,130,51,0.7538461538461538,141,631,29,0.0,141,0.04595879556259905,804954.3300000001,0.0,5742.912868462758,Thursday,0,3
2015-03-06,4126698.63,3333077.32,113,56,0.7433628318584071,120,554,16,0.0,120,0.02888086642599278,793621.31,0.0,7448.9144945848375,Friday,0,3
2015-03-07,3652751.16,2946148.77,122,48,0.8524590163934426,140,667,37,0.0,140,0.05547226386806597,706602.3900000001,0.0,5476.388545727136,Saturday,1,3
2015-03-08,3679065.16,2903799.07,124,62,0.8145161290322581,135,650,45,0.0,135,0.06923076923076923,775266.0900000003,0.0,5660.1002461538465,Sunday,1,3
2015-03-09,4520902.2,3610296.4,171,83,0.7953216374269005,196,822,53,0.0,196,0.06447688564476886,910605.8000000003,0.0,5499.881021897811,Monday,0,3
2015-03-10,5042080.93,3980962.03,167,78,0.7964071856287425,183,877,24,0.0,183,0.027366020524515394,1061118.9,0.0,5749.237092360319,Tuesday,0,3
2015-03-11,6098020.8,4928286.75,240,111,0.7666666666666667,269,1183,71,0.0,269,0.060016906170752324,1169734.0499999998,0.0,5154.709044801352,Wednesday,0,3
2015-03-12,4869770.72,3760439.95,184,102,0.782608695652174,216,990,20,0.0,216,0.020202020202020204,1109330.7699999996,0.0,4918.960323232323,Thursday,0,3
2015-03-13,3474969.89,2712283.16,135,55,0.8,146,651,42,0.0,146,0.06451612903225806,762686.73,0.0,5337.895376344086,Friday,0,3
2015-03-14,4711284.42,3671123.8,172,77,0.8604651162790697,187,871,21,0.0,187,0.024110218140068886,1040160.6200000001,0.0,5409.05214695752,Saturday,1,3
2015-03-15,5040735.75,4008157.53,198,86,0.8333333333333334,222,1022,52,0.0,222,0.050880626223091974,1032578.2200000002,0.0,4932.2267612524465,Sunday,1,3
2015-03-16,5602879.7,4422966.9,212,97,0.8254716981132075,245,1020,28,0.0,245,0.027450980392156862,1179912.7999999998,0.0,5493.01931372549,Monday,0,3
2015-03-17,5692241.74,4623906.32,238,104,0.7941176470588235,275,1246,54,0.0,275,0.04333868378812199,1068335.42,0.0,4568.412311396469,Tuesday,0,3
2015-03-18,6793794.72,5583548.33,274,126,0.8138686131386861,303,1331,61,158915.14,303,0.04583020285499624,1210246.3899999997,0.023391218979898765,5104.27852742299,Wednesday,0,3
2015-03-19,6012381.06,5053767.27,236,111,0.7838983050847458,257,1171,81,257056.31,257,0.06917164816396243,958613.79,0.042754494007404116,5134.398855678906,Thursday,0,3
2015-03-20,4887915.96,4122124.89,208,88,0.7932692307692307,236,1053,10,204859.15,236,0.00949667616334283,765791.0699999998,0.041911348655839,4641.895498575498,Friday,0,3
2015-03-21,4566270.71,4002288.11,199,81,0.7989949748743719,220,966,45,379504.51,220,0.046583850931677016,563982.6000000001,0.08311038352783075,4726.9883126294,Saturday,1,3
2015-03-22,5271032.0,4721422.49,222,96,0.7882882882882883,248,1116,29,632523.86,248,0.025985663082437275,549609.5099999998,0.12000000379432339,4723.1469534050175,Sunday,1,3
2015-03-23,5172623.98,4663072.48,222,111,0.8018018018018018,252,1112,60,620714.88,252,0.0539568345323741,509551.5,0.12000000046398114,4651.640269784173,Monday,0,3
2015-03-24,6187718.83,5662250.07,280,121,0.7714285714285715,309,1404,93,742526.4,309,0.06623931623931624,525468.7599999998,0.12000002269010662,4407.207143874644,Tuesday,0,3
2015-03-25,6763449.95,6062883.43,314,143,0.8598726114649682,350,1553,51,811613.97,350,0.032839665164198326,700566.5200000005,0.1199999964515151,4355.086896329684,Wednesday,0,3
2015-03-26,6983791.47,6190732.25,307,136,0.8175895765472313,345,1558,57,838055.0,345,0.036585365853658534,793059.2199999997,0.12000000337925325,4482.536245186136,Thursday,0,3
2015-03-27,5007891.27,4516109.24,231,102,0.7619047619047619,259,1177,54,600946.91,259,0.045879354290569246,491782.02999999933,0.11999999153336252,4254.792922684792,Friday,0,3
2015-03-28,5941997.22,5296480.62,253,115,0.8379446640316206,285,1283,59,713039.71,285,0.04598597038191738,645516.5999999996,0.1200000073376002,4631.3306469212785,Saturday,1,3
2015-03-29,6087900.7,5431213.47,269,109,0.8066914498141264,298,1372,51,730548.08,298,0.03717201166180758,656687.2300000004,0.11999999934295905,4437.245408163266,Sunday,1,3
2015-03-30,14251354.04,12890205.46,613,265,0.831973898858075,698,3058,128,1710162.45,698,0.041857423152387184,1361148.5799999982,0.11999999755812676,4660.351223021583,Monday,0,3
2015-03-31,14813965.34,13306811.36,624,271,0.7900641025641025,709,3234,141,1777675.91,709,0.04359925788497217,1507153.9800000004,0.12000000467126784,4580.694291898578,Tuesday,0,3
2015-04-01,13697879.88,12323133.99,627,278,0.8086124401913876,732,3217,89,1643745.7,732,0.027665526888405345,1374745.8900000006,0.1200000083516574,4257.9670127447935,Wednesday,0,4
2015-04-02,11638587.41,10494545.99,497,230,0.7847082494969819,562,2491,99,1396630.43,562,0.03974307507025291,1144041.42,0.11999999491347206,4672.255082296267,Thursday,0,4
2015-04-03,10239965.04,9205352.56,455,214,0.8285714285714286,514,2286,57,1228795.81,514,0.024934383202099737,1034612.4799999986,0.12000000050781424,4479.424776902887,Friday,0,4
2015-04-04,4214414.51,3835706.41,147,71,0.7687074829931972,160,752,13,505729.76,160,0.017287234042553192,378708.0999999996,0.12000000446088062,5604.274614361701,Saturday,1,4
2015-04-05,4549233.48,4060392.25,189,89,0.7513227513227513,207,918,75,545908.04,207,0.08169934640522876,488841.23000000045,0.12000000492390643,4955.592026143791,Sunday,1,4
2015-04-06,5947351.85,5501604.96,227,94,0.8149779735682819,254,1195,54,713682.2,254,0.045188284518828455,445746.88999999966,0.11999999630087464,4976.863472803347,Monday,0,4
2015-04-07,6969771.13,6115686.29,272,108,0.7757352941176471,294,1283,59,836372.51,294,0.04598597038191738,854084.8399999999,0.11999999632699561,5432.401504286828,Tuesday,0,4
2015-04-08,6923568.08,6092200.11,268,132,0.8059701492537313,287,1276,25,830828.22,287,0.019592476489028215,831367.9699999997,0.12000000727948355,5425.993793103448,Wednesday,0,4
2015-04-09,5334934.77,4630574.68,211,86,0.7962085308056872,224,1068,32,640192.17,224,0.0299625468164794,704360.0899999999,0.1199999995501351,4995.257275280898,Thursday,0,4
2015-04-10,5286341.9,4755107.84,236,103,0.8050847457627118,259,1103,30,634361.05,259,0.027198549410698096,531234.0600000005,0.12000000416166802,4792.694378966456,Friday,0,4
2015-04-11,7223512.23,6692976.84,304,127,0.7828947368421053,327,1464,63,866821.49,327,0.0430327868852459,530535.3900000006,0.12000000310098456,4934.093053278689,Saturday,1,4
2015-04-12,6941143.47,6173613.48,292,119,0.8013698630136986,321,1440,38,832937.22,321,0.02638888888888889,767529.9899999993,0.12000000051864654,4820.2385208333335,Sunday,1,4
2015-04-13,8008850.6,7198672.06,332,152,0.8102409638554217,360,1611,36,961062.12,360,0.0223463687150838,810178.54,0.1200000059933694,4971.353569211669,Monday,0,4
2015-04-14,9764966.49,8525033.47,443,208,0.8058690744920993,506,2178,104,924428.0700000001,506,0.047750229568411386,1239933.0199999996,0.0946678179537716,4483.455688705234,Tuesday,0,4
2015-04-15,8464241.45,7283839.1,341,149,0.782991202346041,376,1679,58,705519.91,376,0.034544371649791544,1180402.3499999996,0.08335299910424933,5041.239696247766,Wednesday,0,4
2015-04-16,6025485.77,5033699.98,266,137,0.8007518796992481,295,1301,31,387549.09,295,0.02382782475019216,991785.7899999991,0.06431831470411058,4631.426418139892,Thursday,0,4
2015-04-17,6481493.13,5294636.04,254,113,0.7716535433070866,275,1285,22,197561.03,275,0.017120622568093387,1186857.0899999999,0.030480789848495914,5043.963525291829,Friday,0,4
2015-04-18,7432727.07,5745887.3,261,116,0.7662835249042146,282,1270,25,0.0,282,0.01968503937007874,1686839.7700000005,0.0,5852.541,Saturday,1,4
2015-04-19,6854069.17,5371424.19,264,117,0.7575757575757576,281,1227,15,0.0,281,0.012224938875305624,1482644.9799999995,0.0,5586.038443357783,Sunday,1,4
2015-04-20,8942873.22,6952833.82,352,149,0.8210227272727273,383,1687,50,0.0,383,0.02963841138114997,1990039.4000000004,0.0,5301.051108476586,Monday,0,4
2015-04-21,11246554.8,8986101.87,429,180,0.8088578088578089,467,2111,44,0.0,467,0.020843202273803884,2260452.9300000016,0.0,5327.595831359546,Tuesday,0,4
2015-04-22,9099886.14,7216624.95,370,166,0.8,395,1722,47,0.0,395,0.0272938443670151,1883261.1900000004,0.0,5284.4867247386765,Wednesday,0,4
2015-04-23,7548994.85,5939101.06,291,140,0.8419243986254296,315,1297,39,0.0,315,0.030069390902081727,1609893.79,0.0,5820.35069390902,Thursday,0,4
2015-04-24,6578500.68,5143109.11,281,112,0.7722419928825622,310,1304,49,0.0,310,0.037576687116564415,1435391.5699999994,0.0,5044.862484662576,Friday,0,4
2015-04-25,9981817.81,7741342.2,381,170,0.7900262467191601,418,1895,52,0.0,418,0.027440633245382585,2240475.6100000003,0.0,5267.45003166227,Saturday,1,4
2015-04-26,8486257.42,6790371.72,352,162,0.8210227272727273,384,1672,51,0.0,384,0.030502392344497607,1695885.7000000002,0.0,5075.512811004784,Sunday,1,4
2015-04-27,11233528.64,8990933.6,431,188,0.7958236658932715,476,2239,65,0.0,476,0.029030817329164807,2242595.040000001,0.0,5017.207967842787,Monday,0,4
2015-04-28,14371525.01,11368208.46,555,244,0.8126126126126126,613,2825,61,0.0,613,0.0215929203539823,3003316.549999999,0.0,5087.265490265487,Tuesday,0,4
2015-04-29,15294818.22,12456433.34,628,269,0.7945859872611465,699,3126,132,0.0,699,0.04222648752399232,2838384.880000001,0.0,4892.77614203455,Wednesday,0,4
2015-04-30,14911130.64,11744026.43,546,251,0.8296703296703297,626,2893,76,0.0,626,0.026270307639128933,3167104.210000001,0.0,5154.210383684756,Thursday,0,4
2015-05-01,11462217.29,9026019.09,469,213,0.8081023454157783,530,2429,53,0.0,530,0.02181967888019761,2436198.1999999993,0.0,4718.903783449979,Friday,0,5
2015-05-02,8951414.69,7003240.14,360,173,0.7972222222222223,390,1716,65,0.0,390,0.03787878787878788,1948174.5499999998,0.0,5216.442127039627,Saturday,1,5
2015-05-03,7902349.85,6325430.88,315,124,0.8,350,1599,50,0.0,350,0.031269543464665414,1576918.9699999997,0.0,4942.057442151345,Sunday,1,5
2015-05-04,4063632.19,3220456.05,132,57,0.7954545454545454,140,671,18,0.0,140,0.026825633383010434,843176.1400000001,0.0,6056.0837406855435,Monday,0,5
2015-05-05,4993358.48,3895803.59,175,95,0.8114285714285714,185,838,18,0.0,185,0.021479713603818614,1097554.8900000006,0.0,5958.661670644392,Tuesday,0,5
2015-05-06,5912157.02,4721080.32,201,89,0.8208955223880597,217,998,63,0.0,217,0.06312625250501001,1191076.6999999993,0.0,5924.00503006012,Wednesday,0,5
2015-05-07,6417545.13,5062352.65,212,102,0.8160377358490566,225,998,48,0.0,225,0.04809619238476954,1355192.4799999995,0.0,6430.405941883768,Thursday,0,5
2015-05-08,4654167.53,3561342.38,171,75,0.8187134502923976,186,810,53,0.0,186,0.0654320987654321,1092825.1500000004,0.0,5745.885839506173,Friday,0,5
2015-05-09,4178643.57,3269969.19,160,67,0.80625,176,731,11,0.0,176,0.015047879616963064,908674.3799999999,0.0,5716.338673050615,Saturday,1,5
2015-05-10,5135747.06,3949880.44,210,82,0.8047619047619048,231,998,26,0.0,231,0.026052104208416832,1185866.6199999996,0.0,5146.039138276553,Sunday,1,5
2015-05-11,6740124.2,5364204.35,241,109,0.7676348547717843,268,1198,25,0.0,268,0.020868113522537562,1375919.8500000006,0.0,5626.147078464107,Monday,0,5
2015-05-12,6877097.83,5464941.46,268,132,0.835820895522388,303,1334,49,0.0,303,0.03673163418290855,1412156.37,0.0,5155.245749625187,Tuesday,0,5
2015-05-13,8472230.27,6752088.25,314,148,0.8121019108280255,342,1565,59,0.0,342,0.03769968051118211,1720142.0199999996,0.0,5413.565667731629,Wednesday,0,5
2015-05-14,8373161.73,6566657.69,310,124,0.8064516129032258,340,1535,80,0.0,340,0.05211726384364821,1806504.04,0.0,5454.828488599349,Thursday,0,5
2015-05-15,6454103.0,5103049.75,246,110,0.8048780487804879,271,1225,52,0.0,271,0.04244897959183674,1351053.25,0.0,5268.655510204082,Friday,0,5
2015-05-16,6409003.84,5140481.43,246,100,0.7723577235772358,273,1264,16,0.0,273,0.012658227848101266,1268522.4100000001,0.0,5070.414430379747,Saturday,1,5
2015-05-17,6593507.34,5168476.45,254,122,0.8188976377952756,284,1259,49,0.0,284,0.03891977760127085,1425030.8899999997,0.0,5237.098760921366,Sunday,1,5
2015-05-18,7049312.68,5707463.8,289,115,0.7716262975778547,315,1361,73,0.0,315,0.05363703159441587,1341848.88,0.0,5179.509684055841,Monday,0,5
2015-05-19,8167385.27,6584434.28,340,161,0.7617647058823529,366,1599,59,0.0,366,0.03689806128830519,1582950.9899999993,0.0,5107.808173858662,Tuesday,0,5
2015-05-20,10886447.11,8610088.68,429,205,0.7668997668997669,475,2160,118,0.0,475,0.05462962962962963,2276358.4299999997,0.0,5040.021810185185,Wednesday,0,5
2015-05-21,9585349.34,7629673.54,357,163,0.8095238095238095,391,1753,88,0.0,391,0.05019965772960639,1955675.7999999998,0.0,5467.968819167142,Thursday,0,5
2015-05-22,6849849.55,5526949.11,273,117,0.8058608058608059,296,1304,76,0.0,296,0.05828220858895705,1322900.4399999995,0.0,5252.952108895705,Friday,0,5
2015-05-23,5769728.11,4699867.99,242,105,0.8099173553719008,268,1123,59,0.0,268,0.05253784505788068,1069860.12,0.0,5137.781041852182,Saturday,1,5
2015-05-24,7759286.87,6115304.75,289,130,0.7681660899653979,309,1362,62,0.0,309,0.04552129221732746,1643982.12,0.0,5696.980080763583,Sunday,1,5
2015-05-25,6648911.62,5479719.27,257,121,0.8132295719844358,277,1206,31,0.0,277,0.02570480928689884,1169192.3500000006,0.0,5513.193714759535,Monday,0,5
2015-05-26,7250067.07,5753775.74,288,127,0.7569444444444444,313,1413,54,0.0,313,0.03821656050955414,1496291.33,0.0,5130.97457183298,Tuesday,0,5
2015-05-27,11264269.11,8911794.91,426,187,0.8004694835680751,458,2082,70,0.0,458,0.03362151777137368,2352474.1999999993,0.0,5410.311772334294,Wednesday,0,5
2015-05-28,10886440.76,8702126.28,390,192,0.8153846153846154,428,2029,41,0.0,428,0.020206998521439132,2184314.4800000004,0.0,5365.421764415968,Thursday,0,5
2015-05-29,7443400.33,6010039.49,302,137,0.7980132450331126,329,1529,13,0.0,329,0.008502289077828646,1433360.8399999999,0.0,4868.149332897318,Friday,0,5
2015-05-30,14386454.27,11671007.33,581,273,0.810671256454389,653,2993,160,0.0,653,0.053458068827263616,2715446.9399999995,0.0,4806.700390912129,Saturday,1,5
2015-05-31,12847323.1,10142347.13,526,222,0.8174904942965779,598,2774,99,0.0,598,0.03568853640951694,2704975.969999999,0.0,4631.334931506849,Sunday,1,5
2015-06-01,12707400.56,9938849.85,485,205,0.8,557,2654,106,0.0,557,0.039939713639788994,2768550.710000001,0.0,4788.018296910324,Monday,0,6
2015-06-02,10370270.22,8221123.6,448,200,0.7991071428571429,502,2156,86,0.0,502,0.039888682745825604,2149146.620000001,0.0,4809.958358070501,Tuesday,0,6
2015-06-03,12915899.82,10182209.97,499,225,0.7935871743486974,567,2606,83,0.0,567,0.0318495778971604,2733689.8499999996,0.0,4956.216354566385,Wednesday,0,6
2015-06-04,4389371.3,3612066.24,142,70,0.8098591549295775,155,689,13,0.0,155,0.018867924528301886,777305.0599999996,0.0,6370.640493468795,Thursday,0,6
2015-06-05,4689415.18,3666593.72,158,72,0.7974683544303798,173,804,20,0.0,173,0.024875621890547265,1022821.4599999995,0.0,5832.605945273632,Friday,0,6
2015-06-06,4504545.31,3683127.75,155,62,0.832258064516129,166,777,26,0.0,166,0.03346203346203346,821417.5599999996,0.0,5797.355611325611,Saturday,1,6
2015-06-07,4737477.49,3636812.14,163,79,0.8098159509202454,177,836,29,0.0,177,0.034688995215311005,1100665.35,0.0,5666.839102870814,Sunday,1,6
2015-06-08,5997977.12,4767036.54,199,84,0.7939698492462312,221,1042,42,0.0,221,0.04030710172744722,1230940.58,0.0,5756.216046065259,Monday,0,6
2015-06-09,7149148.38,5741574.05,260,112,0.7884615384615384,279,1201,22,0.0,279,0.018318068276436304,1407574.33,0.0,5952.663097418817,Tuesday,0,6
2015-06-10,7033422.25,5437275.2,245,109,0.7918367346938775,268,1240,35,0.0,268,0.028225806451612902,1596147.0499999998,0.0,5672.114717741935,Wednesday,0,6
2015-06-11,5174085.58,4188520.67,177,71,0.7344632768361582,196,937,21,0.0,196,0.022411953041622197,985564.9100000001,0.0,5521.969669156883,Thursday,0,6
2015-06-12,6351066.12,4900508.38,218,101,0.8256880733944955,248,1160,39,0.0,248,0.03362068965517241,1450557.7400000002,0.0,5475.057,Friday,0,6
2015-06-13,5087923.97,3913528.15,205,88,0.8634146341463415,229,982,23,0.0,229,0.023421588594704685,1174395.8199999998,0.0,5181.1853054989815,Saturday,1,6
2015-06-14,7257781.25,5645520.63,240,104,0.8208333333333333,260,1237,20,0.0,260,0.016168148746968473,1612260.62,0.0,5867.244341147939,Sunday,1,6
2015-06-15,7185781.7,5677039.63,270,117,0.8333333333333334,302,1409,28,0.0,302,0.0198722498225692,1508742.0700000003,0.0,5099.916039744499,Monday,0,6
2015-06-16,7904688.49,6283325.81,311,142,0.7556270096463023,343,1493,32,0.0,343,0.021433355659745478,1621362.6800000006,0.0,5294.499993302076,Tuesday,0,6
2015-06-17,8476249.0,6775868.17,300,131,0.75,345,1593,15,0.0,345,0.009416195856873822,1700380.83,0.0,5320.934714375392,Wednesday,0,6
2015-06-18,6561476.72,5174441.56,220,122,0.8136363636363636,251,1142,19,0.0,251,0.016637478108581436,1387035.1600000001,0.0,5745.601330998248,Thursday,0,6
2015-06-19,5300940.37,4147889.8,206,91,0.8058252427184466,223,958,11,0.0,223,0.011482254697286013,1153050.5700000003,0.0,5533.340678496868,Friday,0,6
2015-06-20,5709630.01,4391167.7,218,97,0.7706422018348624,234,1045,29,0.0,234,0.027751196172248804,1318462.3099999996,0.0,5463.760775119617,Saturday,1,6
2015-06-21,5755437.59,4546815.45,228,101,0.793859649122807,251,1100,29,0.0,251,0.026363636363636363,1208622.1399999997,0.0,5232.215990909091,Sunday,1,6
2015-06-22,8091120.75,6486078.97,269,130,0.79182156133829,284,1308,45,0.0,284,0.034403669724770644,1605041.7800000003,0.0,6185.872133027523,Monday,0,6
2015-06-23,8014615.36,6549729.21,318,135,0.7767295597484277,349,1524,37,266721.53,349,0.024278215223097113,1464886.1500000004,0.033279392462322734,5258.933963254593,Tuesday,0,6
2015-06-24,8106694.48,6848465.28,290,133,0.8103448275862069,318,1398,24,402220.93,318,0.017167381974248927,1258229.2000000002,0.04961589843953265,5798.780028612304,Wednesday,0,6
2015-06-25,6395417.81,5471074.95,247,110,0.805668016194332,262,1122,14,441781.07,262,0.012477718360071301,924342.8599999994,0.0690777495895925,5700.015873440285,Thursday,0,6
2015-06-26,5791488.27,5164656.66,243,115,0.7942386831275721,260,1189,29,694330.17,260,0.024390243902439025,626831.6099999994,0.11988803872687462,4870.8900504625735,Friday,0,6
2015-06-27,5907901.77,5761761.16,267,113,0.797752808988764,295,1337,27,1063422.35,295,0.02019446522064323,146140.6099999994,0.18000000531491575,4418.774697083021,Saturday,1,6
2015-06-28,7048110.81,6755443.51,324,130,0.808641975308642,361,1708,38,1268659.91,361,0.02224824355971897,292667.2999999998,0.17999999492062468,4126.528577283372,Sunday,1,6
2015-06-29,10266326.47,10003747.48,525,245,0.8171428571428572,580,2649,83,1847938.89,580,0.03133257833144583,262578.9900000002,0.18000001221469045,3875.5479312948287,Monday,0,6
2015-06-30,10954727.42,10628217.87,557,237,0.800718132854578,621,2706,87,1971850.91,621,0.03215077605321508,326509.55000000075,0.17999999766310934,4048.310206947524,Tuesday,0,6
2015-07-01,9503954.04,9190648.76,458,188,0.8165938864628821,526,2404,62,1710711.71,526,0.025790349417637273,313305.27999999933,0.17999999819022694,3953.391863560732,Wednesday,0,7
2015-07-02,8552727.69,8154787.16,386,154,0.7979274611398963,422,1933,19,1539490.93,422,0.00982928091050181,397940.52999999933,0.17999999366284045,4424.587527159855,Thursday,0,7
2015-07-03,6047919.06,5867150.51,274,133,0.8138686131386861,311,1363,22,1088625.42,311,0.016140865737344093,180768.5499999998,0.17999999821426182,4437.211342626559,Friday,0,7
2015-07-04,1184319.43,1068025.58,42,18,0.8809523809523809,44,219,8,213177.48,44,0.0365296803652968,116293.84999999986,0.1799999853080178,5407.851278538812,Saturday,1,7
2015-07-05,2966146.59,2810871.75,115,38,0.782608695652174,122,551,14,533906.39,122,0.025408348457350273,155274.83999999985,0.18000000128112348,5383.2061524500905,Sunday,1,7
2015-07-06,2490899.57,2437063.72,122,57,0.7540983606557377,130,543,21,448361.98,130,0.03867403314917127,53835.84999999963,0.1800000230438837,4587.292025782688,Monday,0,7
2015-07-07,4185006.32,3947428.34,161,82,0.8633540372670807,174,814,19,753301.11,174,0.02334152334152334,237577.97999999998,0.1799999934050279,5141.285405405405,Tuesday,0,7
2015-07-08,4333446.86,4256271.94,192,87,0.8125,206,941,36,780020.33,206,0.03825717321997875,77174.91999999993,0.17999997581601818,4605.150754516472,Wednesday,0,7
2015-07-09,6011409.46,5756814.71,227,97,0.8193832599118943,247,1099,21,1082053.72,247,0.01910828025477707,254594.75,0.18000000286122583,5469.890318471337,Thursday,0,7
2015-07-10,3936544.23,3750891.91,164,70,0.7926829268292683,176,778,3,708577.88,176,0.0038560411311053984,185652.31999999983,0.17999997932196485,5059.825488431877,Friday,0,7
2015-07-11,3965266.87,3859812.43,168,75,0.8392857142857143,186,831,31,713747.99,186,0.03730445246690734,105454.43999999994,0.17999998824795366,4771.680950661853,Saturday,1,7
2015-07-12,4444033.83,4308843.11,194,79,0.7835051546391752,211,930,16,799926.02,211,0.017204301075268817,135190.71999999974,0.17999998438355722,4778.531,Sunday,1,7
2015-07-13,4008119.02,3879117.89,188,90,0.7978723404255319,211,922,37,721461.42,211,0.04013015184381779,129001.12999999989,0.1799999991018231,4347.200672451193,Monday,0,7
2015-07-14,4541662.42,4427340.58,215,99,0.8093023255813954,239,1034,24,817499.2,239,0.02321083172147002,114321.83999999985,0.17999999216146056,4392.323423597679,Tuesday,0,7
2015-07-15,6195528.74,5945270.24,269,127,0.7174721189591078,284,1342,46,1115195.17,284,0.03427719821162444,250258.5,0.17999999948349846,4616.638405365127,Wednesday,0,7
2015-07-16,5351713.45,5204783.4,245,113,0.8244897959183674,262,1107,16,963308.39,262,0.014453477868112014,146930.0499999998,0.17999999420746265,4834.429494128275,Thursday,0,7
2015-07-17,3953465.4,3879500.64,178,93,0.8202247191011236,190,867,18,711623.75,190,0.020761245674740483,73964.75999999978,0.1799999944352618,4559.937024221454,Friday,0,7
2015-07-18,4352743.94,4230281.82,182,89,0.7802197802197802,194,882,33,783493.89,194,0.03741496598639456,122462.12000000011,0.1799999955889893,4935.083832199547,Saturday,1,7
2015-07-19,4734057.3,4244345.55,200,87,0.79,211,910,22,432318.15,211,0.024175824175824177,489711.75,0.09132085283378383,5202.260769230769,Sunday,1,7
2015-07-20,4593431.52,3967198.09,201,89,0.7910447761194029,216,954,28,299052.66,216,0.029350104821802937,626233.4299999997,0.06510441239798868,4814.917735849056,Monday,0,7
2015-07-21,6205610.6,5212906.4,240,100,0.825,259,1165,14,261489.02,259,0.01201716738197425,992704.1999999993,0.042137516653075205,5326.704377682403,Tuesday,0,7
2015-07-22,7003315.42,5699625.87,262,117,0.7748091603053435,284,1328,25,128021.11,284,0.01882530120481928,1303689.5499999998,0.018280071983392116,5273.5808885542165,Wednesday,0,7
2015-07-23,6241579.84,5041557.0,241,110,0.8381742738589212,261,1135,8,0.0,261,0.007048458149779736,1200022.8399999999,0.0,5499.189286343612,Thursday,0,7
2015-07-24,4815209.73,3864863.25,183,88,0.7814207650273224,201,912,14,0.0,201,0.015350877192982455,950346.4800000004,0.0,5279.835230263158,Friday,0,7
2015-07-25,4869837.46,3980424.09,173,69,0.8439306358381503,185,872,7,0.0,185,0.008027522935779817,889413.3700000001,0.0,5584.6759862385325,Saturday,1,7
2015-07-26,5323996.74,4436550.96,191,88,0.8743455497382199,207,911,18,0.0,207,0.019758507135016465,887445.7800000003,0.0,5844.1237541163555,Sunday,1,7
2015-07-27,5603376.79,4431670.86,207,102,0.7874396135265701,227,1041,34,0.0,227,0.03266090297790586,1171705.9299999997,0.0,5382.686637848223,Monday,0,7
2015-07-28,6826651.55,5538901.92,281,124,0.8434163701067615,303,1330,57,0.0,303,0.04285714285714286,1287749.63,0.0,5132.8207142857145,Tuesday,0,7
2015-07-29,9470985.24,7602775.68,367,169,0.776566757493188,404,1758,21,0.0,404,0.011945392491467578,1868209.5600000005,0.0,5387.36361774744,Wednesday,0,7
2015-07-30,10296776.67,9762134.91,471,225,0.7770700636942676,519,2354,90,25600.0,519,0.038232795242141036,534641.7599999998,0.002486214940893731,4374.161711979609,Thursday,0,7
2015-07-31,8227312.7,8001039.19,419,188,0.7971360381861575,457,1987,62,23700.0,457,0.03120281831907398,226273.50999999978,0.0028806489876092834,4140.570055359839,Friday,0,7
2015-08-01,7969399.16,8307674.69,403,191,0.8337468982630273,448,2016,74,34300.0,448,0.03670634920634921,-338275.53000000026,0.0043039631108149935,3953.0749801587303,Saturday,1,8
2015-08-02,5808782.79,6999844.19,357,170,0.8123249299719888,387,1658,18,39600.0,387,0.010856453558504222,-1191061.4000000004,0.0068172630018413895,3503.487810615199,Sunday,1,8
2015-08-03,4720575.96,6451104.36,298,137,0.8087248322147651,319,1538,43,50150.0,319,0.027958387516254877,-1730528.4000000004,0.010623703638061996,3069.2951625487644,Monday,0,8
2015-08-04,2658117.34,3894709.67,181,80,0.8066298342541437,195,837,42,26200.0,195,0.05017921146953405,-1236592.33,0.0098566002357142,3175.76743130227,Tuesday,0,8
2015-08-05,2978173.12,4001425.35,180,77,0.8055555555555556,202,921,25,27600.0,202,0.02714440825190011,-1023252.23,0.009267426334168242,3233.629880564604,Wednesday,0,8
2015-08-06,2558707.18,3656184.22,148,58,0.7635135135135135,157,744,13,24450.0,157,0.01747311827956989,-1097477.04,0.00955560690614078,3439.122553763441,Thursday,0,8
2015-08-07,1981109.04,2648627.83,115,46,0.7391304347826086,123,579,27,16350.0,123,0.046632124352331605,-667518.79,0.008252953103479857,3421.604559585492,Friday,0,8
2015-08-08,1709563.14,2428463.02,106,53,0.839622641509434,118,521,43,14600.0,118,0.08253358925143954,-718899.8800000001,0.008540193490601347,3281.311209213052,Saturday,1,8
2015-08-09,2122689.02,2864218.57,122,58,0.7868852459016393,132,635,36,20500.0,132,0.05669291338582677,-741529.5499999998,0.009657561614936888,3342.817354330709,Sunday,1,8
2015-08-10,2341717.61,3233525.06,144,66,0.8263888888888888,155,710,20,21100.0,155,0.028169014084507043,-891807.4500000002,0.009010480132145397,3298.1938169014084,Monday,0,8
2015-08-11,2434219.28,3451194.49,164,76,0.7804878048780488,176,777,40,23850.0,176,0.05148005148005148,-1016975.2100000004,0.009797802603880454,3132.843346203346,Tuesday,0,8
2015-08-12,3555473.95,4878289.67,260,137,0.7730769230769231,282,1166,36,35550.0,282,0.030874785591766724,-1322815.7199999997,0.009998666985030224,3049.291552315609,Wednesday,0,8
2015-08-13,2921138.79,3979730.24,191,87,0.7539267015706806,210,915,52,24300.0,210,0.05683060109289618,-1058591.4500000002,0.008318673554021718,3192.5014098360657,Thursday,0,8
2015-08-14,2842163.51,3979723.24,160,72,0.825,171,796,33,25300.0,171,0.0414572864321608,-1137559.7300000004,0.008901669418730945,3570.557173366834,Friday,0,8
2015-08-15,2655077.08,3723026.61,169,80,0.7928994082840237,182,836,33,25900.0,182,0.039473684210526314,-1067949.5299999998,0.009754895703442252,3175.9295215311004,Saturday,1,8
2015-08-16,2851597.29,3843042.72,186,93,0.7956989247311828,198,868,38,26100.0,198,0.04377880184331797,-991445.4300000002,0.009152765045586082,3285.2503341013826,Sunday,1,8
2015-08-17,2804909.03,3580539.39,177,86,0.7570621468926554,193,882,29,22500.0,193,0.032879818594104306,-775630.3600000003,0.008021650527468265,3180.168968253968,Monday,0,8
2015-08-18,3797369.86,5081331.41,234,105,0.8333333333333334,254,1150,54,33800.0,254,0.04695652173913043,-1283961.5500000003,0.008900897528059067,3302.0607478260868,Tuesday,0,8
2015-08-19,3996506.07,5388360.8,269,98,0.8215613382899628,295,1295,35,34450.0,295,0.02702702702702703,-1391854.73,0.008620029444869578,3086.1050733590732,Wednesday,0,8
2015-08-20,3542649.14,4967122.51,231,105,0.7229437229437229,248,1120,46,34750.0,248,0.04107142857142857,-1424473.3699999996,0.009809043635633643,3163.0795892857145,Thursday,0,8
2015-08-21,2826694.43,4029608.29,172,78,0.7674418604651163,187,876,27,25900.0,187,0.030821917808219176,-1202913.8599999999,0.009162645854154104,3226.8201255707763,Friday,0,8
2015-08-22,2330134.4,3196044.6,150,65,0.7933333333333333,167,781,11,22650.0,167,0.014084507042253521,-865910.2000000002,0.009720469342884256,2983.5267605633803,Saturday,1,8
2015-08-23,2980880.01,4035327.45,201,89,0.8109452736318408,222,1003,37,28300.0,222,0.036889332003988036,-1054447.4400000004,0.009493840713165775,2971.9641176470586,Sunday,1,8
2015-08-24,2905862.72,4140352.34,199,94,0.7889447236180904,209,936,23,29250.0,209,0.024572649572649572,-1234489.6199999996,0.010065857481388522,3104.5541880341884,Monday,0,8
2015-08-25,3470416.25,4713031.14,227,109,0.8325991189427313,254,1116,61,31900.0,254,0.05465949820788531,-1242614.8899999997,0.009191980933122935,3109.6919802867383,Tuesday,0,8
2015-08-26,4027164.09,5549423.27,267,105,0.8277153558052435,288,1280,35,39450.0,288,0.02734375,-1522259.1799999997,0.009795975311251844,3146.2219453125,Wednesday,0,8
2015-08-27,3564052.29,4867784.09,245,105,0.7673469387755102,265,1202,25,35550.0,265,0.020798668885191347,-1303731.7999999998,0.009974601130220792,2965.101738768719,Thursday,0,8
2015-08-28,8506950.72,11044258.41,599,271,0.7662771285475793,683,3018,68,80000.0,683,0.02253147779986746,-2537307.6899999995,0.00940407469528635,2818.7378131212727,Friday,0,8
2015-08-29,7794439.44,10361751.16,541,240,0.7874306839186691,619,2802,76,71400.0,619,0.027123483226266953,-2567311.7199999997,0.009160376515799833,2781.7414132762315,Saturday,1,8
2015-08-30,7344062.69,9260104.74,512,205,0.806640625,575,2575,92,127706.91,575,0.03572815533980583,-1916042.0499999998,0.01738913669322177,2852.0631805825246,Sunday,1,8
2015-08-31,7854391.23,10070785.58,509,221,0.8271119842829077,583,2544,79,167534.07,583,0.031053459119496855,-2216394.3499999996,0.021329987913016143,3087.417936320755,Monday,0,8
2015-09-01,6760812.85,8154672.78,446,201,0.8071748878923767,510,2259,33,170648.74,510,0.014608233731739707,-1393859.9300000006,0.025240861385476748,2992.8343736166444,Tuesday,0,9
2015-09-02,2200298.26,2129220.78,99,41,0.8383838383838383,105,497,13,176280.09,105,0.026156941649899398,71077.47999999998,0.08011645203046246,4427.159476861167,Wednesday,0,9
2015-09-03,2827263.54,2604249.38,123,60,0.8048780487804879,132,562,17,282726.33,132,0.030249110320284697,223014.16000000015,0.09999999151122643,5030.718042704626,Thursday,0,9
2015-09-04,3174821.93,2868467.84,125,48,0.816,131,635,30,317482.23,131,0.047244094488188976,306354.0900000003,0.10000001165419692,4999.71957480315,Friday,0,9
2015-09-05,4060108.04,3677521.7,178,76,0.7528089887640449,191,836,32,406010.77,191,0.03827751196172249,382586.33999999985,0.09999999162583861,4856.588564593301,Saturday,1,9
2015-09-06,5806076.99,5165364.57,227,95,0.7929515418502202,241,1142,67,580607.75,241,0.05866900175131348,640712.4199999999,0.10000000878390006,5084.130464098073,Sunday,1,9
2015-09-07,5427754.58,4736445.82,236,108,0.7966101694915254,247,1104,48,542775.48,247,0.043478260869565216,691308.7599999998,0.10000000405324147,4916.444365942029,Monday,0,9
2015-09-08,4280040.71,3769505.38,177,82,0.807909604519774,188,841,7,428004.11,188,0.008323424494649227,510535.3300000001,0.10000000911206286,5089.227954815696,Tuesday,0,9
2015-09-09,3647303.9,3266493.41,178,91,0.8033707865168539,191,855,42,364730.42,191,0.04912280701754386,380810.48999999976,0.10000000822525372,4265.852514619883,Wednesday,0,9
2015-09-10,3721441.58,3354394.08,176,88,0.8295454545454546,190,828,15,372144.19,190,0.018115942028985508,367047.5,0.10000000859881832,4494.494661835749,Thursday,0,9
2015-09-11,5440903.55,4839456.19,229,105,0.7685589519650655,247,1097,55,544090.4,247,0.05013673655423884,601447.3599999994,0.10000000827068513,4959.802689152233,Friday,0,9
2015-09-12,4950740.04,4404176.85,239,100,0.8158995815899581,256,1153,30,495074.13,256,0.026019080659150044,546563.1900000004,0.10000002545074049,4293.7901474414575,Saturday,1,9
2015-09-13,6063850.75,5333297.85,259,111,0.7992277992277992,277,1261,24,606385.0,277,0.0190325138778747,730552.9000000004,0.09999998763162171,4808.763481363997,Sunday,1,9
2015-09-14,5951627.11,5241870.86,245,120,0.7918367346938775,272,1212,24,595162.7,272,0.019801980198019802,709756.25,0.09999999815176591,4910.58342409241,Monday,0,9
2015-09-15,4289955.17,3759560.12,191,89,0.774869109947644,213,960,20,428995.53,213,0.020833333333333332,530395.0499999998,0.10000000303033471,4468.703302083333,Tuesday,0,9
2015-09-16,4578098.38,4047593.29,208,92,0.8269230769230769,228,987,15,457809.91,228,0.015197568389057751,530505.0899999999,0.1000000157270539,4638.397548125633,Wednesday,0,9
2015-09-17,4322042.75,3890293.3,197,101,0.7868020304568528,208,1011,63,432204.35,208,0.06231454005934718,431749.4500000002,0.10000001735290563,4275.017556874382,Thursday,0,9
2015-09-18,4626830.39,4125549.97,208,84,0.8221153846153846,226,1042,44,462683.05,226,0.04222648752399232,501280.41999999946,0.10000000237743749,4440.336266794626,Friday,0,9
2015-09-19,4866373.41,4338177.32,233,110,0.8626609442060086,255,1146,34,486637.48,255,0.029668411867364748,528196.0899999999,0.10000002856336501,4246.399136125655,Saturday,1,9
2015-09-20,5970375.19,5199616.34,271,114,0.7601476014760148,294,1243,36,597037.52,294,0.028962188254223652,770758.8500000006,0.10000000016749366,4803.198061142398,Sunday,1,9
2015-09-21,5429549.96,4922952.43,229,92,0.777292576419214,248,1128,57,542955.06,248,0.05053191489361702,506597.53000000026,0.10000001178734896,4813.430815602836,Monday,0,9
2015-09-22,3989413.65,3510644.34,182,72,0.7582417582417582,198,885,28,398941.39,198,0.031638418079096044,478769.31000000006,0.10000000626658508,4507.812033898305,Tuesday,0,9
2015-09-23,4492195.74,4136948.97,195,94,0.8102564102564103,217,965,20,449219.6,217,0.02072538860103627,355246.77,0.10000000578781545,4655.125119170984,Wednesday,0,9
2015-09-24,4990183.49,4532817.65,215,101,0.772093023255814,236,1104,33,499018.37,236,0.029891304347826088,457365.83999999985,0.10000000420826208,4520.093740942029,Thursday,0,9
2015-09-25,5455949.84,4738294.51,246,107,0.7845528455284553,271,1218,57,545594.98,271,0.046798029556650245,717655.3300000001,0.09999999926685543,4479.433366174056,Friday,0,9
2015-09-26,6622087.86,5772363.74,310,154,0.8129032258064516,347,1507,55,662208.86,347,0.0364963503649635,849724.1200000001,0.10000001117472337,4394.218885202389,Saturday,1,9
2015-09-27,9527329.68,8445286.43,466,223,0.8111587982832618,517,2349,104,952733.06,517,0.04427415921668795,1082043.25,0.10000000965643083,4055.908761174968,Sunday,1,9
2015-09-28,8161672.8,7449690.47,376,180,0.7898936170212766,424,1903,86,816167.27,424,0.04519180241723594,711982.3300000001,0.09999999877476098,4288.845401996847,Monday,0,9
2015-09-29,7149980.42,6330231.0,343,146,0.8279883381924198,383,1753,112,635788.23,383,0.0638904734740445,819749.4199999999,0.08892167427781571,4078.7110211066743,Tuesday,0,9
2015-09-30,6245594.21,5509034.08,284,131,0.778169014084507,322,1412,64,553762.96,322,0.0453257790368272,736560.1299999999,0.0886645756000853,4423.225361189801,Wednesday,0,9
2015-10-01,5328206.77,4579676.64,230,95,0.8347826086956521,255,1157,58,365459.18,255,0.05012964563526361,748530.1299999999,0.06858952660352556,4605.191676750215,Thursday,0,10
2015-10-02,2171539.56,1796561.55,92,40,0.7934782608695652,97,404,9,0.0,97,0.022277227722772276,374978.01,0.0,5375.097920792079,Friday,0,10
2015-10-03,4071748.88,3247591.03,124,53,0.7661290322580645,142,667,23,0.0,142,0.034482758620689655,824157.8500000001,0.0,6104.5710344827585,Saturday,1,10
2015-10-04,3492367.73,2871726.8,141,65,0.8085106382978723,163,767,38,0.0,163,0.04954367666232073,620640.9300000002,0.0,4553.282568448501,Sunday,1,10
2015-10-05,4507541.9,3678096.41,180,75,0.85,201,913,21,0.0,201,0.023001095290251915,829445.4900000002,0.0,4937.066703176342,Monday,0,10
2015-10-06,4188998.54,3415837.46,153,59,0.7843137254901961,173,776,14,0.0,173,0.01804123711340206,773161.0800000001,0.0,5398.193994845361,Tuesday,0,10
2015-10-07,3426493.43,2803278.62,129,55,0.7441860465116279,141,619,18,0.0,141,0.029079159935379646,623214.81,0.0,5535.530581583199,Wednesday,0,10
2015-10-08,3233949.18,2641121.98,118,45,0.7966101694915254,131,565,25,0.0,131,0.04424778761061947,592827.2000000002,0.0,5723.80385840708,Thursday,0,10
2015-10-09,3267999.74,2663149.73,125,56,0.816,137,649,61,0.0,137,0.09399075500770417,604850.0100000002,0.0,5035.43873651772,Friday,0,10
2015-10-10,3378102.79,2705337.11,123,60,0.7723577235772358,135,597,33,0.0,135,0.05527638190954774,672765.6800000002,0.0,5658.463634840871,Saturday,1,10
2015-10-11,3286486.34,2566855.85,130,52,0.7615384615384615,138,589,32,0.0,138,0.05432937181663837,719630.4899999998,0.0,5579.7730730050935,Sunday,1,10
2015-10-12,4956524.37,4081540.58,165,73,0.7757575757575758,180,833,43,0.0,180,0.05162064825930372,874983.79,0.0,5950.209327731092,Monday,0,10
2015-10-13,5498991.17,4432958.2,207,100,0.7729468599033816,223,1044,42,0.0,223,0.040229885057471264,1066032.9699999997,0.0,5267.232921455939,Tuesday,0,10
2015-10-14,3411355.27,2666618.8,118,55,0.6949152542372882,128,609,51,0.0,128,0.08374384236453201,744736.4700000002,0.0,5601.568587848933,Wednesday,0,10
2015-10-15,3768908.71,2948986.13,157,71,0.8407643312101911,176,763,72,0.0,176,0.09436435124508519,819922.5800000001,0.0,4939.592018348624,Thursday,0,10
2015-10-16,3821540.36,2987369.39,157,75,0.7898089171974523,177,763,66,0.0,177,0.08650065530799476,834170.9699999997,0.0,5008.5719003931845,Friday,0,10
2015-10-17,3662021.88,2894880.7,156,65,0.7628205128205128,175,789,52,0.0,175,0.06590621039290241,767141.1799999997,0.0,4641.3458555133075,Saturday,1,10
2015-10-18,4235369.07,3332133.13,163,81,0.803680981595092,179,820,59,0.0,179,0.07195121951219512,903235.9400000004,0.0,5165.0842317073175,Sunday,1,10
2015-10-19,6150586.07,4953145.42,234,105,0.7863247863247863,254,1093,64,0.0,254,0.0585544373284538,1197440.6500000004,0.0,5627.251665141812,Monday,0,10
2015-10-20,5151254.9,4073078.24,213,94,0.8028169014084507,240,994,34,0.0,240,0.03420523138832998,1078176.6600000001,0.0,5182.348993963783,Tuesday,0,10
2015-10-21,3861128.76,3112793.66,148,65,0.75,157,690,35,0.0,157,0.050724637681159424,748335.0999999996,0.0,5595.8387826086955,Wednesday,0,10
2015-10-22,3503062.58,2822517.81,138,61,0.8695652173913043,155,692,72,0.0,155,0.10404624277456648,680544.77,0.0,5062.229161849711,Thursday,0,10
2015-10-23,4220053.16,3535441.18,152,83,0.8486842105263158,170,789,36,0.0,170,0.045627376425855515,684611.98,0.0,5348.609835234474,Friday,0,10
2015-10-24,3836294.44,2963519.26,151,58,0.7682119205298014,171,753,75,0.0,171,0.099601593625498,872775.1800000002,0.0,5094.680531208499,Saturday,1,10
2015-10-25,4371735.18,3592252.8,174,86,0.8333333333333334,198,913,72,0.0,198,0.07886089813800658,779482.3799999999,0.0,4788.318926615553,Sunday,1,10
2015-10-26,5670407.54,4548016.77,246,117,0.7926829268292683,286,1313,106,0.0,286,0.08073115003808073,1122390.7700000005,0.0,4318.665300837776,Monday,0,10
2015-10-27,5227347.01,4220293.85,208,92,0.8269230769230769,230,1042,50,0.0,230,0.04798464491362764,1007053.1600000001,0.0,5016.647802303262,Tuesday,0,10
2015-10-28,7029977.95,5631491.38,328,132,0.7865853658536586,372,1564,142,0.0,372,0.0907928388746803,1398486.5700000003,0.0,4494.87081202046,Wednesday,0,10
2015-10-29,7420192.54,6015934.85,286,136,0.7832167832167832,327,1520,88,0.0,327,0.05789473684210526,1404257.6900000004,0.0,4881.705618421052,Thursday,0,10
2015-10-30,7246849.63,5898873.81,269,124,0.7955390334572491,301,1428,124,0.0,301,0.08683473389355742,1347975.8200000003,0.0,5074.824670868347,Friday,0,10
2015-10-31,5833943.99,4766615.28,226,104,0.7964601769911505,251,1112,66,0.0,251,0.05935251798561151,1067328.71,0.0,5246.352508992806,Saturday,1,10
2015-11-01,5794071.48,4691433.96,240,120,0.7875,289,1279,95,0.0,289,0.07427677873338545,1102637.5200000005,0.0,4530.157529319781,Sunday,1,11
2015-11-02,2770297.66,2300656.83,92,32,0.8043478260869565,99,440,38,0.0,99,0.08636363636363636,469640.8300000001,0.0,6296.1310454545455,Monday,0,11
2015-11-03,2095237.3,1642341.12,82,42,0.7682926829268293,87,363,37,0.0,87,0.10192837465564739,452896.17999999993,0.0,5772.003581267218,Tuesday,0,11
2015-11-04,2658412.16,2230527.42,96,41,0.8020833333333334,107,454,28,0.0,107,0.06167400881057269,427884.7400000002,0.0,5855.533392070485,Wednesday,0,11
2015-11-05,2550367.78,2095931.27,101,35,0.8514851485148515,114,501,51,0.0,114,0.10179640718562874,454436.5099999998,0.0,5090.554451097804,Thursday,0,11
2015-11-06,3113759.4,2524846.93,111,44,0.8108108108108109,121,524,46,0.0,121,0.08778625954198473,588912.4699999997,0.0,5942.2889312977095,Friday,0,11
2015-11-07,2523233.52,2111797.74,113,50,0.831858407079646,131,562,37,0.0,131,0.06583629893238434,411435.7799999998,0.0,4489.739359430605,Saturday,1,11
2015-11-08,4183206.42,3467217.26,147,58,0.8435374149659864,165,762,58,0.0,165,0.07611548556430446,715989.1600000001,0.0,5489.77220472441,Sunday,1,11
2015-11-09,3409517.01,2730600.71,138,71,0.7681159420289855,160,658,41,0.0,160,0.06231003039513678,678916.2999999998,0.0,5181.63679331307,Monday,0,11
2015-11-10,3237404.66,2600539.96,118,52,0.8728813559322034,132,603,45,0.0,132,0.07462686567164178,636864.7000000002,0.0,5368.830281923715,Tuesday,0,11
2015-11-11,2928494.89,2445001.94,118,54,0.7966101694915254,132,581,32,0.0,132,0.055077452667814115,483492.9500000002,0.0,5040.438709122203,Wednesday,0,11
2015-11-12,3900732.76,3072175.13,144,55,0.8333333333333334,165,779,53,0.0,165,0.06803594351732992,828557.6299999999,0.0,5007.359127086007,Thursday,0,11
2015-11-13,3144926.75,2547598.28,138,61,0.8333333333333334,151,637,37,0.0,151,0.058084772370486655,597328.4700000002,0.0,4937.090659340659,Friday,0,11
2015-11-14,4369752.69,3445998.98,167,73,0.8203592814371258,186,881,45,0.0,186,0.0510783200908059,923753.7100000004,0.0,4959.9917026106705,Saturday,1,11
2015-11-15,4297274.47,3488973.66,194,75,0.7938144329896907,226,977,92,0.0,226,0.09416581371545547,808300.8099999996,0.0,4398.43855680655,Sunday,1,11
2015-11-16,4316238.63,3541079.15,163,72,0.8098159509202454,193,889,40,0.0,193,0.04499437570303712,775159.48,0.0,4855.161563554556,Monday,0,11
2015-11-17,3035948.85,2418023.08,130,54,0.7846153846153846,152,671,69,0.0,152,0.10283159463487332,617925.77,0.0,4524.51393442623,Tuesday,0,11
2015-11-18,3208924.12,2787131.03,132,62,0.8106060606060606,159,723,32,134719.01,159,0.04426002766251729,421793.0900000003,0.041982610046883875,4438.3459474412175,Wednesday,0,11
2015-11-19,2934934.24,2722267.8,151,73,0.8145695364238411,178,756,67,272625.12,178,0.08862433862433862,212666.4400000004,0.09288968600536684,3882.1881481481482,Thursday,0,11
2015-11-20,3389498.76,3170548.9,167,77,0.7904191616766467,197,892,53,500686.21,197,0.05941704035874439,218949.85999999987,0.14771688838145497,3799.8865022421523,Friday,0,11
2015-11-21,2291920.41,2320486.62,126,60,0.7936507936507936,142,641,72,438424.61,142,0.11232449297971919,-28566.209999999963,0.19129137647497976,3575.5388611544463,Saturday,1,11
2015-11-22,3070301.17,3152837.2,141,56,0.7872340425531915,156,714,49,614060.25,156,0.06862745098039216,-82536.03000000026,0.20000000521121516,4300.141694677871,Sunday,1,11
2015-11-23,2329823.55,2370762.85,122,48,0.8442622950819673,137,603,46,465964.73,137,0.07628524046434494,-40939.30000000028,0.20000000858434108,3863.720646766169,Monday,0,11
2015-11-24,1994420.05,2017128.44,109,46,0.7981651376146789,130,596,46,398883.93,130,0.07718120805369127,-22708.389999999898,0.19999995988808877,3346.342365771812,Tuesday,0,11
2015-11-25,1994246.64,2069297.94,125,58,0.776,142,641,56,398849.31,142,0.0873634945397816,-75051.30000000005,0.1999999909740352,3111.1492043681747,Wednesday,0,11
2015-11-26,3361942.92,3392781.25,189,80,0.7619047619047619,221,963,86,672388.52,221,0.0893042575285566,-30838.330000000075,0.1999999809633889,3491.1141433021808,Thursday,0,11
2015-11-27,5242225.8,5137790.23,345,148,0.8289855072463768,410,1881,196,1048445.19,410,0.10419989367357789,104435.56999999937,0.20000000572275997,2786.9355661881978,Friday,0,11
2015-11-28,5114979.4,5281806.7,329,153,0.817629179331307,395,1782,144,1022995.91,395,0.08080808080808081,-166827.2999999998,0.20000000586512626,2870.3588103254774,Saturday,1,11
2015-11-29,5018236.03,4955536.7,341,166,0.7771260997067448,415,1827,172,1003647.19,415,0.09414340448823208,62699.330000000075,0.19999999681162864,2746.7082813355228,Sunday,1,11
2015-11-30,4031497.64,4065929.95,269,120,0.8438661710037175,325,1412,72,806299.53,325,0.05099150141643059,-34432.310000000056,0.20000000049609357,2855.168300283286,Monday,0,11
2015-12-01,3221463.05,3262618.05,199,93,0.8090452261306532,237,1081,119,644292.62,237,0.11008325624421832,-41155.0,0.20000000310417965,2980.0768270120257,Tuesday,0,12
2015-12-02,953639.35,978207.15,44,22,0.6818181818181818,50,209,12,190727.88999999998,50,0.05741626794258373,-24567.800000000047,0.20000002097228894,4562.867703349282,Wednesday,0,12
2015-12-03,1852279.15,1907081.99,84,40,0.7976190476190477,94,412,11,370455.84,94,0.02669902912621359,-54802.840000000084,0.20000000539875432,4495.823179611651,Thursday,0,12
2015-12-04,2076429.7,2095572.96,102,50,0.803921568627451,115,543,39,415285.97000000003,115,0.0718232044198895,-19143.26000000001,0.20000001444787657,3823.99576427256,Friday,0,12
2015-12-05,2287846.3,2292826.58,119,56,0.8403361344537815,134,624,25,457569.29,134,0.04006410256410257,-4980.280000000261,0.200000013112769,3666.4203525641024,Saturday,1,12
2015-12-06,2028034.94,2013778.51,119,57,0.7815126050420168,136,627,51,405606.97000000003,136,0.08133971291866028,14256.429999999935,0.1999999911244133,3234.505486443381,Sunday,1,12
2015-12-07,2286683.02,2364273.69,155,65,0.7677419354838709,180,768,63,457336.62,180,0.08203125,-77590.66999999993,0.2000000069970345,2977.4518489583334,Monday,0,12
2015-12-08,2785090.6,2715044.46,144,65,0.7430555555555556,163,748,46,557018.11,163,0.06149732620320856,70046.14000000013,0.1999999964094525,3723.3831550802142,Tuesday,0,12
2015-12-09,1648123.41,1664248.89,102,48,0.8431372549019608,119,519,48,329624.68,119,0.09248554913294797,-16125.479999999981,0.19999999878649866,3175.574971098266,Wednesday,0,12
2015-12-10,2450848.03,2579079.6,124,62,0.75,150,690,33,490169.61,150,0.04782608695652174,-128231.5700000003,0.20000000163208814,3551.9536666666663,Thursday,0,12
2015-12-11,2027594.98,1955884.16,131,62,0.816793893129771,155,693,18,405518.99,155,0.025974025974025976,71710.82000000007,0.19999999704082913,2925.822481962482,Friday,0,12
2015-12-12,2888573.7,2824587.14,159,67,0.7987421383647799,198,962,49,577714.75,198,0.05093555093555094,63986.560000000056,0.20000000346191615,3002.675363825364,Saturday,1,12
2015-12-13,3442735.4,3382073.59,191,88,0.7958115183246073,233,1051,80,688547.14,233,0.07611798287345385,60661.810000000056,0.20000001742800216,3275.675927687916,Sunday,1,12
2015-12-14,3272227.86,3176504.37,225,105,0.8177777777777778,281,1246,85,654445.59,281,0.06821829855537721,95723.48999999976,0.2000000055008394,2626.1860834670947,Monday,0,12
2015-12-15,3089177.63,3106617.67,198,84,0.8131313131313131,246,1120,50,617835.56,246,0.044642857142857144,-17440.040000000037,0.20000001100616543,2758.1943125,Tuesday,0,12
2015-12-16,2310884.14,2367574.49,174,74,0.7988505747126436,221,967,53,462176.84,221,0.05480868665977249,-56690.35000000009,0.20000000519281766,2389.7457497414684,Wednesday,0,12
2015-12-17,2671287.02,2646046.82,175,70,0.7942857142857143,215,958,52,534257.34,215,0.054279749478079335,25240.200000000186,0.19999997604151123,2788.3998121085597,Thursday,0,12
2015-12-18,2923802.97,2954646.8,201,89,0.8109452736318408,246,1101,72,584760.52,246,0.0653950953678474,-30843.82999999961,0.19999997469049702,2655.5885286103544,Friday,0,12
2015-12-19,2965218.72,3081409.43,222,95,0.8288288288288288,283,1248,90,593043.74,283,0.07211538461538461,-116190.70999999996,0.19999999865102697,2375.9765384615384,Saturday,1,12
2015-12-20,3613917.61,3711607.1,274,120,0.8211678832116789,330,1510,117,722783.53,330,0.07748344370860927,-97689.49000000022,0.2000000022136642,2393.322920529801,Sunday,1,12
2015-12-21,5050481.76,5131271.18,346,148,0.8092485549132948,409,1870,110,1010096.29,409,0.058823529411764705,-80789.41999999993,0.1999999877239434,2700.792385026738,Monday,0,12
2015-12-22,3719442.83,3727031.54,263,132,0.8022813688212928,327,1429,68,743888.56,327,0.04758572428271519,-7588.709999999963,0.19999999838685517,2602.829132260322,Tuesday,0,12
2015-12-23,3656481.63,3646146.76,266,111,0.7857142857142857,326,1497,86,731296.36,326,0.05744822979291917,10334.870000000112,0.20000000929855621,2442.539498997996,Wednesday,0,12
2015-12-24,2398336.72,2262884.17,159,68,0.8113207547169812,191,805,53,479667.35,191,0.06583850931677018,135452.55000000028,0.20000000250173375,2979.300273291926,Thursday,0,12
2015-12-25,3229207.58,3048061.85,216,98,0.8518518518518519,265,1159,54,645841.51,265,0.04659188955996549,181145.72999999998,0.199999998141959,2786.20153580673,Friday,0,12
2015-12-26,3645783.09,3633106.61,286,137,0.8041958041958042,352,1537,157,729156.63,352,0.10214703968770332,12676.479999999981,0.20000000329147394,2372.0124202992843,Saturday,1,12
2015-12-27,5096354.17,5095420.51,355,159,0.7605633802816901,434,2000,202,1019270.88,434,0.101,933.660000000149,0.2000000090260603,2548.177085,Sunday,1,12
2015-12-28,8179976.67,8163764.62,562,255,0.806049822064057,702,3107,287,1635995.36,702,0.09237206308336016,16212.049999999814,0.20000000317849317,2632.757215963952,Monday,0,12
2015-12-29,7760149.23,7689336.24,521,243,0.7792706333973128,634,2876,205,1552029.76,634,0.07127955493741307,70812.99000000022,0.19999998891773887,2698.243821279555,Tuesday,0,12
2015-12-30,5941753.52,5888436.34,413,190,0.8329297820823245,500,2253,201,1187556.77,500,0.08921438082556592,53317.1799999997,0.19986638052263064,2637.2629915667994,Wednesday,0,12
2015-12-31,6375571.66,6217888.06,402,180,0.8059701492537313,497,2272,146,1068469.78,497,0.06426056338028169,157683.60000000056,0.16758807476096974,2806.1494982394365,Thursday,0,12
2016-01-01,5846204.33,5354701.23,327,138,0.8042813455657493,391,1775,162,743627.82,391,0.09126760563380282,491503.0999999996,0.12719839711794678,3293.6362422535212,Friday,0,1
2016-01-02,2558616.91,2072521.54,98,46,0.7653061224489796,112,489,22,3127.94,112,0.044989775051124746,486095.3700000001,0.0012225120485113968,5232.345419222905,Saturday,1,1
2016-01-03,2744446.82,2169775.39,101,39,0.7722772277227723,116,564,53,0.0,116,0.09397163120567376,574671.4299999997,0.0,4866.040460992907,Sunday,1,1
2016-01-04,2387838.0,1861702.6,90,46,0.8333333333333334,102,471,27,0.0,102,0.05732484076433121,526135.3999999999,0.0,5069.71974522293,Monday,0,1
2016-01-05,1557710.07,1249444.02,56,29,0.7857142857142857,59,267,39,0.0,59,0.14606741573033707,308266.05000000005,0.0,5834.120112359551,Tuesday,0,1
2016-01-06,2337143.16,1917221.35,73,38,0.9041095890410958,81,408,39,0.0,81,0.09558823529411764,419921.81000000006,0.0,5728.29205882353,Wednesday,0,1
2016-01-07,2503287.51,2024858.69,83,36,0.7951807228915663,94,416,24,0.0,94,0.057692307692307696,478428.81999999983,0.0,6017.518052884615,Thursday,0,1
2016-01-08,2738103.45,2202044.96,97,47,0.8041237113402062,111,532,71,0.0,111,0.13345864661654136,536058.4900000002,0.0,5146.8109962406015,Friday,0,1
2016-01-09,3026961.32,2446095.09,106,47,0.8113207547169812,120,545,30,0.0,120,0.05504587155963303,580866.23,0.0,5554.057467889908,Saturday,1,1
2016-01-10,4122392.05,3201417.67,140,52,0.8285714285714286,155,715,85,0.0,155,0.11888111888111888,920974.3799999999,0.0,5765.583286713287,Sunday,1,1
2016-01-11,3434076.67,2780091.13,121,53,0.8347107438016529,130,598,83,0.0,130,0.13879598662207357,653985.54,0.0,5742.603127090301,Monday,0,1
2016-01-12,2627637.47,2110300.27,92,40,0.8369565217391305,101,442,20,0.0,101,0.04524886877828054,517337.2000000002,0.0,5944.881153846154,Tuesday,0,1
2016-01-13,2268324.18,1914275.35,81,42,0.8024691358024691,92,404,13,0.0,92,0.03217821782178218,354048.8300000001,0.0,5614.663811881189,Wednesday,0,1
2016-01-14,3247398.41,2705497.94,115,56,0.8782608695652174,123,575,56,0.0,123,0.09739130434782609,541900.4700000002,0.0,5647.649408695653,Thursday,0,1
2016-01-15,3532606.36,3003599.85,124,70,0.7419354838709677,139,602,29,0.0,139,0.04817275747508306,529006.5099999998,0.0,5868.116877076412,Friday,0,1
2016-01-16,3856871.3,3138016.53,143,67,0.8111888111888111,154,700,52,0.0,154,0.07428571428571429,718854.77,0.0,5509.816142857143,Saturday,1,1
2016-01-17,4229318.34,3477169.21,158,74,0.759493670886076,174,775,95,0.0,174,0.12258064516129032,752149.1299999999,0.0,5457.18495483871,Sunday,1,1
2016-01-18,4105149.52,3409714.29,130,72,0.8153846153846154,141,667,66,0.0,141,0.09895052473763119,695435.23,0.0,6154.646956521739,Monday,0,1
2016-01-19,2818234.03,2313238.83,116,54,0.7758620689655172,127,538,66,0.0,127,0.12267657992565056,504995.1999999997,0.0,5238.353215613382,Tuesday,0,1
2016-01-20,2842888.66,2294689.37,110,48,0.7909090909090909,123,513,28,0.0,123,0.05458089668615984,548199.29,0.0,5541.693294346979,Wednesday,0,1
2016-01-21,3981191.66,3293021.93,136,60,0.8602941176470589,155,714,62,0.0,155,0.08683473389355742,688169.73,0.0,5575.89868347339,Thursday,0,1
2016-01-22,3322730.4,2667153.86,133,65,0.8195488721804511,149,690,41,0.0,149,0.059420289855072465,655576.54,0.0,4815.551304347826,Friday,0,1
2016-01-23,3998813.29,3324513.23,146,74,0.8356164383561644,163,744,58,0.0,163,0.07795698924731183,674300.06,0.0,5374.749045698924,Saturday,1,1
2016-01-24,4734624.57,3904936.72,175,86,0.7942857142857143,190,882,66,0.0,190,0.07482993197278912,829687.8500000001,0.0,5368.055068027211,Sunday,1,1
2016-01-25,5007306.32,4047871.63,166,74,0.7891566265060241,180,839,118,0.0,180,0.14064362336114422,959434.6900000004,0.0,5968.183933253874,Monday,0,1
2016-01-26,3544741.3,2876880.62,137,55,0.7737226277372263,152,673,48,0.0,152,0.0713224368499257,667860.6799999997,0.0,5267.074739970282,Tuesday,0,1
2016-01-27,4728554.45,3994526.08,146,59,0.821917808219178,166,820,67,0.0,166,0.08170731707317073,734028.3700000001,0.0,5766.529817073171,Wednesday,0,1
2016-01-28,6717660.92,5529962.06,255,99,0.803921568627451,284,1308,111,0.0,284,0.08486238532110092,1187698.8600000003,0.0,5135.826391437309,Thursday,0,1
2016-01-29,5013253.01,4078543.96,203,90,0.7438423645320197,226,990,121,0.0,226,0.12222222222222222,934709.0499999998,0.0,5063.8919292929295,Friday,0,1
2016-01-30,6920879.78,5546795.93,249,113,0.7871485943775101,292,1328,95,0.0,292,0.07153614457831325,1374083.8500000006,0.0,5211.505858433735,Saturday,1,1
2016-01-31,6449751.32,5251383.47,256,127,0.81640625,288,1333,118,0.0,288,0.08852213053263316,1198367.8500000006,0.0,4838.523120780195,Sunday,1,1
2016-02-01,5200767.32,4131331.82,201,109,0.7661691542288557,223,1013,114,0.0,223,0.1125370187561698,1069435.5000000005,0.0,5134.024995064166,Monday,0,2
2016-02-02,2966994.87,2413250.92,84,42,0.8214285714285714,89,425,25,0.0,89,0.058823529411764705,553743.9500000002,0.0,6981.164400000001,Tuesday,0,2
2016-02-03,2273911.2,1841992.31,79,37,0.8481012658227848,84,390,36,0.0,84,0.09230769230769231,431918.89000000013,0.0,5830.541538461539,Wednesday,0,2
2016-02-04,2819439.59,2305544.16,93,42,0.7311827956989247,102,491,47,0.0,102,0.09572301425661914,513895.4299999997,0.0,5742.239490835031,Thursday,0,2
2016-02-05,3680939.41,2987435.62,128,55,0.8046875,142,648,40,0.0,142,0.06172839506172839,693503.79,0.0,5680.462052469136,Friday,0,2
2016-02-06,4735761.79,3973322.09,157,76,0.8152866242038217,168,773,74,0.0,168,0.09573091849935317,762439.7000000002,0.0,6126.47062095731,Saturday,1,2
2016-02-07,4032333.88,3144310.26,171,80,0.7894736842105263,185,784,64,0.0,185,0.08163265306122448,888023.6200000001,0.0,5143.283010204082,Sunday,1,2
2016-02-08,3848593.44,3120549.68,153,67,0.8627450980392157,174,814,64,0.0,174,0.07862407862407862,728043.7599999998,0.0,4728.001769041769,Monday,0,2
2016-02-09,3979641.11,3286349.1,125,65,0.832,136,608,46,0.0,136,0.0756578947368421,693292.0099999998,0.0,6545.462351973684,Tuesday,0,2
2016-02-10,3448601.24,2764263.83,123,57,0.8617886178861789,133,615,55,0.0,133,0.08943089430894309,684337.4100000001,0.0,5607.481691056911,Wednesday,0,2
2016-02-11,3717348.88,3000678.76,121,53,0.7933884297520661,132,602,54,0.0,132,0.08970099667774087,716670.1200000001,0.0,6174.998139534883,Thursday,0,2
2016-02-12,4035900.93,3269439.67,146,68,0.7945205479452054,166,783,92,0.0,166,0.11749680715197956,766461.2600000002,0.0,5154.407318007663,Friday,0,2
2016-02-13,4701818.64,3727060.93,169,84,0.7869822485207101,186,894,72,0.0,186,0.08053691275167785,974757.7099999995,0.0,5259.304966442953,Saturday,1,2
2016-02-14,4925684.12,4030980.54,195,98,0.7846153846153846,225,997,59,0.0,225,0.05917753259779338,894703.5800000001,0.0,4940.505636910732,Sunday,1,2
2016-02-15,4588032.77,3702428.02,161,70,0.7950310559006211,176,783,33,0.0,176,0.0421455938697318,885604.7499999995,0.0,5859.5565389527455,Monday,0,2
2016-02-16,3941056.12,3209642.29,144,74,0.8263888888888888,154,688,35,0.0,154,0.050872093023255814,731413.8300000001,0.0,5728.2792441860465,Tuesday,0,2
2016-02-17,2962078.99,2374063.71,126,53,0.7698412698412699,136,565,67,0.0,136,0.11858407079646018,588015.2800000003,0.0,5242.61768141593,Wednesday,0,2
2016-02-18,4009498.5,3301336.9,156,60,0.8141025641025641,177,818,79,0.0,177,0.09657701711491443,708161.6000000001,0.0,4901.587408312958,Thursday,0,2
2016-02-19,4571419.08,3665043.13,150,55,0.78,160,764,56,0.0,160,0.07329842931937172,906375.9500000002,0.0,5983.532827225131,Friday,0,2
2016-02-20,5176883.79,4193086.14,175,78,0.8,199,857,41,0.0,199,0.047841306884480746,983797.6499999999,0.0,6040.704539089848,Saturday,1,2
2016-02-21,4758472.96,3843027.26,193,97,0.8031088082901554,217,954,75,0.0,217,0.07861635220125786,915445.7000000002,0.0,4987.91714884696,Sunday,1,2
2016-02-22,4721935.01,3825599.58,171,90,0.7894736842105263,185,830,73,0.0,185,0.08795180722891566,896335.4299999997,0.0,5689.078325301204,Monday,0,2
2016-02-23,4550216.22,3722357.32,160,64,0.875,171,780,72,0.0,171,0.09230769230769231,827858.8999999999,0.0,5833.610538461538,Tuesday,0,2
2016-02-24,5790273.07,4665515.38,181,90,0.8232044198895028,204,1026,56,0.0,204,0.05458089668615984,1124757.6900000004,0.0,5643.541003898636,Wednesday,0,2
2016-02-25,7677182.49,6237906.21,281,135,0.8185053380782918,314,1455,145,0.0,314,0.09965635738831616,1439276.2800000003,0.0,5276.414082474227,Thursday,0,2
2016-02-26,7096236.89,5762106.77,258,111,0.7906976744186046,284,1295,76,0.0,284,0.05868725868725869,1334130.12,0.0,5479.719606177606,Friday,0,2
2016-02-27,6837275.28,5301081.64,245,109,0.8,279,1338,137,0.0,279,0.10239162929745889,1536193.6400000006,0.0,5110.071210762332,Saturday,1,2
2016-02-28,5117740.12,4142676.19,204,106,0.7843137254901961,229,1022,109,0.0,229,0.10665362035225048,975063.9300000002,0.0,5007.573502935421,Sunday,1,2
2016-02-29,3529083.59,2843903.05,153,65,0.7712418300653595,180,788,32,0.0,180,0.04060913705583756,685180.54,0.0,4478.532474619289,Monday,0,2
2016-03-01,709982.79,623398.17,26,14,0.8076923076923077,26,105,6,0.0,26,0.05714285714285714,86584.62,0.0,6761.740857142858,Tuesday,0,3
2016-03-02,1479744.0,1243049.71,45,16,0.7777777777777778,49,222,20,0.0,49,0.09009009009009009,236694.29000000004,0.0,6665.513513513513,Wednesday,0,3
2016-03-03,2251060.05,1853979.92,84,37,0.7738095238095238,91,393,22,0.0,91,0.05597964376590331,397080.1299999999,0.0,5727.888167938931,Thursday,0,3
2016-03-04,2778579.79,2305820.78,81,32,0.7901234567901234,83,392,13,0.0,83,0.03316326530612245,472759.01000000024,0.0,7088.21375,Friday,0,3
2016-03-05,3472294.22,2819038.04,115,48,0.8,128,548,31,0.0,128,0.05656934306569343,653256.1800000002,0.0,6336.303321167884,Saturday,1,3
2016-03-06,3501407.51,2754054.05,114,43,0.8157894736842105,126,572,35,0.0,126,0.06118881118881119,747353.46,0.0,6121.341800699301,Sunday,1,3
2016-03-07,4275566.76,3544887.63,148,63,0.8040540540540541,160,717,52,0.0,160,0.07252440725244072,730679.1299999999,0.0,5963.133556485355,Monday,0,3
2016-03-08,4693887.34,3819333.06,163,76,0.7730061349693251,180,818,74,0.0,180,0.09046454767726161,874554.2799999998,0.0,5738.24858190709,Tuesday,0,3
2016-03-09,5050829.68,4101613.27,198,92,0.8181818181818182,218,938,93,0.0,218,0.09914712153518124,949216.4099999997,0.0,5384.679829424307,Wednesday,0,3
2016-03-10,7374516.48,5983967.59,246,107,0.8211382113821138,279,1366,114,0.0,279,0.08345534407027819,1390548.8900000006,0.0,5398.621142020498,Thursday,0,3
2016-03-11,6281759.31,5065973.55,207,75,0.7391304347826086,227,1067,64,0.0,227,0.05998125585754452,1215785.7599999998,0.0,5887.309568884723,Friday,0,3
2016-03-12,4673863.75,3853834.05,176,72,0.7727272727272727,187,771,62,0.0,187,0.08041504539559015,820029.7000000002,0.0,6062.080090791181,Saturday,1,3
2016-03-13,4655322.31,3707033.48,165,82,0.8121212121212121,180,802,101,0.0,180,0.1259351620947631,948288.8299999996,0.0,5804.641284289276,Sunday,1,3
2016-03-14,5214530.57,4150309.08,191,98,0.7905759162303665,215,972,58,0.0,215,0.059670781893004114,1064221.4900000002,0.0,5364.743384773663,Monday,0,3
2016-03-15,5319085.92,4384259.36,201,97,0.8159203980099502,230,1052,46,0.0,230,0.043726235741444866,934826.5599999996,0.0,5056.165323193916,Tuesday,0,3
2016-03-16,6412758.35,5219744.05,233,119,0.7725321888412017,257,1147,90,0.0,257,0.07846556233653008,1193014.2999999998,0.0,5590.8965562336525,Wednesday,0,3
2016-03-17,8569336.81,6809198.69,315,147,0.7714285714285715,343,1542,132,0.0,343,0.08560311284046693,1760138.12,0.0,5557.287166018158,Thursday,0,3
2016-03-18,6917674.02,5792586.92,259,111,0.8185328185328186,283,1256,67,99854.58,283,0.05334394904458599,1125087.0999999996,0.014434704455761563,5507.702245222929,Friday,0,3
2016-03-19,5852909.53,4990341.15,206,98,0.7378640776699029,234,1070,58,85061.8,234,0.05420560747663551,862568.3799999999,0.014533250439632201,5470.008906542056,Saturday,1,3
2016-03-20,4759469.17,3951071.76,189,87,0.7936507936507936,212,971,49,261534.37,212,0.05046343975283213,808397.4100000001,0.05495032337818463,4901.616035015448,Sunday,1,3
2016-03-21,5534732.74,4759221.87,217,91,0.8433179723502304,236,1070,62,464297.77,236,0.05794392523364486,775510.8700000001,0.08388801985766706,5172.647420560748,Monday,0,3
2016-03-22,5449314.63,4970365.56,242,105,0.78099173553719,255,1125,91,653917.76,255,0.08088888888888889,478949.0700000003,0.120000000807441,4843.835226666666,Tuesday,0,3
2016-03-23,6046593.49,5532819.27,250,108,0.796,279,1323,119,725591.27,279,0.08994708994708994,513774.22000000067,0.12000000846757766,4570.36544973545,Wednesday,0,3
2016-03-24,7933448.72,7157854.93,347,155,0.7982708933717579,391,1681,80,952013.85,391,0.04759071980963712,775593.79,0.12000000045377492,4719.481689470553,Thursday,0,3
2016-03-25,7008643.3,6273523.88,294,141,0.8435374149659864,325,1480,124,841037.2,325,0.08378378378378379,735119.4199999999,0.12000000057072387,4735.569797297298,Friday,0,3
2016-03-26,5197781.65,4790136.82,202,86,0.7722772277227723,218,1002,34,623733.75,218,0.033932135728542916,407644.8300000001,0.11999999076529118,5187.406836327345,Saturday,1,3
2016-03-27,6141114.6,5639995.87,245,105,0.8244897959183674,271,1196,69,736933.73,271,0.057692307692307696,501118.7299999995,0.11999999641758843,5134.711204013378,Sunday,1,3
2016-03-28,5291170.65,4853169.6,223,97,0.7847533632286996,232,1033,67,634940.43,232,0.06485963213939981,438001.05000000075,0.11999999092828352,5122.140029041627,Monday,0,3
2016-03-29,7521778.94,6878616.36,284,114,0.7535211267605634,321,1503,72,902613.52,321,0.04790419161676647,643162.5800000001,0.12000000627511129,5004.510272787758,Tuesday,0,3
2016-03-30,14545392.64,13412468.3,604,258,0.7913907284768212,674,3061,168,1745447.22,674,0.05488402482848742,1132924.3399999999,0.12000000709503018,4751.843397582489,Wednesday,0,3
2016-03-31,14231299.73,12932629.87,654,303,0.7737003058103975,729,3211,210,1707755.91,729,0.06540018685767673,1298669.8600000013,0.1199999959525833,4432.046007474307,Thursday,0,3
2016-04-01,12298083.49,11254792.81,524,257,0.799618320610687,582,2634,170,1475770.1,582,0.06454062262718299,1043290.6799999997,0.12000000660265481,4668.97626803341,Friday,0,4
2016-04-02,13123488.4,12292938.79,547,249,0.7970749542961609,602,2732,208,1574818.61,602,0.07613469985358712,830549.6100000013,0.1200000001523985,4803.619472913617,Saturday,1,4
2016-04-03,10576481.39,9627706.26,434,186,0.7857142857142857,490,2242,145,1269177.74,490,0.06467439785905442,948775.1300000008,0.119999997466076,4717.431485280999,Sunday,1,4
2016-04-04,4230255.21,3886345.44,165,75,0.8606060606060606,173,755,27,507630.77,173,0.03576158940397351,343909.77,0.1200000342296133,5602.987033112583,Monday,0,4
2016-04-05,4598444.87,4315060.71,186,80,0.7741935483870968,196,880,44,551813.37,196,0.05,283384.16000000015,0.11999999686850654,5225.505534090909,Tuesday,0,4
2016-04-06,5873076.02,5465466.98,216,99,0.8379629629629629,234,1062,50,704769.06,234,0.047080979284369114,407609.0399999991,0.11999998937524396,5530.2034086629,Wednesday,0,4
2016-04-07,5504606.21,5121344.12,219,91,0.8082191780821918,232,1018,91,660552.82,232,0.0893909626719057,383262.08999999985,0.12000001358861963,5407.27525540275,Thursday,0,4
2016-04-08,4323869.8,3902265.35,159,80,0.8427672955974843,168,764,33,518864.38,168,0.04319371727748691,421604.4499999997,0.12000000092509724,5659.515445026178,Friday,0,4
2016-04-09,4537873.44,4208365.26,183,68,0.7868852459016393,199,871,29,544544.79,199,0.03329506314580941,329508.18000000063,0.11999999497562013,5209.958025258325,Saturday,1,4
2016-04-10,4898415.28,4517178.31,197,88,0.7817258883248731,213,937,43,587809.84,213,0.04589114194236926,381236.97000000067,0.12000000130654499,5227.7644397011745,Sunday,1,4
2016-04-11,6193751.24,5553289.41,247,112,0.8259109311740891,274,1229,30,743250.15,274,0.024410089503661515,640461.8300000001,0.12000000019374366,5039.6674043938165,Monday,0,4
2016-04-12,5962850.28,5477134.6,250,132,0.78,269,1219,75,715541.99,269,0.06152584085315833,485715.68000000063,0.11999999268806058,4891.591698113208,Tuesday,0,4
2016-04-13,8636899.06,7772805.93,355,164,0.8309859154929577,392,1776,166,1036427.79,392,0.09346846846846847,864093.1300000008,0.11999998874596086,4863.11884009009,Wednesday,0,4
2016-04-14,7184576.35,6220003.38,303,143,0.7920792079207921,332,1493,68,760970.43,332,0.04554588077695914,964572.9699999997,0.10591723059634547,4812.174380442063,Thursday,0,4
2016-04-15,5910167.4,5244820.29,240,108,0.8583333333333333,266,1168,64,627219.47,266,0.0547945205479452,665347.1100000003,0.10612549993084797,5060.074828767124,Friday,0,4
2016-04-16,7075518.69,5997253.75,264,115,0.8106060606060606,285,1288,29,441299.9,285,0.02251552795031056,1078264.9400000004,0.06236997163525265,5493.415131987578,Saturday,1,4
2016-04-17,9065525.85,7747445.67,308,112,0.8051948051948052,338,1522,59,240029.88,338,0.03876478318002628,1318080.1799999997,0.02647721532888244,5956.324474375821,Sunday,1,4
2016-04-18,7930420.94,6496267.7,295,159,0.8305084745762712,324,1427,60,0.0,324,0.04204625087596356,1434153.2400000002,0.0,5557.407806587246,Monday,0,4
2016-04-19,9299472.01,7665794.67,372,169,0.793010752688172,395,1735,89,0.0,395,0.051296829971181554,1633677.3399999999,0.0,5359.92623054755,Tuesday,0,4
2016-04-20,11470503.55,9220652.39,455,205,0.8065934065934066,499,2174,105,0.0,499,0.04829806807727691,2249851.16,0.0,5276.220584176634,Wednesday,0,4
2016-04-21,9681621.65,7780628.47,358,151,0.8016759776536313,389,1731,77,0.0,389,0.04448295782784518,1900993.1800000006,0.0,5593.080098209128,Thursday,0,4
2016-04-22,6442191.99,5276646.93,264,127,0.8143939393939394,281,1211,62,0.0,281,0.05119735755573906,1165545.0600000005,0.0,5319.729141205616,Friday,0,4
2016-04-23,8225755.2,6488166.41,292,141,0.797945205479452,317,1408,37,0.0,317,0.026278409090909092,1737588.79,0.0,5842.155681818182,Saturday,1,4
2016-04-24,8005992.5,6468446.01,327,152,0.8103975535168195,351,1549,40,0.0,351,0.025823111684958037,1537546.4900000002,0.0,5168.49096191091,Sunday,1,4
2016-04-25,11068078.01,8923524.58,381,169,0.7769028871391076,410,1904,111,0.0,410,0.058298319327731093,2144553.4299999997,0.0,5813.066181722689,Monday,0,4
2016-04-26,11387120.36,9133066.32,462,196,0.7878787878787878,500,2199,87,0.0,500,0.03956343792633015,2254054.039999999,0.0,5178.317580718508,Tuesday,0,4
2016-04-27,16379722.53,13128158.81,593,256,0.7976391231028668,635,2887,105,0.0,635,0.03636993418773814,3251563.719999999,0.0,5673.613623138205,Wednesday,0,4
2016-04-28,17388183.19,13978683.94,677,300,0.7961595273264401,724,3231,110,0.0,724,0.03404518724852987,3409499.250000002,0.0,5381.672296502631,Thursday,0,4
2016-04-29,16966030.5,13610990.42,655,315,0.8,725,3303,166,0.0,725,0.05025734181047532,3355040.08,0.0,5136.551771117166,Friday,0,4
2016-04-30,12874790.56,10476104.29,498,234,0.8152610441767069,542,2428,146,0.0,542,0.06013179571663921,2398686.2700000014,0.0,5302.632026359143,Saturday,1,4
2016-05-01,11553720.73,9387796.08,455,211,0.7736263736263737,506,2218,74,0.0,506,0.033363390441839495,2165924.6500000004,0.0,5209.071564472498,Sunday,1,5
2016-05-02,8891959.72,7094979.67,310,128,0.7806451612903226,335,1542,58,0.0,335,0.03761348897535668,1796980.0500000007,0.0,5766.51084306096,Monday,0,5
2016-05-03,6609488.85,5263847.33,265,122,0.8226415094339623,288,1207,55,0.0,288,0.045567522783761395,1345641.5199999996,0.0,5475.964250207125,Tuesday,0,5
2016-05-04,6041365.35,4874007.55,212,84,0.8207547169811321,226,983,48,0.0,226,0.048830111902339775,1167357.7999999998,0.0,6145.84471007121,Wednesday,0,5
2016-05-05,6026491.95,4682705.07,221,99,0.7782805429864253,236,1053,53,0.0,236,0.050332383665717,1343786.88,0.0,5723.164245014245,Thursday,0,5
2016-05-06,5884185.84,4692160.58,218,93,0.8119266055045872,230,1017,44,0.0,230,0.043264503441494594,1192025.2599999998,0.0,5785.826784660767,Friday,0,5
2016-05-07,5016235.82,3962154.52,197,85,0.7969543147208121,218,905,25,0.0,218,0.027624309392265192,1054081.3000000003,0.0,5542.802011049724,Saturday,1,5
2016-05-08,4730903.12,3759762.75,192,94,0.7760416666666666,211,931,52,0.0,211,0.055853920515574654,971140.3700000001,0.0,5081.528592910849,Sunday,1,5
2016-05-09,7307039.01,5990848.79,242,110,0.7933884297520661,253,1201,64,0.0,253,0.05328892589508743,1316190.2199999997,0.0,6084.129067443797,Monday,0,5
2016-05-10,6636687.87,5216849.07,258,115,0.8333333333333334,283,1253,34,0.0,283,0.02713487629688747,1419838.7999999998,0.0,5296.638363926576,Tuesday,0,5
2016-05-11,8452886.26,6878143.05,322,147,0.8167701863354038,342,1481,71,0.0,342,0.04794058068872384,1574743.21,0.0,5707.553180283592,Wednesday,0,5
2016-05-12,10736290.28,8789857.02,401,175,0.7980049875311721,432,1912,66,0.0,432,0.034518828451882845,1946433.2599999998,0.0,5615.214581589958,Thursday,0,5
2016-05-13,9817523.43,7817935.3,350,166,0.7628571428571429,378,1725,64,0.0,378,0.03710144927536232,1999588.13,0.0,5691.317930434782,Friday,0,5
2016-05-14,7446413.22,6064015.7,275,132,0.7927272727272727,295,1334,70,0.0,295,0.05247376311844078,1382397.5199999996,0.0,5582.0189055472265,Saturday,1,5
2016-05-15,6413929.56,4998345.42,251,106,0.7928286852589641,272,1226,58,0.0,272,0.04730831973898858,1415584.1399999997,0.0,5231.59017944535,Sunday,1,5
2016-05-16,7701732.93,5993216.92,298,140,0.7919463087248322,322,1411,50,0.0,322,0.03543586109142452,1708516.0099999998,0.0,5458.3507654146,Monday,0,5
2016-05-17,8631034.09,6848845.3,296,127,0.7837837837837838,307,1439,57,0.0,307,0.03961084086170952,1782188.79,0.0,5997.938908964558,Tuesday,0,5
2016-05-18,8416389.92,6811181.17,328,139,0.7926829268292683,345,1503,54,0.0,345,0.03592814371257485,1605208.75,0.0,5599.727159015302,Wednesday,0,5
2016-05-19,11212790.37,9063577.59,402,175,0.8283582089552238,427,1898,77,0.0,427,0.04056902002107481,2149212.7799999993,0.0,5907.687233930453,Thursday,0,5
2016-05-20,10058131.11,8217262.68,366,159,0.7978142076502732,402,1859,113,0.0,402,0.06078536847767617,1840868.4299999997,0.0,5410.506245293168,Friday,0,5
2016-05-21,7447083.47,5895652.1,276,120,0.7789855072463768,289,1297,44,0.0,289,0.03392444101773323,1551431.37,0.0,5741.77599845798,Saturday,1,5
2016-05-22,7687940.04,6156525.22,282,128,0.7801418439716312,299,1346,57,0.0,299,0.04234769687964339,1531414.8200000003,0.0,5711.693937592868,Sunday,1,5
2016-05-23,8645211.05,7045764.67,320,135,0.8,342,1537,67,0.0,342,0.043591411841249185,1599446.3800000008,0.0,5624.730676642811,Monday,0,5
2016-05-24,8183351.87,6580079.91,279,127,0.7921146953405018,303,1397,55,0.0,303,0.03937007874015748,1603271.96,0.0,5857.803772369363,Tuesday,0,5
2016-05-25,9916196.12,7860116.29,376,173,0.8404255319148937,405,1860,62,0.0,405,0.03333333333333333,2056079.8299999991,0.0,5331.2882365591395,Wednesday,0,5
2016-05-26,12748857.56,10440320.85,461,193,0.7722342733188721,486,2197,69,0.0,486,0.03140646335912608,2308536.710000001,0.0,5802.848229403732,Thursday,0,5
2016-05-27,10645860.16,8560911.95,387,158,0.7906976744186046,421,1879,51,0.0,421,0.027142096860031932,2084948.210000001,0.0,5665.705247472059,Friday,0,5
2016-05-28,7818417.53,6306590.85,297,130,0.8417508417508418,317,1383,55,0.0,317,0.03976861894432393,1511826.6800000006,0.0,5653.2303181489515,Saturday,1,5
2016-05-29,6277386.71,4980964.03,232,95,0.8318965517241379,250,1103,33,0.0,250,0.029918404351767906,1296422.6799999997,0.0,5691.193753399819,Sunday,1,5
2016-05-30,15902645.06,12868500.26,614,280,0.7817589576547231,702,3222,165,0.0,702,0.051210428305400374,3034144.8000000007,0.0,4935.644028553694,Monday,0,5
2016-05-31,15273734.62,12146387.51,582,275,0.8298969072164949,665,2953,141,0.0,665,0.04774805282763291,3127347.1099999994,0.0,5172.277216390112,Tuesday,0,5
2016-06-01,15027967.48,12020718.26,559,256,0.7531305903398927,629,2818,82,0.0,629,0.029098651525904896,3007249.2200000007,0.0,5332.848644428673,Wednesday,0,6
2016-06-02,15450407.81,12454831.83,569,255,0.8471001757469244,633,2892,156,0.0,633,0.05394190871369295,2995575.9800000004,0.0,5342.464664591978,Thursday,0,6
2016-06-03,14905219.23,12099283.96,561,288,0.8003565062388592,636,2775,135,0.0,636,0.04864864864864865,2805935.2699999996,0.0,5371.250172972973,Friday,0,6
2016-06-04,3543917.94,2852864.04,121,52,0.7851239669421488,129,584,48,0.0,129,0.0821917808219178,691053.8999999999,0.0,6068.352636986301,Saturday,1,6
2016-06-05,5281645.29,4151357.66,179,82,0.8044692737430168,193,859,28,0.0,193,0.03259604190919674,1130287.63,0.0,6148.597543655414,Sunday,1,6
2016-06-06,5164395.26,4100125.08,197,86,0.8426395939086294,211,902,17,0.0,211,0.018847006651884702,1064270.1799999997,0.0,5725.493636363636,Monday,0,6
2016-06-07,6484605.21,5302528.24,223,91,0.7443946188340808,248,1174,37,0.0,248,0.03151618398637138,1182076.9699999997,0.0,5523.513807495741,Tuesday,0,6
2016-06-08,8622987.0,7158408.04,288,140,0.8298611111111112,308,1422,43,0.0,308,0.030239099859353025,1464578.96,0.0,6063.985232067511,Wednesday,0,6
2016-06-09,6719422.7,5484927.09,237,96,0.8059071729957806,248,1090,20,0.0,248,0.01834862385321101,1234495.6100000003,0.0,6164.607981651377,Thursday,0,6
2016-06-10,5856690.47,4774033.93,201,88,0.7611940298507462,216,1026,25,0.0,216,0.024366471734892786,1082656.54,0.0,5708.275311890838,Friday,0,6
2016-06-11,5949391.29,4761365.56,208,96,0.7980769230769231,231,1030,35,0.0,231,0.03398058252427184,1188025.7300000004,0.0,5776.10804854369,Saturday,1,6
2016-06-12,6087764.33,4901187.37,232,101,0.75,253,1060,26,0.0,253,0.024528301886792454,1186576.96,0.0,5743.173896226415,Sunday,1,6
2016-06-13,6889883.95,5491827.46,245,97,0.8081632653061225,256,1125,25,0.0,256,0.022222222222222223,1398056.4900000002,0.0,6124.341288888889,Monday,0,6
2016-06-14,9141001.7,7338757.88,316,133,0.7974683544303798,343,1582,66,0.0,343,0.041719342604298354,1802243.8199999994,0.0,5778.130025284449,Tuesday,0,6
2016-06-15,9864183.86,7853426.55,350,160,0.7857142857142857,372,1743,63,0.0,372,0.03614457831325301,2010757.3099999996,0.0,5659.313746414228,Wednesday,0,6
2016-06-16,10058421.18,8220535.81,342,160,0.8333333333333334,356,1677,46,0.0,356,0.027429934406678593,1837885.37,0.0,5997.865939177102,Thursday,0,6
2016-06-17,5423957.08,4250810.07,199,93,0.8090452261306532,218,968,16,0.0,218,0.01652892561983471,1173147.0099999998,0.0,5603.261446280992,Friday,0,6
2016-06-18,7882351.1,6322388.46,287,128,0.8222996515679443,308,1363,51,0.0,308,0.03741746148202495,1559962.6399999997,0.0,5783.089581804842,Saturday,1,6
2016-06-19,7908073.31,6297385.32,262,113,0.8206106870229007,283,1340,20,0.0,283,0.014925373134328358,1610687.9899999993,0.0,5901.547246268657,Sunday,1,6
2016-06-20,7266335.58,5841977.09,263,110,0.8060836501901141,278,1173,48,0.0,278,0.04092071611253197,1424358.4900000002,0.0,6194.659488491048,Monday,0,6
2016-06-21,8500049.69,6752198.15,336,158,0.8065476190476191,359,1556,47,0.0,359,0.030205655526992288,1747851.539999999,0.0,5462.756870179948,Tuesday,0,6
2016-06-22,10283795.21,8167871.69,356,146,0.8117977528089888,378,1789,35,0.0,378,0.01956400223588597,2115923.5200000005,0.0,5748.348356623813,Wednesday,0,6
2016-06-23,9872888.2,7950198.34,351,166,0.8005698005698005,375,1718,55,190401.35,375,0.0320139697322468,1922689.8599999994,0.019285273583873868,5746.733527357392,Thursday,0,6
2016-06-24,7881916.83,6508523.99,274,133,0.8576642335766423,294,1371,88,192470.77,294,0.06418672501823487,1373392.8399999999,0.024419284566340696,5749.027592997812,Friday,0,6
2016-06-25,6886227.09,6096912.54,257,117,0.8054474708171206,277,1262,49,429622.38,277,0.03882725832012678,789314.5499999998,0.06238864539101339,5456.5983280507135,Saturday,1,6
2016-06-26,6698524.32,6144242.3,282,135,0.7801418439716312,304,1344,30,880732.07,304,0.022321428571428572,554282.0200000005,0.13148150666115666,4984.021071428571,Sunday,1,6
2016-06-27,6871506.56,6833479.69,319,142,0.8087774294670846,340,1553,47,1236871.19,340,0.030264005151320026,38026.86999999918,0.18000000133886215,4424.66616870573,Monday,0,6
2016-06-28,8247984.99,8163713.72,397,186,0.8287153652392947,436,1901,81,1484637.37,436,0.042609153077327724,84271.27000000048,0.18000000870515648,4338.761173066807,Tuesday,0,6
2016-06-29,13343751.12,13303063.47,632,282,0.8291139240506329,701,3130,126,2401875.25,701,0.040255591054313096,40687.64999999851,0.18000000362716598,4263.179271565495,Wednesday,0,6
2016-06-30,11824115.33,11686500.64,552,245,0.802536231884058,601,2726,117,2128340.75,601,0.04292002934702861,137614.68999999948,0.17999999920501453,4337.533136463683,Thursday,0,6
2016-07-01,10173764.85,10138330.52,466,209,0.8133047210300429,522,2334,80,1831277.65,522,0.03427592116538132,35434.330000000075,0.1799999977392833,4358.939524421594,Friday,0,7
2016-07-02,8800553.93,8597989.65,405,182,0.8024691358024691,440,1981,79,1584099.7,440,0.039878849066128215,202564.27999999933,0.17999999915914383,4442.4805300353355,Saturday,1,7
2016-07-03,6426683.62,6344095.57,291,130,0.8316151202749141,322,1444,64,1156802.95,322,0.0443213296398892,82588.04999999981,0.17999998419091306,4450.611925207756,Sunday,1,7
2016-07-04,1386571.93,1325944.63,44,19,0.7954545454545454,44,209,0,249582.95,44,0.0,60627.30000000005,0.18000000187512813,6634.3154545454545,Monday,0,7
2016-07-05,2748779.52,2677876.06,89,36,0.8202247191011236,90,451,12,494780.3,90,0.026607538802660754,70903.45999999996,0.17999999505234962,6094.854811529934,Tuesday,0,7
2016-07-06,2703265.31,2729115.94,120,50,0.8583333333333333,123,527,15,486587.73,123,0.028462998102466792,-25850.62999999989,0.17999999045598672,5129.53569259962,Wednesday,0,7
2016-07-07,4517288.27,4518370.11,179,90,0.7988826815642458,189,914,34,813111.93,189,0.037199124726477024,-1081.8400000007823,0.1800000091647904,4942.328522975929,Thursday,0,7
2016-07-08,3773827.56,3763622.72,158,77,0.7974683544303798,175,795,18,679289.0,175,0.022641509433962263,10204.839999999851,0.18000001038733204,4746.952905660378,Friday,0,7
2016-07-09,4051086.89,3956559.68,175,82,0.7428571428571429,190,869,26,729195.63,190,0.02991944764096663,94527.20999999996,0.1799999974821572,4661.780080552359,Saturday,1,7
2016-07-10,4008532.54,3789183.06,166,69,0.8132530120481928,182,856,17,721535.8,182,0.01985981308411215,219349.47999999998,0.1799999857304389,4682.86511682243,Sunday,1,7
2016-07-11,4094198.38,3954521.72,188,87,0.7978723404255319,199,855,11,736955.73,199,0.012865497076023392,139676.65999999968,0.18000000527575805,4788.536116959064,Monday,0,7
2016-07-12,4373623.08,4271906.38,193,96,0.8031088082901554,201,878,10,787252.12,201,0.011389521640091117,101716.70000000019,0.17999999213466744,4981.347471526196,Tuesday,0,7
2016-07-13,3978100.94,3903887.84,197,89,0.8071065989847716,218,946,16,716058.22,218,0.016913319238900635,74213.1000000001,0.18000001276991226,4205.180697674418,Wednesday,0,7
2016-07-14,5834657.65,5776926.66,265,120,0.8037735849056604,280,1250,52,1050238.43,280,0.0416,57730.99000000022,0.18000000908365205,4667.72612,Thursday,0,7
2016-07-15,5538171.41,5410397.02,255,122,0.8156862745098039,277,1210,20,996870.8,277,0.01652892561983471,127774.3900000006,0.17999999028560223,4577.001165289256,Friday,0,7
2016-07-16,4146739.21,3932641.54,196,90,0.7755102040816326,210,953,57,746412.94,210,0.05981112277019937,214097.66999999993,0.17999997159213685,4351.247859391396,Saturday,1,7
2016-07-17,4362617.65,4257377.15,190,77,0.8105263157894737,207,946,33,785271.18,207,0.03488372093023256,105240.5,0.18000000068766053,4611.64656448203,Sunday,1,7
2016-07-18,4037086.77,4032049.3,198,92,0.7676767676767676,217,923,16,726675.64,217,0.01733477789815818,5037.470000000205,0.18000000530085214,4373.875157096425,Monday,0,7
2016-07-19,4972014.76,4468539.05,222,111,0.8288288288288288,238,1030,30,561427.41,238,0.02912621359223301,503475.70999999996,0.11291748659249758,4827.198796116505,Tuesday,0,7
2016-07-20,5743038.13,4989427.8,228,112,0.7982456140350878,243,1092,38,491085.02,243,0.0347985347985348,753610.3300000001,0.08550962206479379,5259.192426739926,Wednesday,0,7
2016-07-21,6234589.1,5454135.01,278,124,0.8129496402877698,303,1347,56,373027.76,303,0.041573867854491464,780454.0899999999,0.059831971925784176,4628.499703043801,Thursday,0,7
2016-07-22,6429688.49,5405412.2,237,111,0.810126582278481,254,1180,38,268876.34,254,0.03220338983050847,1024276.29,0.04181794194511591,5448.888550847458,Friday,0,7
2016-07-23,5794840.19,4693760.16,184,74,0.7934782608695652,195,894,19,0.0,195,0.021252796420581657,1101080.0300000003,0.0,6481.924149888144,Saturday,1,7
2016-07-24,4992598.4,3988427.93,187,90,0.8128342245989305,199,877,55,0.0,199,0.06271379703534778,1004170.4700000002,0.0,5692.814595210947,Sunday,1,7
2016-07-25,6602810.86,5210533.01,225,81,0.7911111111111111,246,1129,26,0.0,246,0.023029229406554472,1392277.8500000006,0.0,5848.37100088574,Monday,0,7
2016-07-26,7851989.46,6298482.2,255,129,0.7764705882352941,270,1289,58,0.0,270,0.04499612102404965,1553507.2599999998,0.0,6091.535655546935,Tuesday,0,7
2016-07-27,7880563.86,6294203.51,291,133,0.7938144329896907,313,1379,36,0.0,313,0.02610587382160986,1586360.3500000006,0.0,5714.694604786077,Wednesday,0,7
2016-07-28,10561338.25,8364736.75,387,185,0.8242894056847545,418,1889,53,0.0,418,0.028057173107464268,2196601.5,0.0,5590.967840127051,Thursday,0,7
2016-07-29,9786083.49,8009568.05,330,130,0.793939393939394,348,1632,46,0.0,348,0.028186274509803922,1776515.4400000004,0.0,5996.3746875,Friday,0,7
2016-07-30,6346290.87,5035247.55,241,104,0.8215767634854771,259,1167,43,0.0,259,0.03684661525278492,1311043.3200000003,0.0,5438.124138817481,Saturday,1,7
2016-07-31,11015269.56,8901256.98,396,170,0.8358585858585859,431,2010,67,0.0,431,0.03333333333333333,2114012.58,0.0,5480.233611940299,Sunday,1,7
2016-08-01,10793582.2,8684114.27,382,176,0.7696335078534031,413,1829,47,0.0,413,0.02569710224166211,2109467.9299999997,0.0,5901.357135046473,Monday,0,8
2016-08-02,9744357.22,7715286.95,328,137,0.8048780487804879,350,1603,54,0.0,350,0.03368683718028696,2029070.2700000005,0.0,6078.825464753588,Tuesday,0,8
2016-08-03,9904285.99,7903743.51,354,160,0.8163841807909604,383,1703,39,0.0,383,0.022900763358778626,2000542.4800000004,0.0,5815.787428068115,Wednesday,0,8
2016-08-04,9495153.07,7445312.45,329,155,0.7993920972644377,356,1641,84,0.0,356,0.051188299817184646,2049840.62,0.0,5786.19931139549,Thursday,0,8
2016-08-05,5608281.75,4405172.77,164,80,0.8475609756097561,176,818,21,0.0,176,0.02567237163814181,1203108.9800000004,0.0,6856.090158924206,Friday,0,8
2016-08-06,3417126.9,2778007.61,101,51,0.8316831683168316,106,500,4,0.0,106,0.008,639119.29,0.0,6834.2537999999995,Saturday,1,8
2016-08-07,4427581.45,3417549.23,140,68,0.7928571428571428,149,677,17,0.0,149,0.025110782865583457,1010032.2200000002,0.0,6540.002141802068,Sunday,1,8
2016-08-08,4350104.4,3457274.61,157,76,0.7452229299363057,170,716,16,0.0,170,0.0223463687150838,892829.7900000005,0.0,6075.564804469274,Monday,0,8
2016-08-09,5367433.58,4307308.14,178,75,0.7865168539325843,191,897,31,0.0,191,0.03455964325529543,1060125.4400000004,0.0,5983.760958751393,Tuesday,0,8
2016-08-10,6219835.93,4989664.4,216,98,0.8055555555555556,234,1068,35,0.0,234,0.03277153558052434,1230171.5299999993,0.0,5823.816413857678,Wednesday,0,8
2016-08-11,6515630.05,5260377.53,238,118,0.7941176470588235,260,1191,95,0.0,260,0.07976490344248531,1255252.5199999996,0.0,5470.722124265323,Thursday,0,8
2016-08-12,6119372.31,4890673.79,214,98,0.7476635514018691,232,1038,34,0.0,232,0.03275529865125241,1228698.5199999996,0.0,5895.349046242774,Friday,0,8
2016-08-13,4911652.24,4032826.41,161,66,0.8198757763975155,173,805,33,0.0,173,0.040993788819875775,878825.8300000001,0.0,6101.431354037268,Saturday,1,8
2016-08-14,4133214.74,3276890.85,138,71,0.8768115942028986,153,712,14,0.0,153,0.019662921348314606,856323.8900000001,0.0,5805.076882022472,Sunday,1,8
2016-08-15,5605211.59,4497185.08,201,88,0.8258706467661692,219,956,23,0.0,219,0.02405857740585774,1108026.5099999998,0.0,5863.192039748954,Monday,0,8
2016-08-16,5622571.31,4439845.57,209,93,0.8229665071770335,223,1016,34,0.0,223,0.03346456692913386,1182725.7399999993,0.0,5534.026879921259,Tuesday,0,8
2016-08-17,5481191.48,4224740.02,236,99,0.8347457627118644,268,1161,43,0.0,268,0.037037037037037035,1256451.460000001,0.0,4721.095159345392,Wednesday,0,8
2016-08-18,9528740.46,7920089.68,323,148,0.7956656346749226,354,1613,69,0.0,354,0.04277743335399876,1608650.7800000012,0.0,5907.464637321761,Thursday,0,8
2016-08-19,6546299.57,5278113.04,249,122,0.7991967871485943,276,1210,36,0.0,276,0.02975206611570248,1268186.5300000003,0.0,5410.164933884298,Friday,0,8
2016-08-20,5781551.94,4564247.81,197,93,0.8071065989847716,210,969,52,0.0,210,0.053663570691434466,1217304.1300000008,0.0,5966.513869969041,Saturday,1,8
2016-08-21,6521389.47,5328696.02,194,88,0.788659793814433,205,950,46,0.0,205,0.04842105263157895,1192693.4500000002,0.0,6864.6204947368415,Sunday,1,8
2016-08-22,5219998.72,4287522.68,173,75,0.8092485549132948,192,931,33,0.0,192,0.03544575725026853,932476.04,0.0,5606.872953813104,Monday,0,8
2016-08-23,4815121.42,3868404.84,184,82,0.8152173913043478,192,883,20,0.0,192,0.022650056625141562,946716.5800000001,0.0,5453.138640996603,Tuesday,0,8
2016-08-24,6292751.73,5100249.41,241,90,0.8340248962655602,257,1171,29,0.0,257,0.024765157984628524,1192502.3200000003,0.0,5373.827267292912,Wednesday,0,8
2016-08-25,8794928.73,6977759.11,328,129,0.8262195121951219,355,1582,65,0.0,355,0.04108723135271808,1817169.62,0.0,5559.373407079646,Thursday,0,8
2016-08-26,5680360.34,4488665.83,215,96,0.7534883720930232,230,1038,39,0.0,230,0.03757225433526012,1191694.5099999998,0.0,5472.40880539499,Friday,0,8
2016-08-27,4561647.77,3662367.33,155,68,0.8,166,717,28,0.0,166,0.03905160390516039,899280.4399999995,0.0,6362.130781032078,Saturday,1,8
2016-08-28,15158669.18,12249721.23,567,244,0.8059964726631393,630,2837,196,0.0,630,0.0690870637997885,2908947.9499999993,0.0,5343.203799788509,Sunday,1,8
2016-08-29,14043471.1,11328872.12,525,237,0.8152380952380952,608,2775,179,0.0,608,0.0645045045045045,2714598.9800000004,0.0,5060.710306306306,Monday,0,8
2016-08-30,13812380.3,11037531.68,498,219,0.8273092369477911,572,2527,177,32387.95,572,0.07004352987732489,2774848.620000001,0.00234484927988842,5465.920182034033,Tuesday,0,8
2016-08-31,12534594.92,10091516.93,470,221,0.8021276595744681,542,2448,135,75844.64,542,0.05514705882352941,2443077.99,0.006050824975523022,5120.341062091503,Wednesday,0,8
2016-09-01,12403544.62,10116739.78,476,202,0.819327731092437,539,2511,135,51023.4,539,0.053763440860215055,2286804.84,0.004113614419359424,4939.683241736359,Thursday,0,9
2016-09-02,2363186.38,2197302.32,89,43,0.8426966292134831,92,372,15,162172.91,92,0.04032258064516129,165884.06000000006,0.0686246803775164,6352.651559139785,Friday,0,9
2016-09-03,2854708.14,2576390.08,93,47,0.7741935483870968,98,454,30,285470.79,98,0.06607929515418502,278318.06000000006,0.09999999159283582,6287.903392070485,Saturday,1,9
2016-09-04,2911393.7,2610346.46,106,56,0.7169811320754716,109,481,23,291139.39,109,0.04781704781704782,301047.2400000002,0.10000000686956216,6052.793555093555,Sunday,1,9
2016-09-05,4157930.98,3683805.93,145,64,0.7862068965517242,157,705,36,415793.11,157,0.05106382978723404,474125.0499999998,0.10000000288605079,5897.774439716312,Monday,0,9
2016-09-06,4457820.99,4021959.96,155,69,0.8129032258064516,171,768,29,445782.23,171,0.037760416666666664,435861.03000000026,0.10000002938655461,5804.4544140625,Tuesday,0,9
2016-09-07,2727504.52,2482230.36,101,43,0.8118811881188119,114,528,23,272750.49,114,0.043560606060606064,245274.16000000015,0.10000001393214923,5165.728257575757,Wednesday,0,9
2016-09-08,2950156.73,2710099.28,114,54,0.7719298245614035,122,532,35,295015.7,122,0.06578947368421052,240057.4500000002,0.10000000915205615,5545.407387218045,Thursday,0,9
2016-09-09,4080455.52,3550531.35,150,61,0.7533333333333333,160,729,21,408045.56,160,0.02880658436213992,529924.1699999999,0.10000000196056542,5597.332674897119,Friday,0,9
2016-09-10,3383667.97,3081087.79,140,60,0.7571428571428571,150,653,36,338366.79,150,0.055130168453292494,302580.18000000017,0.09999999793123909,5181.727366003063,Saturday,1,9
2016-09-11,4791697.67,4209772.35,200,97,0.765,214,969,37,479169.85,214,0.038183694530443756,581925.3200000003,0.10000001732162705,4944.992435500516,Sunday,1,9
2016-09-12,5675073.45,5130706.55,237,104,0.7932489451476793,257,1113,22,567507.38,257,0.019766397124887692,544366.9000000004,0.10000000616732106,5098.8979784366575,Monday,0,9
2016-09-13,5639925.61,5076124.78,213,91,0.8028169014084507,230,1072,43,563992.6,230,0.04011194029850746,563800.8300000001,0.10000000691498481,5261.12463619403,Tuesday,0,9
2016-09-14,4385149.48,3911967.05,151,57,0.8013245033112583,160,744,28,438514.95,160,0.03763440860215054,473182.43000000063,0.10000000045608479,5894.01811827957,Wednesday,0,9
2016-09-15,3714513.35,3311188.02,139,55,0.7985611510791367,145,684,27,371451.35000000003,145,0.039473684210526314,403325.3300000001,0.10000000403821406,5430.575073099415,Thursday,0,9
2016-09-16,4018602.31,3556568.41,158,75,0.8417721518987342,173,754,18,401860.24,173,0.023872679045092837,462033.8999999999,0.10000000223958463,5329.7112864721485,Friday,0,9
2016-09-17,4431680.09,3843688.85,172,77,0.7732558139534884,186,857,39,443168.05,186,0.045507584597432905,587991.2399999998,0.10000000925157032,5171.1552975495915,Saturday,1,9
2016-09-18,4942620.63,4382989.7,193,90,0.8082901554404145,215,970,31,494262.13,215,0.031958762886597936,559630.9299999997,0.10000001355556193,5095.48518556701,Sunday,1,9
2016-09-19,5350877.2,4783146.79,211,93,0.8151658767772512,236,1109,59,535087.77,236,0.05320108205590622,567730.4100000001,0.10000000934426229,4824.956898106402,Monday,0,9
2016-09-20,4950112.24,4381290.5,193,92,0.7927461139896373,206,970,59,495011.24,206,0.060824742268041236,568821.7400000002,0.10000000323224993,5103.208494845361,Tuesday,0,9
2016-09-21,4415854.52,4042078.78,173,78,0.7976878612716763,191,848,34,441585.46,191,0.04009433962264151,373775.73999999976,0.1000000018116539,5207.375613207547,Wednesday,0,9
2016-09-22,3570383.96,3326231.28,149,61,0.825503355704698,165,671,19,357038.45,165,0.028315946348733235,244152.68000000017,0.10000001512442376,5320.9895081967215,Thursday,0,9
2016-09-23,4188287.62,3857859.5,152,73,0.8026315789473685,166,740,24,418828.81,166,0.032432432432432434,330428.1200000001,0.10000001146053097,5659.848135135136,Friday,0,9
2016-09-24,3669054.98,3149906.57,155,72,0.8064516129032258,173,718,32,366905.56,173,0.04456824512534819,519148.41000000015,0.1000000168980842,5110.104428969359,Saturday,1,9
2016-09-25,5830714.93,5221915.5,216,100,0.8194444444444444,239,1142,50,583071.57,239,0.043782837127845885,608799.4299999997,0.10000001320592773,5105.704842381786,Sunday,1,9
2016-09-26,6888617.97,6121949.95,278,127,0.762589928057554,306,1380,71,688861.8099999999,306,0.05144927536231884,766668.0199999996,0.10000000188717098,4991.752152173913,Monday,0,9
2016-09-27,8489123.16,7795904.94,342,163,0.8157894736842105,379,1693,97,848912.34,379,0.05729474305965741,693218.2199999997,0.1000000028271471,5014.248765505021,Tuesday,0,9
2016-09-28,7567886.85,6824968.63,313,139,0.8178913738019169,347,1594,110,756788.79,347,0.06900878293601004,742918.2199999997,0.10000001387441464,4747.733281053952,Wednesday,0,9
2016-09-29,5432931.71,4892504.82,227,105,0.8061674008810573,249,1144,64,537389.07,249,0.055944055944055944,540426.8899999997,0.0989132753152165,4749.06618006993,Thursday,0,9
2016-09-30,4909635.76,4205412.15,209,87,0.8277511961722488,228,1050,68,413206.03,228,0.06476190476190476,704223.6099999994,0.08416225769057867,4675.843580952381,Friday,0,9
2016-10-01,4366699.03,3701260.21,179,65,0.8100558659217877,199,911,55,286546.67,199,0.06037321624588365,665438.8200000003,0.06562088846320145,4793.302996706916,Saturday,1,10
2016-10-02,2596796.4,1974164.43,85,38,0.788235294117647,90,415,11,0.0,90,0.02650602409638554,622631.97,0.0,6257.340722891566,Sunday,1,10
2016-10-03,2548741.44,2097911.33,89,37,0.7640449438202247,93,420,30,0.0,93,0.07142857142857142,450830.10999999987,0.0,6068.432,Monday,0,10
2016-10-04,3461082.31,2850191.25,115,45,0.8,120,545,46,0.0,120,0.08440366972477065,610891.06,0.0,6350.609743119267,Tuesday,0,10
2016-10-05,3424882.78,2746226.47,105,44,0.819047619047619,112,497,20,0.0,112,0.04024144869215292,678656.3099999996,0.0,6891.112233400402,Wednesday,0,10
2016-10-06,2895028.23,2454432.63,99,50,0.8585858585858586,106,470,17,0.0,106,0.036170212765957444,440595.6000000001,0.0,6159.634531914893,Thursday,0,10
2016-10-07,3222934.99,2477341.55,106,52,0.8301886792452831,119,547,16,0.0,119,0.029250457038391225,745593.4400000004,0.0,5892.020091407679,Friday,0,10
2016-10-08,3101070.27,2574361.13,120,49,0.8083333333333333,132,511,20,0.0,132,0.03913894324853229,526709.1400000001,0.0,6068.630665362035,Saturday,1,10
2016-10-09,3313712.48,2583489.11,106,49,0.8773584905660378,116,546,22,0.0,116,0.040293040293040296,730223.3700000001,0.0,6069.070476190476,Sunday,1,10
2016-10-10,4264616.83,3371581.16,145,70,0.7586206896551724,162,734,50,0.0,162,0.0681198910081744,893035.6699999999,0.0,5810.104673024523,Monday,0,10
2016-10-11,4422185.53,3581266.99,144,66,0.7986111111111112,166,788,25,0.0,166,0.031725888324873094,840918.54,0.0,5611.910571065991,Tuesday,0,10
2016-10-12,4541598.24,3524730.02,161,70,0.7577639751552795,175,828,61,0.0,175,0.07367149758454106,1016868.2200000002,0.0,5485.022028985508,Wednesday,0,10
2016-10-13,3317032.06,2649214.4,107,47,0.8037383177570093,111,515,28,0.0,111,0.05436893203883495,667817.6600000001,0.0,6440.8389514563105,Thursday,0,10
2016-10-14,3511630.87,2718591.77,130,47,0.8076923076923077,151,672,27,0.0,151,0.04017857142857143,793039.1000000001,0.0,5225.641175595239,Friday,0,10
2016-10-15,3943248.97,3043533.56,126,51,0.7777777777777778,138,648,37,0.0,138,0.05709876543209876,899715.4100000001,0.0,6085.26075617284,Saturday,1,10
2016-10-16,4376304.87,3413503.15,133,64,0.8270676691729323,146,677,70,0.0,146,0.103397341211226,962801.7200000002,0.0,6464.261255539143,Sunday,1,10
2016-10-17,3037287.93,2453991.87,131,66,0.7862595419847328,142,656,61,0.0,142,0.09298780487804878,583296.06,0.0,4630.0120884146345,Monday,0,10
2016-10-18,4508859.09,3657069.31,182,86,0.7747252747252747,204,926,54,0.0,204,0.058315334773218146,851789.7799999998,0.0,4869.178282937365,Tuesday,0,10
2016-10-19,4228189.57,3396000.86,141,57,0.8014184397163121,154,709,44,0.0,154,0.06205923836389281,832188.7100000004,0.0,5963.596008462624,Wednesday,0,10
2016-10-20,2846518.01,2260628.69,115,49,0.782608695652174,122,546,40,0.0,122,0.07326007326007326,585889.3199999998,0.0,5213.402948717949,Thursday,0,10
2016-10-21,3272036.28,2634207.2,133,67,0.8421052631578947,146,608,24,0.0,146,0.039473684210526314,637829.0799999996,0.0,5381.638618421052,Friday,0,10
2016-10-22,3948044.16,3231763.1,123,52,0.7804878048780488,134,633,45,0.0,134,0.07109004739336493,716281.06,0.0,6237.036587677725,Saturday,1,10
2016-10-23,3383059.2,2666084.61,122,51,0.860655737704918,135,572,33,0.0,135,0.057692307692307696,716974.5900000003,0.0,5914.439160839162,Sunday,1,10
2016-10-24,4380387.44,3526727.23,152,78,0.8157894736842105,163,774,39,0.0,163,0.050387596899224806,853660.2100000004,0.0,5659.415297157623,Monday,0,10
2016-10-25,4299274.8,3249930.02,168,62,0.8333333333333334,187,825,52,0.0,187,0.06303030303030303,1049344.7799999998,0.0,5211.242181818182,Tuesday,0,10
2016-10-26,4706906.11,3751859.51,166,75,0.7831325301204819,185,790,37,0.0,185,0.04683544303797468,955046.6000000006,0.0,5958.109,Wednesday,0,10
2016-10-27,4202633.76,3430770.86,154,75,0.7662337662337663,172,794,28,0.0,172,0.03526448362720403,771862.8999999999,0.0,5292.989622166247,Thursday,0,10
2016-10-28,7095459.64,5821255.79,290,121,0.7827586206896552,328,1463,99,0.0,328,0.06766917293233082,1274203.8499999996,0.0,4849.938236500341,Friday,0,10
2016-10-29,7748034.04,6291672.94,264,118,0.8143939393939394,305,1443,87,0.0,305,0.060291060291060294,1456361.0999999996,0.0,5369.392959112959,Saturday,1,10
2016-10-30,6231866.09,5021019.4,224,98,0.7589285714285714,257,1206,81,0.0,257,0.06716417910447761,1210846.6899999995,0.0,5167.3848175787725,Sunday,1,10
2016-10-31,6154479.92,4923620.6,233,119,0.8025751072961373,267,1186,75,0.0,267,0.06323777403035413,1230859.3200000003,0.0,5189.274806070826,Monday,0,10
2016-11-01,7719179.86,6108632.49,282,129,0.8297872340425532,333,1505,124,0.0,333,0.0823920265780731,1610547.37,0.0,5129.023162790698,Tuesday,0,11
2016-11-02,2019573.39,1671538.84,61,29,0.8524590163934426,63,285,13,0.0,63,0.0456140350877193,348034.5499999998,0.0,7086.222421052631,Wednesday,0,11
2016-11-03,2167731.38,1630172.24,76,37,0.8289473684210527,86,399,21,0.0,86,0.05263157894736842,537559.1399999999,0.0,5432.910726817042,Thursday,0,11
2016-11-04,2921457.72,2325634.63,103,45,0.8543689320388349,116,558,16,0.0,116,0.02867383512544803,595823.0900000003,0.0,5235.587311827957,Friday,0,11
2016-11-05,3331729.51,2510325.05,108,47,0.8333333333333334,125,583,17,0.0,125,0.029159519725557463,821404.46,0.0,5714.801903945111,Saturday,1,11
2016-11-06,3177194.93,2614531.12,114,50,0.8421052631578947,131,588,24,0.0,131,0.04081632653061224,562663.81,0.0,5403.392738095238,Sunday,1,11
2016-11-07,4013690.76,3164694.75,142,60,0.823943661971831,159,743,74,0.0,159,0.09959623149394348,848996.0099999998,0.0,5402.006406460296,Monday,0,11
2016-11-08,2902668.64,2275142.13,112,59,0.8303571428571429,127,561,45,0.0,127,0.08021390374331551,627526.5100000002,0.0,5174.097397504456,Tuesday,0,11
2016-11-09,3088936.2,2415653.4,117,54,0.8461538461538461,130,585,47,0.0,130,0.08034188034188035,673282.8000000003,0.0,5280.232820512821,Wednesday,0,11
2016-11-10,3524443.54,2787453.25,117,49,0.8205128205128205,134,579,37,0.0,134,0.06390328151986183,736990.29,0.0,6087.12183074266,Thursday,0,11
2016-11-11,3242466.89,2622416.39,115,59,0.782608695652174,132,637,49,0.0,132,0.07692307692307693,620050.5,0.0,5090.214897959184,Friday,0,11
2016-11-12,4067309.35,3215859.82,151,65,0.7880794701986755,168,783,47,0.0,168,0.06002554278416347,851449.5300000003,0.0,5194.520242656449,Saturday,1,11
2016-11-13,4108240.53,3298120.47,147,64,0.7687074829931972,175,795,45,0.0,175,0.05660377358490566,810120.0599999996,0.0,5167.598150943396,Sunday,1,11
2016-11-14,5384564.17,4287246.16,210,102,0.7857142857142857,234,1047,48,0.0,234,0.045845272206303724,1097318.0099999998,0.0,5142.850210124164,Monday,0,11
2016-11-15,4067351.79,3266049.08,162,65,0.7530864197530864,185,769,55,0.0,185,0.07152145643693109,801302.71,0.0,5289.144070221067,Tuesday,0,11
2016-11-16,2666254.64,2184170.77,119,51,0.8319327731092437,137,591,62,0.0,137,0.10490693739424704,482083.8700000001,0.0,4511.429170896786,Wednesday,0,11
2016-11-17,3253737.52,2657687.82,115,52,0.7913043478260869,136,629,54,0.0,136,0.08585055643879173,596049.7000000002,0.0,5172.873640699523,Thursday,0,11
2016-11-18,2750384.49,2341586.51,134,55,0.8432835820895522,156,685,66,125521.75,156,0.09635036496350365,408797.98000000045,0.04563789188616316,4015.1598394160587,Friday,0,11
2016-11-19,3049656.36,2797715.85,133,61,0.8345864661654135,151,652,52,359697.33,151,0.07975460122699386,251940.50999999978,0.11794683975475848,4677.387055214724,Saturday,1,11
2016-11-20,2422645.76,2208447.77,119,56,0.8319327731092437,143,638,45,310833.11,143,0.07053291536050156,214197.98999999976,0.1283031614163847,3797.2504075235106,Sunday,1,11
2016-11-21,2849528.18,2622825.33,129,64,0.7829457364341085,149,681,20,392313.17,149,0.02936857562408223,226702.8500000001,0.1376765363310076,4184.329192364171,Monday,0,11
2016-11-22,2953802.19,3010640.25,125,50,0.816,144,681,42,590760.45,144,0.06167400881057269,-56838.060000000056,0.20000000406256047,4337.448149779736,Tuesday,0,11
2016-11-23,1781135.32,1682846.05,96,37,0.8645833333333334,107,475,34,356227.05,107,0.07157894736842105,98289.27000000002,0.19999999213984482,3749.7585684210526,Wednesday,0,11
2016-11-24,1693041.1,1727778.84,92,39,0.8804347826086957,106,453,28,338608.21,106,0.06181015452538632,-34737.73999999999,0.19999999409346886,3737.3975717439293,Thursday,0,11
2016-11-25,3314537.94,3343367.28,180,87,0.8,212,917,46,662907.52,212,0.05016357688113413,-28829.33999999985,0.19999997948431994,3614.5451908396944,Friday,0,11
2016-11-26,3392192.14,3360164.37,177,81,0.8135593220338984,210,969,55,678438.45,210,0.05675954592363261,32027.77000000002,0.20000000648548166,3500.714282765738,Saturday,1,11
2016-11-27,5299633.2,5281944.59,309,131,0.8058252427184466,366,1631,80,1059926.67,366,0.049049662783568364,17688.610000000335,0.20000000566076911,3249.3152667075415,Sunday,1,11
2016-11-28,5196318.58,5131257.93,286,120,0.8251748251748252,337,1528,118,1039263.78,337,0.07722513089005235,65060.65000000037,0.2000000123164119,3400.732054973822,Monday,0,11
2016-11-29,4921786.18,4962698.8,258,106,0.7751937984496124,308,1436,143,984357.18,308,0.09958217270194986,-40912.62000000011,0.19999998862201693,3427.4277019498604,Tuesday,0,11
2016-11-30,3832887.02,3897608.89,211,101,0.8056872037914692,247,1111,74,766577.36,247,0.0666066606660666,-64721.87000000011,0.19999998852040257,3449.9433123312333,Wednesday,0,11
2016-12-01,2358573.02,2341309.79,119,61,0.8235294117647058,142,672,79,471714.64,142,0.11755952380952381,17263.22999999998,0.2000000152634664,3509.781279761905,Thursday,0,12
2016-12-02,907573.74,925477.21,41,20,0.8536585365853658,46,205,17,181514.76,46,0.08292682926829269,-17903.469999999972,0.20000001322206612,4427.188975609756,Friday,0,12
2016-12-03,1333890.05,1218185.92,70,32,0.8428571428571429,74,306,16,266778.04,74,0.05228758169934641,115704.13000000012,0.2000000224906093,4359.1178104575165,Saturday,1,12
2016-12-04,2237557.76,2224630.3,107,41,0.822429906542056,124,578,26,447511.52,124,0.04498269896193772,12927.459999999963,0.19999998569869323,3871.2071972318336,Sunday,1,12
2016-12-05,1925286.27,1939563.58,105,45,0.9047619047619048,123,543,24,385057.32,123,0.04419889502762431,-14277.310000000056,0.20000003428061636,3545.646906077348,Monday,0,12
2016-12-06,2605334.49,2510982.32,151,64,0.8609271523178808,184,808,21,521066.89,184,0.02599009900990099,94352.17000000039,0.19999999692937698,3224.4238737623764,Tuesday,0,12
2016-12-07,2299467.49,2274139.79,131,64,0.816793893129771,151,678,30,459893.46,151,0.04424778761061947,25327.700000000186,0.19999998347443476,3391.5449705014753,Wednesday,0,12
2016-12-08,2075549.34,2136761.21,113,56,0.7610619469026548,147,653,18,415109.91,147,0.027565084226646247,-61211.86999999988,0.20000002023560662,3178.4829096477797,Thursday,0,12
2016-12-09,2553283.93,2600587.96,129,52,0.8604651162790697,156,708,33,510656.78,156,0.046610169491525424,-47304.029999999795,0.19999999765008508,3606.333234463277,Friday,0,12
2016-12-10,2913080.54,2889190.43,142,70,0.8169014084507042,176,825,29,582616.0599999999,176,0.03515151515151515,23890.10999999987,0.19999998352259768,3531.006715151515,Saturday,1,12
2016-12-11,2853330.5,2812545.24,156,71,0.7371794871794872,192,903,41,570666.13,192,0.04540420819490587,40785.25999999978,0.20000001051402913,3159.8344407530453,Sunday,1,12
2016-12-12,3248145.42,3217430.0,188,92,0.824468085106383,233,1073,67,649629.1,233,0.06244175209692451,30715.419999999925,0.20000000492588782,3027.1625535880708,Monday,0,12
2016-12-13,3823629.31,3830277.56,221,98,0.8009049773755657,268,1219,62,764725.77,268,0.05086136177194422,-6648.25,0.1999999759390902,3136.693445447088,Tuesday,0,12
2016-12-14,2792734.55,2831410.87,160,68,0.85625,188,938,86,558546.94,188,0.09168443496801706,-38676.3200000003,0.2000000107421595,2977.3289445629,Wednesday,0,12
2016-12-15,2707101.38,2742933.88,149,70,0.825503355704698,173,763,85,541420.25,173,0.11140235910878113,-35832.5,0.1999999903956312,3547.970353866317,Thursday,0,12
2016-12-16,2646651.72,2651717.38,140,62,0.8071428571428572,166,717,42,529330.33,166,0.058577405857740586,-5065.659999999683,0.19999999471029756,3691.2855230125524,Friday,0,12
2016-12-17,3238132.58,3280502.46,185,83,0.8054054054054054,214,915,53,647626.54,214,0.05792349726775956,-42369.87999999989,0.20000000741167925,3538.9427103825137,Saturday,1,12
2016-12-18,3271429.4,3285398.32,191,74,0.7853403141361257,232,1026,49,654285.85,232,0.04775828460038986,-13968.919999999925,0.19999999082969663,3188.527680311891,Sunday,1,12
2016-12-19,4135316.35,4095588.8,248,105,0.7983870967741935,305,1411,73,827063.25,305,0.0517363571934798,39727.55000000028,0.19999999516361064,2930.7699149539335,Monday,0,12
2016-12-20,4293749.29,4224108.67,287,127,0.7770034843205574,348,1505,138,858749.85,348,0.09169435215946845,69640.62000000011,0.19999999813682648,2852.989561461794,Tuesday,0,12
2016-12-21,4279775.59,4100591.43,255,116,0.8,321,1339,69,855955.08,321,0.05153099327856609,179184.15999999968,0.19999999112102979,3196.247640029873,Wednesday,0,12
2016-12-22,3117384.48,3057416.11,186,83,0.8118279569892473,220,972,46,623476.87,220,0.047325102880658436,59968.37000000011,0.19999999165967491,3207.1856790123456,Thursday,0,12
2016-12-23,2500798.47,2509747.01,138,73,0.7463768115942029,173,801,38,500159.73,173,0.04744069912609238,-8948.539999999572,0.20000001439540227,3122.095468164794,Friday,0,12
2016-12-24,2034069.49,2007308.18,121,51,0.8347107438016529,145,607,34,406813.93,145,0.05601317957166392,26761.310000000056,0.20000001573200923,3351.0205766062604,Saturday,1,12
2016-12-25,3488378.94,3406046.44,221,88,0.7918552036199095,272,1254,75,697675.69,272,0.05980861244019139,82332.5,0.1999999719067218,2781.8013875598085,Sunday,1,12
2016-12-26,3839559.68,3806837.33,284,125,0.7887323943661971,335,1510,115,767911.88,335,0.076158940397351,32722.350000000093,0.19999998541499425,2542.7547549668875,Monday,0,12
2016-12-27,5844260.6,5750792.35,368,166,0.8152173913043478,432,1857,91,1168852.14,432,0.04900376952073236,93468.25,0.20000000342216087,3147.151642434033,Tuesday,0,12
2016-12-28,7554359.22,7421332.69,524,246,0.7977099236641222,623,2767,128,1510871.86,623,0.046259486808818216,133026.52999999933,0.20000000211798244,2730.162349114564,Wednesday,0,12
2016-12-29,7928143.58,7951767.41,479,206,0.8016701461377871,593,2723,100,1585628.67,593,0.03672420124862284,-23623.830000000075,0.19999999419788508,2911.547403598972,Thursday,0,12
2016-12-30,5840732.73,5741938.39,370,167,0.8162162162162162,435,1976,146,1140505.78,435,0.07388663967611336,98794.34000000078,0.1952675858872933,2955.8364018218626,Friday,0,12
2016-12-31,4969730.15,4920694.41,293,132,0.8020477815699659,358,1574,114,872665.42,358,0.0724269377382465,49035.74000000022,0.1755961377500547,3157.3889135959344,Saturday,1,12
2017-01-01,3998895.08,3583814.01,204,90,0.8186274509803921,245,1154,89,550014.73,245,0.07712305025996534,415081.0700000003,0.1375416756370612,3465.2470363951475,Sunday,1,1
2017-01-02,1748553.87,1374452.07,57,28,0.8596491228070176,63,290,23,1499.26,63,0.07931034482758621,374101.80000000005,0.0008574285446521587,6029.496103448277,Monday,0,1
2017-01-03,1891837.91,1573537.28,68,28,0.8235294117647058,76,311,12,0.0,76,0.03858520900321544,318300.6299999999,0.0,6083.0800964630225,Tuesday,0,1
2017-01-04,847466.28,682698.81,36,12,0.8333333333333334,40,174,28,0.0,40,0.16091954022988506,164767.46999999997,0.0,4870.495862068966,Wednesday,0,1
2017-01-05,1464435.52,1145400.53,57,26,0.8947368421052632,66,276,11,0.0,66,0.03985507246376811,319034.99,0.0,5305.9257971014495,Thursday,0,1
2017-01-06,2311449.24,1842665.52,79,31,0.810126582278481,88,391,13,0.0,88,0.03324808184143223,468783.7200000002,0.0,5911.634884910486,Friday,0,1
2017-01-07,2148635.45,1767280.58,75,26,0.7733333333333333,81,349,33,0.0,81,0.09455587392550144,381354.8700000001,0.0,6156.548567335244,Saturday,1,1
2017-01-08,2907768.3,2272946.44,105,45,0.8095238095238095,116,540,65,0.0,116,0.12037037037037036,634821.8599999999,0.0,5384.756111111111,Sunday,1,1
2017-01-09,3437216.12,2814472.11,129,58,0.751937984496124,147,676,46,0.0,147,0.06804733727810651,622744.0100000002,0.0,5084.639230769231,Monday,0,1
2017-01-10,3014515.71,2440786.22,111,50,0.8198198198198198,135,596,32,0.0,135,0.053691275167785234,573729.4899999998,0.0,5057.912265100671,Tuesday,0,1
2017-01-11,2227157.79,1674420.56,95,43,0.8,113,462,26,0.0,113,0.05627705627705628,552737.23,0.0,4820.687857142857,Wednesday,0,1
2017-01-12,2704158.21,2101198.8,92,45,0.782608695652174,101,470,27,0.0,101,0.0574468085106383,602959.4100000001,0.0,5753.528106382979,Thursday,0,1
2017-01-13,3136819.59,2599219.64,105,52,0.8571428571428571,116,499,33,0.0,116,0.06613226452905811,537599.9499999997,0.0,6286.211603206412,Friday,0,1
2017-01-14,2056300.58,1704845.73,75,41,0.8,82,354,37,0.0,82,0.10451977401129943,351454.8500000001,0.0,5808.758700564972,Saturday,1,1
2017-01-15,2415343.55,1994964.86,99,42,0.7777777777777778,106,451,49,0.0,106,0.10864745011086474,420378.6899999997,0.0,5355.528935698448,Sunday,1,1
2017-01-16,3848368.92,3102404.56,133,63,0.7744360902255639,153,693,41,0.0,153,0.05916305916305916,745964.3599999999,0.0,5553.201904761905,Monday,0,1
2017-01-17,2829843.68,2229864.7,108,46,0.8611111111111112,117,503,19,0.0,117,0.03777335984095427,599978.98,0.0,5625.931769383698,Tuesday,0,1
2017-01-18,2138817.82,1652537.47,84,40,0.8333333333333334,92,415,13,0.0,92,0.03132530120481928,486280.34999999986,0.0,5153.777879518072,Wednesday,0,1
2017-01-19,2663777.41,2187863.56,97,43,0.8350515463917526,110,504,27,0.0,110,0.05357142857142857,475913.8500000001,0.0,5285.27263888889,Thursday,0,1
2017-01-20,2871845.05,2318588.01,92,48,0.7934782608695652,105,500,27,0.0,105,0.054,553257.04,0.0,5743.6901,Friday,0,1
2017-01-21,2790303.1,2232164.85,87,41,0.8275862068965517,99,473,27,0.0,99,0.05708245243128964,558138.25,0.0,5899.1608879492605,Saturday,1,1
2017-01-22,2438538.62,2064760.98,91,39,0.8131868131868132,102,420,44,0.0,102,0.10476190476190476,373777.64000000013,0.0,5806.044333333333,Sunday,1,1
2017-01-23,3466339.69,2719480.1,127,65,0.8031496062992126,144,684,23,0.0,144,0.033625730994152045,746859.5899999999,0.0,5067.748084795321,Monday,0,1
2017-01-24,2856042.21,2288079.89,115,59,0.7652173913043478,131,580,53,0.0,131,0.09137931034482759,567962.3199999998,0.0,4924.2107068965515,Tuesday,0,1
2017-01-25,2345949.16,1953862.54,74,27,0.8243243243243243,81,394,32,0.0,81,0.08121827411167512,392086.6200000001,0.0,5954.185685279188,Wednesday,0,1
2017-01-26,3398297.86,2689465.29,102,43,0.8823529411764706,116,576,23,0.0,116,0.03993055555555555,708832.5699999998,0.0,5899.822673611111,Thursday,0,1
2017-01-27,3893498.97,3118864.85,139,71,0.8129496402877698,153,676,33,0.0,153,0.04881656804733728,774634.1200000001,0.0,5759.613860946746,Friday,0,1
2017-01-28,5454445.79,4466542.85,204,83,0.7598039215686274,234,1038,58,0.0,234,0.055876685934489405,987902.9400000004,0.0,5254.764730250482,Saturday,1,1
2017-01-29,6530902.38,5313138.23,205,92,0.8048780487804879,229,1075,67,0.0,229,0.062325581395348835,1217764.1499999994,0.0,6075.258027906977,Sunday,1,1
2017-01-30,5647441.37,4545794.61,211,92,0.8293838862559242,245,1094,96,9192.6,245,0.08775137111517367,1101646.7599999998,0.0016277459822482407,5162.195036563071,Monday,0,1
2017-01-31,5786663.6,4731579.01,195,98,0.7538461538461538,215,969,58,1635.43,215,0.05985552115583075,1055084.5899999999,0.00028262054148093217,5971.789060887512,Tuesday,0,1
2017-02-01,3754242.39,3007642.45,136,49,0.8308823529411765,155,680,38,2206.29,155,0.05588235294117647,746599.94,0.0005876791562198519,5520.944691176471,Wednesday,0,2
2017-02-02,2084558.98,1704689.79,69,31,0.782608695652174,75,368,33,43504.61,75,0.08967391304347826,379869.18999999994,0.020869934800309655,5664.562445652174,Thursday,0,2
2017-02-03,2527455.7,2118774.82,70,27,0.9,77,406,24,66714.52,77,0.059113300492610835,408680.88000000035,0.026395920609014037,6225.260344827587,Friday,0,2
2017-02-04,2511052.37,2067059.03,84,37,0.8452380952380952,88,394,35,40008.07,88,0.08883248730964467,443993.3400000001,0.015932789964073907,6373.229365482233,Saturday,1,2
2017-02-05,2436308.96,2039899.33,95,44,0.8315789473684211,107,452,33,64730.38,107,0.07300884955752213,396409.6299999999,0.026569035808988693,5390.06407079646,Sunday,1,2
2017-02-06,2567404.94,2085607.67,108,46,0.7870370370370371,118,483,20,80304.04,118,0.041407867494824016,481797.27,0.031278291456430705,5315.53817805383,Monday,0,2
2017-02-07,2738634.88,2219123.05,112,52,0.8392857142857143,121,506,20,70394.02,121,0.039525691699604744,519511.8300000001,0.02570405442291015,5412.3218972332015,Tuesday,0,2
2017-02-08,1933130.03,1586818.66,80,37,0.7125,87,395,32,69406.01,87,0.0810126582278481,346311.3700000001,0.03590343583871593,4894.000075949367,Wednesday,0,2
2017-02-09,2516914.69,2076822.36,97,47,0.7835051546391752,110,482,13,88614.06,110,0.026970954356846474,440092.32999999984,0.035207414995857486,5221.814709543568,Thursday,0,2
2017-02-10,2588464.94,2130151.17,90,34,0.8,99,444,40,63552.4,99,0.09009009009009009,458313.77,0.024552157928783847,5829.87599099099,Friday,0,2
2017-02-11,3014037.02,2552520.25,108,51,0.8055555555555556,132,593,42,134680.25,132,0.07082630691399663,461516.77,0.044684338349633146,5082.693119730186,Saturday,1,2
2017-02-12,3603536.48,2886850.52,132,62,0.7803030303030303,148,659,28,110955.75,148,0.042488619119878605,716685.96,0.03079079415896464,5468.1888922610015,Sunday,1,2
2017-02-13,4440040.43,3602625.97,164,71,0.8048780487804879,191,855,44,157304.96,191,0.05146198830409357,837414.4599999995,0.03542872243620539,5193.029742690058,Monday,0,2
2017-02-14,3875527.43,3254271.21,130,55,0.823076923076923,145,645,13,78413.8,145,0.020155038759689922,621256.2200000002,0.020233065412724998,6008.569658914729,Tuesday,0,2
2017-02-15,2042667.61,1725509.05,77,38,0.8441558441558441,84,398,48,75994.05,84,0.12060301507537688,317158.56000000006,0.03720333627848537,5132.33067839196,Wednesday,0,2
2017-02-16,3533527.8,2858753.36,114,52,0.7631578947368421,126,591,56,108238.99,126,0.09475465313028765,674774.44,0.03063199049969269,5978.896446700507,Thursday,0,2
2017-02-17,3023518.61,2507056.83,120,54,0.7666666666666667,134,596,20,87099.98,134,0.03355704697986577,516461.7799999998,0.028807489298040074,5073.017802013423,Friday,0,2
2017-02-18,3277433.63,2800726.99,119,45,0.8403361344537815,130,587,45,73777.98,130,0.07666098807495741,476706.63999999966,0.022510899785940133,5583.362231686541,Saturday,1,2
2017-02-19,4520643.56,3744775.49,155,75,0.8129032258064516,176,732,42,116932.21,176,0.05737704918032787,775868.0699999994,0.025866275110617218,6175.74256830601,Sunday,1,2
2017-02-20,5623470.83,4661358.55,210,79,0.7523809523809524,243,1110,76,178826.78,243,0.06846846846846846,962112.2800000003,0.03180007248299357,5066.189936936937,Monday,0,2
2017-02-21,5243661.46,4397106.06,177,84,0.8587570621468926,195,880,78,115810.09,195,0.08863636363636364,846555.4000000004,0.022085729767916788,5958.706204545454,Tuesday,0,2
2017-02-22,4461426.24,3673004.77,154,75,0.7922077922077922,174,794,52,102101.95,174,0.0654911838790932,788421.4700000002,0.022885495468821196,5618.924735516373,Wednesday,0,2
2017-02-23,5005082.74,4050645.07,153,65,0.7908496732026143,173,805,34,76690.94,173,0.0422360248447205,954437.6700000004,0.015322611829589853,6217.494086956522,Thursday,0,2
2017-02-24,5197080.94,4291124.12,188,82,0.7712765957446809,209,943,34,108044.19,209,0.036055143160127257,905956.8200000003,0.020789399135276887,5511.220509013786,Friday,0,2
2017-02-25,7193655.77,5984598.22,270,132,0.7666666666666667,301,1386,96,229124.84,301,0.06926406926406926,1209057.5499999998,0.031850959696393705,5190.227828282828,Saturday,1,2
2017-02-26,6951383.99,5568547.06,248,113,0.8024193548387096,276,1266,48,173017.79,276,0.037914691943127965,1382836.9300000006,0.024889689628554097,5490.824636650869,Sunday,1,2
2017-02-27,7418488.93,6084966.92,279,118,0.8207885304659498,318,1494,69,233590.55,318,0.04618473895582329,1333522.0099999998,0.03148761859782138,4965.521372155287,Monday,0,2
2017-02-28,5900508.14,4852701.48,237,102,0.729957805907173,263,1147,83,160828.81,263,0.07236268526591107,1047806.6599999992,0.02725677283787291,5144.296547515257,Tuesday,0,2
2017-03-01,4138759.12,3461752.84,159,69,0.8301886792452831,175,766,49,111247.76,175,0.0639686684073107,677006.2800000003,0.026879496190635996,5403.0797911227155,Wednesday,0,3
2017-03-02,1084768.59,894235.96,42,18,0.7380952380952381,46,191,20,0.0,46,0.10471204188481675,190532.63000000012,0.0,5679.416701570681,Thursday,0,3
2017-03-03,1291387.67,1088338.93,37,13,0.8918918918918919,40,190,13,0.0,40,0.06842105263157895,203048.74,0.0,6796.777210526316,Friday,0,3
2017-03-04,1414852.54,1091358.11,49,17,0.8571428571428571,50,226,0,0.0,50,0.0,323494.42999999993,0.0,6260.409469026549,Saturday,1,3
2017-03-05,2359240.19,1784452.73,70,41,0.7428571428571429,77,332,11,0.0,77,0.03313253012048193,574787.46,0.0,7106.14515060241,Sunday,1,3
2017-03-06,3890607.23,3160109.06,129,73,0.9069767441860465,141,598,56,0.0,141,0.09364548494983277,730498.1699999999,0.0,6506.032157190635,Monday,0,3
2017-03-07,3220221.21,2644266.94,111,52,0.8018018018018018,120,536,15,0.0,120,0.027985074626865673,575954.27,0.0,6007.875391791044,Tuesday,0,3
2017-03-08,4553707.12,3607122.81,151,81,0.7483443708609272,165,757,28,0.0,165,0.036988110964332896,946584.31,0.0,6015.465151915456,Wednesday,0,3
2017-03-09,4967983.41,4034647.4,173,70,0.7803468208092486,182,813,45,0.0,182,0.055350553505535055,933336.0100000002,0.0,6110.680701107011,Thursday,0,3
2017-03-10,6057343.95,4929376.63,179,81,0.8100558659217877,198,909,62,0.0,198,0.06820682068206821,1127967.3200000003,0.0,6663.744719471947,Friday,0,3
2017-03-11,4368486.87,3465509.34,155,76,0.8193548387096774,168,728,43,0.0,168,0.059065934065934064,902977.5300000003,0.0,6000.668777472528,Saturday,1,3
2017-03-12,3116003.75,2481856.51,124,52,0.8306451612903226,135,588,28,0.0,135,0.047619047619047616,634147.2400000002,0.0,5299.326105442177,Sunday,1,3
2017-03-13,4924647.72,4152542.23,167,76,0.7724550898203593,182,816,54,0.0,182,0.0661764705882353,772105.4899999998,0.0,6035.1075,Monday,0,3
2017-03-14,5669415.23,4519981.15,188,81,0.8191489361702128,207,964,60,0.0,207,0.06224066390041494,1149434.08,0.0,5881.136130705395,Tuesday,0,3
2017-03-15,7298281.44,5862653.36,242,108,0.7851239669421488,274,1268,66,0.0,274,0.052050473186119876,1435628.08,0.0,5755.742460567823,Wednesday,0,3
2017-03-16,7437742.79,6020449.52,257,106,0.8132295719844358,284,1312,54,0.0,284,0.041158536585365856,1417293.2700000005,0.0,5669.011272865853,Thursday,0,3
2017-03-17,7834618.24,6274517.1,269,133,0.8141263940520446,292,1315,66,0.0,292,0.050190114068441066,1560101.1400000006,0.0,5957.8845931558935,Friday,0,3
2017-03-18,5974783.9,4875618.15,194,76,0.7989690721649485,207,996,68,44743.340000000004,207,0.06827309236947791,1099165.75,0.007488695950994981,5998.779016064257,Saturday,1,3
2017-03-19,5122059.27,4468071.53,188,83,0.8085106382978723,204,926,69,229642.91,204,0.07451403887688984,653987.7399999993,0.04483409853240531,5531.3815010799135,Sunday,1,3
2017-03-20,5574811.65,4750949.98,202,93,0.8415841584158416,223,1074,58,448156.06,223,0.054003724394785846,823861.6699999999,0.08038945315757887,5190.699860335196,Monday,0,3
2017-03-21,6395400.59,5699224.23,253,130,0.8023715415019763,275,1222,87,673640.54,275,0.07119476268412439,696176.3599999994,0.10533203206274841,5233.552037643208,Tuesday,0,3
2017-03-22,6704488.72,5884865.16,278,128,0.8093525179856115,300,1383,50,804538.62,300,0.036153289949385395,819623.5599999996,0.11999999606233956,4847.786493130875,Wednesday,0,3
2017-03-23,8227253.04,7586583.97,315,139,0.8158730158730159,345,1594,107,987270.36,345,0.0671267252195734,640669.0700000003,0.11999999941657319,5161.388356336261,Thursday,0,3
2017-03-24,8043513.7,7275137.93,301,141,0.8305647840531561,323,1478,48,965221.57,323,0.03247631935047361,768375.7700000005,0.11999999080004052,5442.160825439783,Friday,0,3
2017-03-25,5949599.34,5438511.57,230,108,0.7782608695652173,249,1099,26,713951.95,249,0.023657870791628753,511087.76999999955,0.1200000049078935,5413.648171064604,Saturday,1,3
2017-03-26,5631526.96,5140078.21,233,107,0.8154506437768241,257,1119,13,675783.2,257,0.01161751563896336,491448.75,0.119999993749475,5032.642502234137,Sunday,1,3
2017-03-27,6690279.11,5981854.17,283,130,0.823321554770318,311,1325,74,802833.52,311,0.05584905660377359,708424.9400000004,0.12000000400581194,5049.267252830189,Monday,0,3
2017-03-28,7528150.84,6808020.58,315,152,0.7873015873015873,341,1492,47,903378.07,341,0.03150134048257373,720130.2599999998,0.11999999590868984,5045.677506702413,Tuesday,0,3
2017-03-29,8839810.76,8216778.38,374,167,0.8502673796791443,401,1799,103,1060777.32,401,0.05725403001667593,623032.3799999999,0.1200000032579883,4913.735831017231,Wednesday,0,3
2017-03-30,17516038.82,16224964.49,725,335,0.7972413793103448,800,3435,177,2101924.52,800,0.05152838427947598,1291074.33,0.11999999209867017,5099.283499272198,Thursday,0,3
2017-03-31,16556662.03,15209810.1,656,303,0.8262195121951219,733,3350,162,1986799.35,733,0.04835820895522388,1346851.9299999997,0.11999999434668657,4942.287173134328,Friday,0,3
2017-04-01,15808755.61,14645912.76,599,256,0.8096828046744574,661,3100,118,1897050.66,661,0.03806451612903226,1162842.8499999996,0.11999999916501967,5099.598583870968,Saturday,1,4
2017-04-02,14750037.65,13407725.54,553,238,0.8191681735985533,616,2831,132,1770004.52,616,0.04662663369833981,1342312.1100000013,0.12000000013559287,5210.186382903567,Sunday,1,4
2017-04-03,11986923.68,10898039.76,458,199,0.7969432314410481,505,2278,127,1438430.86,505,0.05575065847234416,1088883.92,0.12000000153500603,5262.038489903424,Monday,0,4
2017-04-04,3822590.98,3438348.87,151,63,0.8278145695364238,163,747,39,458710.93,163,0.05220883534136546,384242.10999999987,0.12000000324387308,5117.2570013386885,Tuesday,0,4
2017-04-05,4629254.97,4199168.99,192,90,0.8020833333333334,210,959,38,555510.52,210,0.03962460896767466,430085.9799999995,0.11999998349626442,4827.16889468196,Wednesday,0,4
2017-04-06,3991728.43,3603945.57,160,53,0.825,176,770,32,479007.4,176,0.04155844155844156,387782.86000000034,0.11999999709399069,5184.0628961038965,Thursday,0,4
2017-04-07,3428956.51,3033332.62,142,72,0.852112676056338,152,650,12,411474.79,152,0.018461538461538463,395623.88999999966,0.12000000256637842,5275.3177076923075,Friday,0,4
2017-04-08,3512061.04,3104040.68,149,62,0.7986577181208053,165,759,20,421447.38,165,0.026350461133069828,408020.35999999987,0.12000001571726669,4627.22139657444,Saturday,1,4
2017-04-09,5195329.1,4683867.18,188,86,0.7925531914893617,201,936,31,623439.52,201,0.03311965811965812,511461.9199999999,0.12000000538945647,5550.565277777778,Sunday,1,4
2017-04-10,4956146.85,4458418.44,216,100,0.8101851851851852,238,1081,43,594737.6,238,0.039777983348751156,497728.4099999992,0.11999999556106777,4584.7796947271045,Monday,0,4
2017-04-11,6400896.15,5775011.4,249,106,0.8313253012048193,270,1253,80,768107.56,270,0.06384676775738228,625884.75,0.12000000343701873,5108.456624102155,Tuesday,0,4
2017-04-12,6346191.53,5932271.71,275,134,0.8363636363636363,307,1326,71,761543.04,307,0.053544494720965306,413919.8200000003,0.12000000888721996,4785.966463046758,Wednesday,0,4
2017-04-13,6080699.31,5675033.32,240,100,0.8083333333333333,258,1143,17,729683.93,258,0.014873140857392825,405665.9899999993,0.12000000210502106,5319.946902887139,Thursday,0,4
2017-04-14,5046450.29,4501125.15,206,101,0.8009708737864077,229,1031,25,588181.37,229,0.02424830261881668,545325.1399999997,0.11655348536089513,4894.714151309408,Friday,0,4
2017-04-15,5118767.2,4382670.97,194,92,0.7938144329896907,210,957,38,345303.75,210,0.03970741901776385,736096.2300000004,0.06745838138526791,5348.764054336469,Saturday,1,4
2017-04-16,5550880.17,4613246.21,222,94,0.8198198198198198,248,1159,33,208769.01,248,0.028472821397756688,937633.96,0.03761007328680994,4789.370293356342,Sunday,1,4
2017-04-17,6659045.31,5533903.49,223,96,0.7802690582959642,241,1053,44,66213.03,241,0.04178537511870845,1125141.8199999994,0.00994332174021504,6323.879686609686,Monday,0,4
2017-04-18,8056843.67,6512827.94,268,103,0.8171641791044776,293,1365,54,0.0,293,0.03956043956043956,1544015.7299999995,0.0,5902.449575091575,Tuesday,0,4
2017-04-19,8628781.58,6869166.87,303,148,0.8052805280528053,334,1526,40,0.0,334,0.02621231979030144,1759614.71,0.0,5654.509554390564,Wednesday,0,4
2017-04-20,7240460.1,5704449.86,261,106,0.8237547892720306,292,1300,45,0.0,292,0.03461538461538462,1536010.2399999993,0.0,5569.584692307692,Thursday,0,4
2017-04-21,5516371.41,4399591.55,164,76,0.8048780487804879,178,840,32,0.0,178,0.0380952380952381,1116779.8600000003,0.0,6567.108821428572,Friday,0,4
2017-04-22,5307716.56,4273571.86,193,81,0.7979274611398963,215,954,16,0.0,215,0.016771488469601678,1034144.6999999993,0.0,5563.644192872117,Saturday,1,4
2017-04-23,7933547.43,6292750.65,239,106,0.8117154811715481,256,1252,57,0.0,256,0.04552715654952077,1640796.7799999993,0.0,6336.699225239617,Sunday,1,4
2017-04-24,7075130.23,5783275.04,267,128,0.8127340823970037,287,1273,38,0.0,287,0.029850746268656716,1291855.1900000004,0.0,5557.839929300864,Monday,0,4
2017-04-25,8289377.68,6751931.23,316,158,0.8259493670886076,349,1533,73,0.0,349,0.047619047619047616,1537446.4499999993,0.0,5407.291376386171,Tuesday,0,4
2017-04-26,11677117.94,9490915.85,433,180,0.8036951501154734,480,2147,92,0.0,480,0.04285048905449464,2186202.09,0.0,5438.806679087098,Wednesday,0,4
2017-04-27,10910842.34,8767860.5,400,193,0.8375,442,1977,98,0.0,442,0.04957005563985837,2142981.84,0.0,5518.888386444107,Thursday,0,4
2017-04-28,8873238.46,7052027.5,315,146,0.8380952380952381,337,1482,77,0.0,337,0.05195681511470985,1821210.960000001,0.0,5987.340391363024,Friday,0,4
2017-04-29,13969061.08,11193381.32,558,237,0.7759856630824373,632,2795,113,0.0,632,0.04042933810375671,2775679.76,0.0,4997.875162790698,Saturday,1,4
2017-04-30,12763691.95,10213945.04,485,231,0.7917525773195876,532,2399,81,0.0,532,0.033764068361817424,2549746.91,0.0,5320.42182159233,Sunday,1,4
2017-05-01,10437173.89,8248934.13,377,176,0.8249336870026526,418,1907,63,0.0,418,0.03303618248557944,2188239.7600000007,0.0,5473.08541688516,Monday,0,5
2017-05-02,10668293.77,8545428.77,386,180,0.7979274611398963,430,1972,95,0.0,430,0.048174442190669374,2122865.0,0.0,5409.885278904665,Tuesday,0,5
2017-05-03,11066087.91,8850240.81,410,188,0.8341463414634146,446,1974,91,0.0,446,0.04609929078014184,2215847.0999999996,0.0,5605.920927051672,Wednesday,0,5
2017-05-04,5096072.55,4205229.55,176,76,0.7897727272727273,192,864,26,0.0,192,0.03009259259259259,890843.0,0.0,5898.2321180555555,Thursday,0,5
2017-05-05,5663567.39,4486107.35,190,81,0.7736842105263158,202,910,25,0.0,202,0.027472527472527472,1177460.04,0.0,6223.700428571428,Friday,0,5
2017-05-06,3743378.15,2996412.53,145,59,0.7862068965517242,158,680,17,0.0,158,0.025,746965.6200000001,0.0,5504.9678676470585,Saturday,1,5
2017-05-07,4893557.72,3947883.38,181,74,0.8453038674033149,200,908,30,0.0,200,0.03303964757709251,945674.3399999999,0.0,5389.380748898679,Sunday,1,5
2017-05-08,5867384.27,4768855.8,197,94,0.8020304568527918,213,987,9,0.0,213,0.00911854103343465,1098528.4699999997,0.0,5944.664913880445,Monday,0,5
2017-05-09,6383091.75,5203605.53,244,87,0.8032786885245902,265,1217,50,0.0,265,0.041084634346754315,1179486.2199999997,0.0,5244.939811010682,Tuesday,0,5
2017-05-10,7501996.22,6032076.17,268,122,0.7910447761194029,288,1303,56,0.0,288,0.042977743668457406,1469920.0499999998,0.0,5757.479831158864,Wednesday,0,5
2017-05-11,10239562.28,8268973.88,359,170,0.8022284122562674,384,1792,35,0.0,384,0.01953125,1970588.3999999994,0.0,5714.041450892857,Thursday,0,5
2017-05-12,8320439.9,6726540.41,306,132,0.8202614379084967,329,1460,35,0.0,329,0.023972602739726026,1593899.4900000002,0.0,5698.931438356165,Friday,0,5
2017-05-13,7357524.23,5896933.82,255,100,0.7803921568627451,273,1203,72,0.0,273,0.059850374064837904,1460590.4100000001,0.0,6115.980241064007,Saturday,1,5
2017-05-14,6662133.39,5287890.68,248,113,0.8548387096774194,278,1262,60,0.0,278,0.04754358161648178,1374242.71,0.0,5279.028042789223,Sunday,1,5
2017-05-15,7541584.53,6196974.67,273,113,0.8315018315018315,291,1275,28,0.0,291,0.02196078431372549,1344609.8600000003,0.0,5914.96825882353,Monday,0,5
2017-05-16,6978902.38,5556954.23,236,110,0.8177966101694916,251,1136,32,0.0,251,0.028169014084507043,1421948.1499999994,0.0,6143.399982394366,Tuesday,0,5
2017-05-17,7526190.32,5942140.35,301,132,0.8205980066445183,323,1452,64,0.0,323,0.0440771349862259,1584049.9700000007,0.0,5183.326666666667,Wednesday,0,5
2017-05-18,10554187.11,8417567.55,389,182,0.8123393316195373,422,1820,63,0.0,422,0.03461538461538462,2136619.5599999987,0.0,5799.003906593406,Thursday,0,5
2017-05-19,8723026.23,6978931.62,330,153,0.796969696969697,350,1470,68,0.0,350,0.04625850340136054,1744094.6100000003,0.0,5934.031448979592,Friday,0,5
2017-05-20,6210104.92,4916762.05,215,111,0.7581395348837209,228,1046,19,0.0,228,0.018164435946462717,1293342.87,0.0,5937.002791586998,Saturday,1,5
2017-05-21,7924193.43,6410830.66,263,124,0.8250950570342205,276,1289,32,0.0,276,0.02482544608223429,1513362.7699999996,0.0,6147.551148176881,Sunday,1,5
2017-05-22,7701304.95,6167091.35,266,131,0.7857142857142857,290,1284,28,0.0,290,0.021806853582554516,1534213.6000000006,0.0,5997.901051401869,Monday,0,5
2017-05-23,8875094.41,7259320.81,320,146,0.803125,335,1482,39,0.0,335,0.02631578947368421,1615773.6000000006,0.0,5988.592719298245,Tuesday,0,5
2017-05-24,9809118.2,7989958.15,357,164,0.8319327731092437,383,1743,62,0.0,383,0.03557085484796328,1819160.0499999989,0.0,5627.721285140562,Wednesday,0,5
2017-05-25,12997641.6,10345551.33,462,208,0.803030303030303,492,2249,43,0.0,492,0.019119608714984436,2652090.2699999996,0.0,5779.298176967541,Thursday,0,5
2017-05-26,10924584.92,8936147.49,370,172,0.772972972972973,395,1804,78,0.0,395,0.043237250554323724,1988437.4299999997,0.0,6055.756607538802,Friday,0,5
2017-05-27,6842735.97,5377732.71,281,127,0.8042704626334519,303,1300,27,0.0,303,0.02076923076923077,1465003.2599999998,0.0,5263.643053846154,Saturday,1,5
2017-05-28,6133951.19,4817050.8,234,106,0.8418803418803419,248,1069,30,0.0,248,0.02806361085126286,1316900.3900000006,0.0,5738.027305893359,Sunday,1,5
2017-05-29,7513494.18,5975112.76,274,136,0.8029197080291971,291,1301,72,0.0,291,0.05534204458109147,1538381.42,0.0,5775.168470407379,Monday,0,5
2017-05-30,15437626.24,12468271.46,588,274,0.7840136054421769,636,2790,69,0.0,636,0.024731182795698924,2969354.7799999993,0.0,5533.199369175627,Tuesday,0,5
2017-05-31,17314841.86,13846685.08,652,285,0.8159509202453987,720,3245,87,0.0,720,0.026810477657935285,3468156.7799999993,0.0,5335.852653312789,Wednesday,0,5
2017-06-01,17639270.88,14102311.81,657,312,0.817351598173516,734,3218,99,0.0,734,0.030764449968924797,3536959.0699999984,0.0,5481.439055313859,Thursday,0,6
2017-06-02,17528852.88,14154253.77,647,294,0.8160741885625966,715,3167,105,0.0,715,0.03315440479949479,3374599.1099999994,0.0,5534.844610041048,Friday,0,6
2017-06-03,15308256.14,12312510.57,573,253,0.8219895287958116,657,2845,133,0.0,657,0.04674868189806678,2995745.5700000003,0.0,5380.757869947276,Saturday,1,6
2017-06-04,4982217.86,4015671.63,169,66,0.7751479289940828,176,758,14,0.0,176,0.018469656992084433,966546.2300000004,0.0,6572.846781002639,Sunday,1,6
2017-06-05,6879970.92,5535512.4,226,109,0.8451327433628318,241,1054,44,0.0,241,0.04174573055028463,1344458.5199999996,0.0,6527.486641366224,Monday,0,6
2017-06-06,5342823.74,4216558.08,195,93,0.7794871794871795,205,967,34,0.0,205,0.03516028955532575,1126265.6600000001,0.0,5525.153815925543,Tuesday,0,6
2017-06-07,7640608.49,6119021.16,277,126,0.8050541516245487,299,1363,41,0.0,299,0.03008070432868672,1521587.33,0.0,5605.7288994864275,Wednesday,0,6
2017-06-08,7229728.05,5870597.71,256,119,0.8203125,273,1259,24,0.0,273,0.019062748212867357,1359130.3399999999,0.0,5742.436894360603,Thursday,0,6
2017-06-09,6070420.59,4805414.43,201,87,0.7810945273631841,210,960,20,0.0,210,0.020833333333333332,1265006.1600000001,0.0,6323.35478125,Friday,0,6
2017-06-10,6331260.25,5062026.02,221,98,0.8009049773755657,236,1074,16,0.0,236,0.0148975791433892,1269234.2300000004,0.0,5895.028165735568,Saturday,1,6
2017-06-11,6522568.24,5237226.84,237,104,0.7763713080168776,251,1112,29,0.0,251,0.026079136690647483,1285341.4000000004,0.0,5865.6189208633095,Sunday,1,6
2017-06-12,6628740.01,5335810.64,243,109,0.8065843621399177,266,1164,17,0.0,266,0.014604810996563574,1292929.37,0.0,5694.793823024055,Monday,0,6
2017-06-13,9097973.24,7325847.9,303,157,0.8250825082508251,325,1504,26,0.0,325,0.017287234042553192,1772125.3399999999,0.0,6049.1843351063835,Tuesday,0,6
2017-06-14,10026676.46,8103723.85,374,151,0.8262032085561497,404,1802,56,0.0,404,0.03107658157602664,1922952.6100000013,0.0,5564.193374028858,Wednesday,0,6
2017-06-15,7940593.56,6369139.96,278,121,0.8237410071942446,296,1333,36,0.0,296,0.02700675168792198,1571453.5999999996,0.0,5956.9344036009,Thursday,0,6
2017-06-16,7143718.68,5840484.65,247,114,0.805668016194332,272,1209,27,0.0,272,0.022332506203473945,1303234.0299999993,0.0,5908.783027295285,Friday,0,6
2017-06-17,7455304.37,6136710.77,257,112,0.7665369649805448,278,1270,43,0.0,278,0.03385826771653543,1318593.6000000006,0.0,5870.318401574803,Saturday,1,6
2017-06-18,7827068.5,6257008.19,269,119,0.7881040892193308,287,1250,61,0.0,287,0.0488,1570060.3099999996,0.0,6261.6548,Sunday,1,6
2017-06-19,7342525.83,5820728.91,262,129,0.816793893129771,282,1243,29,0.0,282,0.02333065164923572,1521796.92,0.0,5907.100426387771,Monday,0,6
2017-06-20,8225238.75,6368214.24,314,145,0.7738853503184714,343,1489,54,0.0,343,0.03626595030221625,1857024.5099999998,0.0,5524.001846877099,Tuesday,0,6
2017-06-21,10655514.59,8609715.32,371,174,0.8274932614555256,401,1808,62,0.0,401,0.034292035398230086,2045799.2699999996,0.0,5893.536830752212,Wednesday,0,6
2017-06-22,9198620.13,7431185.52,331,160,0.8157099697885196,352,1585,72,0.0,352,0.045425867507886436,1767434.6100000013,0.0,5803.545823343849,Thursday,0,6
2017-06-23,6526283.84,5230359.86,228,108,0.8377192982456141,244,1040,27,8601.88,244,0.025961538461538463,1295923.9799999995,0.001318036452426194,6275.272923076923,Friday,0,6
2017-06-24,7602436.11,6685562.91,268,118,0.8022388059701493,297,1385,34,487093.08,297,0.02454873646209386,916873.2000000002,0.0640706574777121,5489.123545126354,Saturday,1,6
2017-06-25,7066545.51,6587328.34,283,122,0.7632508833922261,308,1351,51,794458.28,308,0.03774981495188749,479217.1699999999,0.112425269019459,5230.60363434493,Sunday,1,6
2017-06-26,7983541.46,7671373.55,349,151,0.8080229226361032,382,1750,92,1333078.8800000001,382,0.052571428571428575,312167.91000000015,0.1669783875588466,4562.0236914285715,Monday,0,6
2017-06-27,9250037.34,9101777.72,432,181,0.8263888888888888,462,1999,66,1665006.68,462,0.03301650825412707,148259.61999999918,0.1799999955459639,4627.332336168084,Tuesday,0,6
2017-06-28,11067229.74,10779722.88,500,226,0.798,536,2348,82,1992101.33,536,0.03492333901192504,287506.8599999994,0.17999999790372112,4713.470928449745,Wednesday,0,6
2017-06-29,14575854.67,14163551.21,621,301,0.8099838969404187,687,3086,102,2623653.76,687,0.03305249513933895,412303.45999999903,0.1799999944703071,4723.219270900842,Thursday,0,6
2017-06-30,10343460.86,10016805.64,489,215,0.8241308793456033,521,2215,55,1861822.94,521,0.024830699774266364,326655.2199999988,0.1799999985691443,4669.734022573363,Friday,0,6
2017-07-01,9399552.7,9077728.29,390,170,0.8179487179487179,429,1973,61,1691919.57,429,0.030917384693360365,321824.41000000015,0.18000000893659548,4764.091586416624,Saturday,1,7
2017-07-02,8465410.55,8425628.54,379,170,0.7994722955145118,413,1828,35,1523773.81,413,0.019146608315098467,39782.01000000164,0.1799999894866292,4630.968572210066,Sunday,1,7
2017-07-03,7335280.55,7353625.52,280,136,0.7714285714285715,313,1451,37,1320350.55,313,0.025499655410062026,-18344.96999999974,0.18000000695269933,5055.327739490007,Monday,0,7
2017-07-04,1548331.57,1505172.52,67,31,0.8059701492537313,75,312,4,278699.7,75,0.01282051282051282,43159.05000000005,0.180000011237903,4962.601185897436,Tuesday,0,7
2017-07-05,2498941.43,2468637.84,106,43,0.7830188679245284,114,549,25,449809.43,114,0.04553734061930783,30303.590000000317,0.17999998903535724,4551.805883424408,Wednesday,0,7
2017-07-06,3806545.74,3785638.98,163,72,0.7975460122699386,178,772,30,685178.22,178,0.038860103626943004,20906.760000000242,0.17999999653228912,4930.758730569948,Thursday,0,7
2017-07-07,3910669.38,3735165.73,139,58,0.841726618705036,144,693,20,703920.51,144,0.02886002886002886,175503.6499999999,0.1800000055233511,5643.101558441558,Friday,0,7
2017-07-08,2775904.89,2709365.34,114,48,0.8070175438596491,117,495,7,499662.85,117,0.014141414141414142,66539.55000000028,0.1799999891206647,5607.888666666667,Saturday,1,7
2017-07-09,4305575.04,4091213.73,160,78,0.85,171,791,18,775003.48,171,0.022756005056890013,214361.31000000006,0.17999999368260922,5443.204854614412,Sunday,1,7
2017-07-10,4406742.02,4296558.78,170,76,0.8117647058823529,181,805,37,793213.58,181,0.04596273291925466,110183.23999999929,0.18000000372157027,5474.213689440993,Monday,0,7
2017-07-11,4944810.32,4863855.67,191,87,0.7905759162303665,202,958,25,890065.86,202,0.026096033402922755,80954.65000000037,0.18000000048535733,5161.597411273487,Tuesday,0,7
2017-07-12,4751983.65,4543652.2,203,85,0.8029556650246306,213,984,11,855357.02,213,0.011178861788617886,208331.4500000002,0.1799999922137779,4829.251676829269,Wednesday,0,7
2017-07-13,6163660.52,5965250.9,248,110,0.7983870967741935,263,1222,60,1109458.99,263,0.049099836333878884,198409.61999999918,0.18000001564005672,5043.912045826513,Thursday,0,7
2017-07-14,4470547.96,4429144.59,202,88,0.8514851485148515,217,867,16,804698.62,217,0.01845444059976932,41403.37000000011,0.1799999971368163,5156.341361014995,Friday,0,7
2017-07-15,4914470.82,4964833.31,205,92,0.7658536585365854,215,961,12,884604.8099999999,215,0.012486992715920915,-50362.48999999929,0.18000001269719612,5113.913444328825,Saturday,1,7
2017-07-16,5679726.46,5555676.19,229,92,0.834061135371179,244,1089,12,1022350.79,244,0.011019283746556474,124050.26999999955,0.18000000478896303,5215.543122130395,Sunday,1,7
2017-07-17,5903451.12,5721733.07,233,116,0.759656652360515,239,1140,22,1062621.18,239,0.01929824561403509,181718.0499999998,0.17999999634112324,5178.4658947368425,Monday,0,7
2017-07-18,5722567.0,5454385.63,229,96,0.7991266375545851,249,1120,33,1030062.04,249,0.029464285714285714,268181.3700000001,0.17999999650506496,5109.434821428571,Tuesday,0,7
2017-07-19,5823778.88,5343161.22,241,110,0.8215767634854771,265,1180,19,760693.3,265,0.016101694915254237,480617.66000000015,0.1306185065872556,4935.4058305084745,Wednesday,0,7
2017-07-20,7767875.77,6983084.24,319,149,0.7836990595611285,346,1548,49,910862.63,346,0.03165374677002584,784791.5299999993,0.1172601953184944,5018.007603359173,Thursday,0,7
2017-07-21,7742137.96,6801188.17,271,100,0.7712177121771218,295,1349,22,588563.53,295,0.01630837657524092,940949.79,0.07602080110698518,5739.168243143069,Friday,0,7
2017-07-22,5031209.52,4280297.37,179,91,0.8324022346368715,187,824,29,186029.97,187,0.03519417475728155,750912.1499999994,0.036975198361446894,6105.836796116504,Saturday,1,7
2017-07-23,5822844.6,4618045.67,205,90,0.8146341463414634,217,964,36,0.0,217,0.03734439834024896,1204798.9299999997,0.0,6040.295228215768,Sunday,1,7
2017-07-24,5657508.49,4478937.41,192,88,0.8385416666666666,206,914,20,0.0,206,0.02188183807439825,1178571.08,0.0,6189.834234135667,Monday,0,7
2017-07-25,7277905.64,5735726.58,217,108,0.7649769585253456,229,1091,44,0.0,229,0.04032997250229148,1542179.0599999996,0.0,6670.8575985334555,Tuesday,0,7
2017-07-26,8323356.74,6749350.5,265,134,0.8150943396226416,288,1285,51,0.0,288,0.03968871595330739,1574006.2400000002,0.0,6477.320420233463,Wednesday,0,7
2017-07-27,10162217.48,8082143.68,355,163,0.7661971830985915,385,1658,32,0.0,385,0.019300361881785282,2080073.8000000007,0.0,6129.202340168878,Thursday,0,7
2017-07-28,8483149.48,6878556.14,276,129,0.8152173913043478,291,1294,67,0.0,291,0.0517774343122102,1604593.3400000008,0.0,6555.756939721793,Friday,0,7
2017-07-29,7623158.15,6127361.47,243,99,0.7901234567901234,261,1224,11,0.0,261,0.008986928104575163,1495796.6800000006,0.0,6228.070383986928,Saturday,1,7
2017-07-30,8808543.18,8256517.97,325,155,0.8061538461538461,347,1676,53,21500.0,347,0.03162291169451074,552025.21,0.002440812238829259,5255.694021479713,Sunday,1,7
2017-07-31,9466549.72,11128407.08,438,179,0.7876712328767124,474,2169,54,55750.0,474,0.024896265560165973,-1661857.3599999994,0.005889157258870869,4364.476588289534,Monday,0,7
2017-08-01,7103485.92,8893176.14,381,164,0.8372703412073491,412,1838,59,53750.0,412,0.032100108813928184,-1789690.2200000007,0.007566707473673715,3864.791033732318,Tuesday,0,8
2017-08-02,6242432.38,8556480.36,379,181,0.8179419525065963,407,1744,47,58450.0,407,0.02694954128440367,-2314047.9799999995,0.009363337308589317,3579.376364678899,Wednesday,0,8
2017-08-03,6560878.74,8998020.07,412,177,0.8155339805825242,442,1998,87,62450.0,442,0.04354354354354354,-2437141.33,0.009518542023838715,3283.723093093093,Thursday,0,8
2017-08-04,5472043.99,7638550.59,328,145,0.801829268292683,347,1613,89,53050.0,347,0.05517668939863608,-2166506.5999999996,0.009694732004521037,3392.4637259764418,Friday,0,8
2017-08-05,1626028.13,2192300.16,84,33,0.7380952380952381,89,449,6,14450.0,89,0.013363028953229399,-566272.0300000003,0.008886685127642903,3621.4434966592426,Saturday,1,8
2017-08-06,2056024.63,2936220.92,123,62,0.8455284552845529,135,598,11,20250.0,135,0.01839464882943144,-880196.29,0.009849103801835292,3438.168277591973,Sunday,1,8
2017-08-07,2070918.21,2673620.96,121,55,0.743801652892562,140,596,12,14700.0,140,0.020134228187919462,-602702.75,0.007098300613233779,3474.6949832214764,Monday,0,8
2017-08-08,2631383.27,3603508.2,154,63,0.8051948051948052,166,765,15,25400.0,166,0.0196078431372549,-972124.9300000002,0.009652717750994898,3439.7166928104575,Tuesday,0,8
2017-08-09,2635632.31,3591835.02,169,76,0.7869822485207101,182,792,26,24300.0,182,0.03282828282828283,-956202.71,0.009219798948359378,3327.818573232323,Wednesday,0,8
2017-08-10,3124252.01,4079777.28,208,92,0.7548076923076923,225,992,16,26450.0,225,0.016129032258064516,-955525.27,0.008466026400988057,3149.447590725806,Thursday,0,8
2017-08-11,3164344.57,4365179.69,194,91,0.7783505154639175,209,954,32,27850.0,209,0.033542976939203356,-1200835.1200000006,0.008801190699658856,3316.9230293501046,Friday,0,8
2017-08-12,2404905.33,3325606.06,139,71,0.7913669064748201,150,685,12,19800.0,150,0.017518248175182483,-920700.73,0.008233172322005705,3510.8107007299272,Saturday,1,8
2017-08-13,2375693.54,3146463.17,154,67,0.8311688311688312,169,748,23,21000.0,169,0.03074866310160428,-770769.6299999999,0.008839523973281502,3176.060882352941,Sunday,1,8
2017-08-14,3038574.28,4128458.45,176,87,0.7670454545454546,192,835,22,25050.0,192,0.026347305389221556,-1089884.1700000004,0.008243997905491388,3639.011113772455,Monday,0,8
2017-08-15,2570726.93,3709393.15,149,53,0.7449664429530202,159,734,26,24950.0,159,0.035422343324250684,-1138666.2199999997,0.009705426005709599,3502.352765667575,Tuesday,0,8
2017-08-16,3226436.89,4462853.41,204,88,0.8333333333333334,217,980,17,31600.0,217,0.017346938775510204,-1236416.52,0.009794085884010581,3292.2825408163267,Wednesday,0,8
2017-08-17,4035498.92,5750566.25,252,115,0.7936507936507936,271,1173,27,39600.0,271,0.023017902813299233,-1715067.33,0.009812913046201485,3440.323034953112,Thursday,0,8
2017-08-18,3226338.29,4356894.77,204,99,0.8088235294117647,218,958,33,29800.0,218,0.03444676409185804,-1130556.4799999995,0.009236477182930497,3367.785271398747,Friday,0,8
2017-08-19,2594209.32,3620782.22,158,66,0.810126582278481,168,754,22,24300.0,168,0.029177718832891247,-1026572.9000000004,0.009367015919902718,3440.5959151193633,Saturday,1,8
2017-08-20,2793076.6,3941814.02,157,77,0.7898089171974523,169,760,31,23700.0,169,0.04078947368421053,-1148737.42,0.00848526674850235,3675.1007894736845,Sunday,1,8
2017-08-21,2634922.72,3676913.21,164,80,0.7987804878048781,175,786,40,25550.0,175,0.05089058524173028,-1041990.4899999998,0.009696679073760463,3352.3189821882956,Monday,0,8
2017-08-22,3146373.54,4106696.92,196,99,0.7959183673469388,209,913,23,25350.0,209,0.025191675794085433,-960323.3799999999,0.008056894605082396,3446.1922672508217,Tuesday,0,8
2017-08-23,3476965.73,4769850.97,195,82,0.7846153846153846,215,1008,28,31400.0,215,0.027777777777777776,-1292885.2399999998,0.009030862665419484,3449.370763888889,Wednesday,0,8
2017-08-24,4910360.99,6796852.79,295,139,0.7830508474576271,315,1420,70,47450.0,315,0.04929577464788732,-1886491.7999999998,0.009663240665326318,3458.000697183099,Thursday,0,8
2017-08-25,3349335.96,4548124.98,199,84,0.7939698492462312,217,1010,54,29800.0,217,0.053465346534653464,-1198789.0200000005,0.008897286016061524,3316.1742178217823,Friday,0,8
2017-08-26,2646726.51,3741666.75,152,67,0.8486842105263158,168,763,30,22050.0,168,0.039318479685452164,-1094940.2400000002,0.008331045885054442,3468.842083879423,Saturday,1,8
2017-08-27,2383553.18,3067888.41,156,79,0.7692307692307693,167,765,37,21850.0,167,0.048366013071895426,-684335.23,0.009166986574220257,3115.7557908496733,Sunday,1,8
2017-08-28,3635080.01,5161278.75,213,102,0.7934272300469484,226,1014,41,34500.0,226,0.04043392504930966,-1526198.7400000002,0.009490850244036307,3584.8915285996054,Monday,0,8
2017-08-29,7306573.99,9554867.54,457,207,0.8052516411378556,498,2143,119,59650.0,498,0.055529631357909476,-2248293.549999999,0.008163880921706782,3409.507228184788,Tuesday,0,8
2017-08-30,6946636.36,9396255.8,440,202,0.7931818181818182,487,2098,82,97985.4,487,0.03908484270734033,-2449619.4400000004,0.01410544541588758,3311.0754814108677,Wednesday,0,8
2017-08-31,7907948.51,10017576.0,478,217,0.7824267782426778,542,2411,107,106568.94,542,0.044379925342181666,-2109627.49,0.01347618030962622,3279.945462463708,Thursday,0,8
2017-09-01,5962206.68,7605277.51,365,163,0.7890410958904109,391,1718,60,118022.62,391,0.034924330616996506,-1643070.83,0.01979512390872032,3470.434621653085,Friday,0,9
2017-09-02,6245530.26,7453975.27,335,156,0.746268656716418,381,1764,79,193436.8,381,0.04478458049886622,-1208445.0099999998,0.030972037913078655,3540.5500340136055,Saturday,1,9
2017-09-03,2366258.16,2028274.79,87,29,0.8275862068965517,89,416,5,236625.84,89,0.01201923076923077,337983.3700000001,0.10000001014259575,5688.120576923077,Sunday,1,9
2017-09-04,3110959.61,2696832.33,95,30,0.8105263157894737,100,469,8,311095.97,100,0.017057569296375266,414127.2799999998,0.10000000289299801,6633.176140724946,Monday,0,9
2017-09-05,4156708.13,3697301.2,150,53,0.7933333333333333,162,728,44,415670.87,162,0.06043956043956044,459406.9299999997,0.1000000137127742,5709.7639148351645,Tuesday,0,9
2017-09-06,3962558.61,3470517.33,153,64,0.7908496732026143,167,748,40,396255.91000000003,167,0.053475935828877004,492041.2799999998,0.10000001236574771,5297.5382486631015,Wednesday,0,9
2017-09-07,3177169.11,2911789.0,103,50,0.883495145631068,111,540,4,317716.97,111,0.007407407407407408,265380.10999999987,0.10000001856999044,5883.6465,Thursday,0,9
2017-09-08,2758623.23,2466116.27,107,40,0.822429906542056,111,513,12,275862.36,111,0.023391812865497075,292506.95999999996,0.10000001341248764,5377.433196881091,Friday,0,9
2017-09-09,3407389.12,3057748.67,123,52,0.7642276422764228,127,581,19,340738.87,127,0.03270223752151463,349640.4500000002,0.09999998767384688,5864.697280550775,Saturday,1,9
2017-09-10,2833078.04,2447241.71,103,43,0.7281553398058253,110,506,23,283307.83,110,0.045454545454545456,385836.3300000001,0.1000000091772975,5598.968458498024,Sunday,1,9
2017-09-11,4351501.62,3874079.03,163,69,0.8343558282208589,179,822,60,435150.23,179,0.072992700729927,477422.5900000003,0.10000001562678953,5293.7975912408765,Monday,0,9
2017-09-12,5272757.92,4657582.93,195,99,0.8153846153846154,216,992,28,527275.83,216,0.028225806451612902,615174.9900000002,0.10000000720685466,5315.280161290322,Tuesday,0,9
2017-09-13,4375381.18,3897483.92,171,71,0.8245614035087719,193,867,10,437538.17,193,0.011534025374855825,477897.2599999998,0.10000001188467882,5046.575755478661,Wednesday,0,9
2017-09-14,2944995.39,2598454.0,120,47,0.7833333333333333,127,573,22,294499.51,127,0.038394415357766144,346541.39000000013,0.09999999015278595,5139.608010471205,Thursday,0,9
2017-09-15,4050240.35,3493814.51,135,56,0.8666666666666667,148,692,12,405024.09,148,0.017341040462427744,556425.8400000003,0.10000001357944104,5852.94848265896,Friday,0,9
2017-09-16,3998480.39,3572766.48,156,69,0.8205128205128205,169,746,56,399848.09,169,0.07506702412868632,425713.91000000015,0.1000000127548456,5359.893284182306,Saturday,1,9
2017-09-17,3646297.83,3324722.05,140,67,0.7857142857142857,148,633,43,364629.79,148,0.0679304897314376,321575.78000000026,0.1000000019197554,5760.344123222749,Sunday,1,9
2017-09-18,4708998.08,4108242.1,178,90,0.7865168539325843,191,864,57,470899.89,191,0.06597222222222222,600755.98,0.10000001741347068,5450.229259259259,Monday,0,9
2017-09-19,5863767.93,5193156.23,219,89,0.7442922374429224,240,1094,46,586376.88,240,0.04204753199268738,670611.6999999993,0.1000000148368764,5359.934122486288,Tuesday,0,9
2017-09-20,4348094.84,3813888.37,171,74,0.7719298245614035,193,857,25,434809.51,193,0.029171528588098017,534206.4699999997,0.10000000597963038,5073.6229171528585,Wednesday,0,9
2017-09-21,3941062.22,3437534.89,145,68,0.8068965517241379,161,746,30,394106.29,161,0.040214477211796246,503527.3300000001,0.10000001725423152,5282.925227882038,Thursday,0,9
2017-09-22,4296469.47,3871217.73,160,74,0.74375,177,762,40,429646.95,177,0.05249343832020997,425251.73999999976,0.10000000069824773,5638.411377952755,Friday,0,9
2017-09-23,4068464.64,3622953.87,169,78,0.8165680473372781,187,833,37,406846.51,187,0.04441776710684274,445510.77,0.10000001130647654,4884.111212484994,Saturday,1,9
2017-09-24,3893369.27,3496467.09,161,74,0.7701863354037267,174,791,46,389336.99,174,0.05815423514538559,396902.18000000017,0.10000001618135748,4922.085044247788,Sunday,1,9
2017-09-25,5274815.56,4684517.64,201,100,0.7562189054726368,225,1052,51,527481.64,225,0.04847908745247148,590297.9199999999,0.10000001592472743,5014.083231939163,Monday,0,9
2017-09-26,5803004.55,5062124.41,251,114,0.7848605577689243,289,1275,42,580300.57,289,0.03294117647058824,740880.1399999997,0.10000001981732032,4551.376117647059,Tuesday,0,9
2017-09-27,7446035.82,6568633.22,292,133,0.7671232876712328,316,1451,87,744603.64,316,0.05995864920744314,877402.6000000006,0.10000000778937966,5131.658042729153,Wednesday,0,9
2017-09-28,7777371.32,7033425.19,295,123,0.8203389830508474,321,1490,72,777737.11,321,0.04832214765100671,743946.1299999999,0.09999999717128075,5219.712295302013,Thursday,0,9
2017-09-29,5297992.65,4816175.26,231,104,0.7878787878787878,254,1119,104,529799.35,254,0.09294012511170688,481817.3900000006,0.10000001604381235,4734.5778820375335,Friday,0,9
2017-09-30,5604370.48,4849617.32,236,104,0.8389830508474576,252,1118,73,497155.76,252,0.06529516994633273,754753.1600000001,0.08870858230628607,5012.853738819321,Saturday,1,9
2017-10-01,4057941.88,3476480.87,166,67,0.8192771084337349,180,801,49,313071.26,180,0.06117353308364544,581461.0099999998,0.07715025726292561,5066.094731585518,Sunday,1,10
2017-10-02,2879522.46,2342981.57,103,46,0.7669902912621359,106,466,4,85148.9,106,0.008583690987124463,536540.8900000001,0.029570493435220505,6179.232746781116,Monday,0,10
2017-10-03,2733645.95,2251158.64,97,51,0.7731958762886598,105,488,33,0.0,105,0.06762295081967214,482487.31000000006,0.0,5601.733504098361,Tuesday,0,10
2017-10-04,3991921.57,3166198.46,126,62,0.8015873015873016,137,631,30,0.0,137,0.04754358161648178,825723.1099999999,0.0,6326.341632329635,Wednesday,0,10
2017-10-05,3219806.7,2540926.63,104,50,0.8173076923076923,108,480,27,0.0,108,0.05625,678880.0700000003,0.0,6707.930625,Thursday,0,10
2017-10-06,2919860.88,2393697.54,96,45,0.78125,103,422,23,0.0,103,0.054502369668246446,526163.3399999999,0.0,6919.101611374407,Friday,0,10
2017-10-07,3614512.4,2790501.3,120,69,0.7583333333333333,130,576,42,0.0,130,0.07291666666666667,824011.1000000001,0.0,6275.195138888888,Saturday,1,10
2017-10-08,3915909.65,3064193.34,130,55,0.8153846153846154,146,681,48,0.0,146,0.07048458149779736,851716.31,0.0,5750.234434654919,Sunday,1,10
2017-10-09,3295589.64,2601027.16,113,50,0.7964601769911505,125,572,33,0.0,125,0.057692307692307696,694562.48,0.0,5761.52034965035,Monday,0,10
2017-10-10,3865996.54,3056078.01,126,54,0.8253968253968254,136,628,25,0.0,136,0.03980891719745223,809918.5300000003,0.0,6156.045445859872,Tuesday,0,10
2017-10-11,5115944.9,4157714.79,186,84,0.8064516129032258,200,880,57,0.0,200,0.06477272727272727,958230.1100000003,0.0,5813.5737500000005,Wednesday,0,10
2017-10-12,4480692.67,3480805.66,154,78,0.7792207792207793,168,760,51,0.0,168,0.06710526315789474,999887.0099999998,0.0,5895.64825,Thursday,0,10
2017-10-13,3073492.71,2485145.78,117,60,0.8034188034188035,132,540,22,0.0,132,0.040740740740740744,588346.9300000002,0.0,5691.653166666667,Friday,0,10
2017-10-14,3790006.69,2996354.65,123,63,0.8048780487804879,137,669,53,0.0,137,0.07922272047832586,793652.04,0.0,5665.181898355755,Saturday,1,10
2017-10-15,3744243.63,2920145.88,128,50,0.84375,137,601,22,0.0,137,0.036605657237936774,824097.75,0.0,6230.022678868552,Sunday,1,10
2017-10-16,4113305.99,3202804.6,136,63,0.8455882352941176,141,632,10,0.0,141,0.015822784810126583,910501.3900000001,0.0,6508.395553797469,Monday,0,10
2017-10-17,4345077.6,3330124.96,139,59,0.7194244604316546,150,685,21,0.0,150,0.030656934306569343,1014952.6399999997,0.0,6343.178978102189,Tuesday,0,10
2017-10-18,6078621.94,4769081.72,202,93,0.8118811881188119,218,1027,53,0.0,218,0.05160662122687439,1309540.2200000007,0.0,5918.813962999026,Wednesday,0,10
2017-10-19,3916465.28,3063562.45,144,66,0.8333333333333334,161,690,47,0.0,161,0.06811594202898551,852902.8299999996,0.0,5676.036637681159,Thursday,0,10
2017-10-20,3454637.53,2776840.51,111,51,0.8108108108108109,121,570,14,0.0,121,0.02456140350877193,677797.02,0.0,6060.767596491228,Friday,0,10
2017-10-21,3395571.6,2700303.7,125,46,0.824,131,570,27,0.0,131,0.04736842105263158,695267.8999999999,0.0,5957.143157894737,Saturday,1,10
2017-10-22,3560322.33,2849008.19,121,58,0.7851239669421488,133,611,45,0.0,133,0.07364975450081833,711314.1400000001,0.0,5827.041456628478,Sunday,1,10
2017-10-23,3915143.5,3019168.91,128,54,0.84375,138,646,21,0.0,138,0.032507739938080496,895974.5899999999,0.0,6060.593653250774,Monday,0,10
2017-10-24,3172297.01,2492929.42,125,63,0.776,140,618,32,0.0,140,0.05177993527508091,679367.5899999999,0.0,5133.1666828478965,Tuesday,0,10
2017-10-25,6656072.71,5320570.98,217,92,0.7695852534562212,236,1096,32,0.0,236,0.029197080291970802,1335501.7299999995,0.0,6073.059041970803,Wednesday,0,10
2017-10-26,5244501.34,4208554.22,186,77,0.8118279569892473,201,881,71,0.0,201,0.08059023836549375,1035947.1200000001,0.0,5952.895959137344,Thursday,0,10
2017-10-27,3452345.34,2711681.12,132,54,0.8409090909090909,147,640,30,0.0,147,0.046875,740664.2199999997,0.0,5394.28959375,Friday,0,10
2017-10-28,3658997.27,2958790.37,147,70,0.8299319727891157,168,691,30,0.0,168,0.04341534008683068,700206.8999999999,0.0,5295.220361794501,Saturday,1,10
2017-10-29,7644126.36,6130363.53,291,136,0.8075601374570447,322,1497,121,0.0,322,0.08082832331329326,1513762.83,0.0,5106.296833667335,Sunday,1,10
2017-10-30,7135440.35,5691818.99,247,113,0.7530364372469636,271,1202,94,0.0,271,0.07820299500831947,1443621.3599999994,0.0,5936.306447587354,Monday,0,10
2017-10-31,7280919.6,5711548.55,250,109,0.796,287,1280,64,0.0,287,0.05,1569371.0499999998,0.0,5688.2184375,Tuesday,0,10
2017-11-01,7083914.55,5591633.48,255,114,0.8313725490196079,291,1285,62,0.0,291,0.04824902723735409,1492281.0699999994,0.0,5512.773968871596,Wednesday,0,11
2017-11-02,5199936.08,4288675.49,189,75,0.798941798941799,210,918,49,0.0,210,0.05337690631808279,911260.5899999999,0.0,5664.418387799565,Thursday,0,11
2017-11-03,1577128.76,1289906.6,59,35,0.7966101694915254,65,248,13,0.0,65,0.05241935483870968,287222.1599999999,0.0,6359.390161290323,Friday,0,11
2017-11-04,1931786.56,1566251.33,77,40,0.8051948051948052,86,371,33,0.0,86,0.0889487870619946,365535.23,0.0,5206.971859838275,Saturday,1,11
2017-11-05,2523519.9,2073018.57,88,38,0.7613636363636364,95,430,49,0.0,95,0.11395348837209303,450501.32999999984,0.0,5868.650930232558,Sunday,1,11
2017-11-06,3018330.58,2360833.81,113,57,0.7699115044247787,129,563,25,0.0,129,0.04440497335701599,657496.77,0.0,5361.155559502665,Monday,0,11
2017-11-07,4095990.43,3338509.96,137,73,0.8248175182481752,154,738,48,0.0,154,0.06504065040650407,757480.4700000002,0.0,5550.122533875339,Tuesday,0,11
2017-11-08,4277782.67,3348300.89,141,74,0.851063829787234,166,801,81,0.0,166,0.10112359550561797,929481.7799999998,0.0,5340.552646691635,Wednesday,0,11
2017-11-09,2792998.33,2205753.88,96,47,0.8125,103,457,33,0.0,103,0.07221006564551423,587244.4500000002,0.0,6111.593719912473,Thursday,0,11
2017-11-10,3541249.75,2843011.6,100,44,0.78,115,547,5,0.0,115,0.009140767824497258,698238.1499999999,0.0,6473.948354661791,Friday,0,11
2017-11-11,2921904.65,2403613.27,104,39,0.8076923076923077,118,508,9,0.0,118,0.017716535433070866,518291.3799999999,0.0,5751.780807086614,Saturday,1,11
2017-11-12,3084484.33,2422146.93,115,51,0.7739130434782608,131,561,25,0.0,131,0.044563279857397504,662337.3999999999,0.0,5498.1895365418895,Sunday,1,11
2017-11-13,3746234.93,2946152.31,132,58,0.7575757575757576,147,677,38,0.0,147,0.056129985228951254,800082.6200000001,0.0,5533.581875923191,Monday,0,11
2017-11-14,4154076.39,3314644.14,168,83,0.8511904761904762,190,837,48,0.0,190,0.05734767025089606,839432.25,0.0,4963.054229390681,Tuesday,0,11
2017-11-15,3854132.18,3119546.66,142,68,0.795774647887324,165,737,47,0.0,165,0.06377204884667571,734585.52,0.0,5229.4873541383995,Wednesday,0,11
2017-11-16,3066706.38,2516030.25,120,60,0.8333333333333334,133,554,31,0.0,133,0.05595667870036101,550676.1299999999,0.0,5535.571083032491,Thursday,0,11
2017-11-17,2781968.82,2191402.04,114,47,0.8157894736842105,135,569,28,0.0,135,0.0492091388400703,590566.7799999998,0.0,4889.224639718805,Friday,0,11
2017-11-18,2774765.8,2218818.06,117,51,0.7863247863247863,132,578,15,86327.33,132,0.025951557093425604,555947.7399999998,0.031111573452433358,4800.632871972318,Saturday,1,11
2017-11-19,3132539.58,2911417.5,128,61,0.8203125,147,658,54,329911.86,147,0.08206686930091185,221122.08000000007,0.10531769881100751,4760.698449848024,Sunday,1,11
2017-11-20,2995966.89,2760945.71,122,51,0.7622950819672131,138,618,20,365525.14,138,0.032362459546925564,235021.18000000017,0.12200573418219585,4847.84286407767,Monday,0,11
2017-11-21,2297213.47,2128140.16,99,47,0.7878787878787878,115,526,37,337820.32,115,0.07034220532319392,169073.31000000006,0.1470565641424695,4367.325988593157,Tuesday,0,11
2017-11-22,2248567.69,2263677.12,109,49,0.7981651376146789,127,545,38,449713.56,127,0.06972477064220184,-15109.430000000168,0.20000000978400612,4125.8122752293575,Wednesday,0,11
2017-11-23,1749357.29,1656734.06,83,44,0.8554216867469879,92,386,25,349871.42,92,0.06476683937823834,92623.22999999998,0.1999999782777365,4532.013704663213,Thursday,0,11
2017-11-24,1620958.87,1618303.7,70,26,0.8428571428571429,78,368,31,324191.82,78,0.08423913043478261,2655.1700000001583,0.20000002837826478,4404.779538043478,Friday,0,11
2017-11-25,2674533.14,2727514.77,127,64,0.8188976377952756,147,660,66,534906.62,147,0.1,-52981.62999999989,0.19999999700882373,4052.3229393939396,Saturday,1,11
2017-11-26,2940959.43,2955583.74,158,80,0.8291139240506329,188,837,55,588191.85,188,0.06571087216248507,-14624.310000000056,0.19999998775909666,3513.6910752688173,Sunday,1,11
2017-11-27,3888410.38,3813390.96,195,102,0.8205128205128205,237,1093,51,777682.1,237,0.04666056724611162,75019.41999999993,0.20000000617218802,3557.557529734675,Monday,0,11
2017-11-28,5847881.51,5752351.51,276,119,0.7608695652173914,315,1497,74,1169576.29,315,0.049432197728790914,95530.0,0.19999999794797485,3906.400474281897,Tuesday,0,11
2017-11-29,4871438.96,4803864.88,219,105,0.7899543378995434,249,1137,66,974287.76,249,0.05804749340369393,67574.08000000007,0.19999999343109906,4284.466983289358,Wednesday,0,11
2017-11-30,4264134.96,4156136.15,214,93,0.7897196261682243,251,1105,27,852827.0,251,0.024434389140271493,107998.81000000006,0.20000000187611322,3858.945665158371,Thursday,0,11
2017-12-01,2565213.32,2510402.2,136,70,0.8014705882352942,154,692,50,513042.63,154,0.07225433526011561,54811.119999999646,0.19999998674574168,3706.955664739884,Friday,0,12
2017-12-02,2798541.49,2818052.3,140,66,0.8428571428571429,163,756,60,559708.29,163,0.07936507936507936,-19510.80999999959,0.1999999971413681,3701.774457671958,Saturday,1,12
2017-12-03,1410398.63,1318304.86,60,23,0.75,68,294,4,282079.73,68,0.013605442176870748,92093.76999999979,0.20000000283607763,4797.27425170068,Sunday,1,12
2017-12-04,1209471.35,1144863.17,71,36,0.7746478873239436,80,351,15,241894.25,80,0.042735042735042736,64608.18000000017,0.1999999834638497,3445.7873219373223,Monday,0,12
2017-12-05,1723297.16,1680632.44,79,34,0.7088607594936709,87,408,18,344659.42,87,0.04411764705882353,42664.71999999997,0.19999999303660432,4223.767549019608,Tuesday,0,12
2017-12-06,1875094.15,1865514.43,97,47,0.8969072164948454,106,452,13,375018.83999999997,106,0.028761061946902654,9579.719999999972,0.20000000533306553,4148.438384955752,Wednesday,0,12
2017-12-07,2133387.42,2193351.43,110,44,0.8,125,540,31,426677.5,125,0.05740740740740741,-59964.01000000024,0.20000000749980987,3950.7174444444445,Thursday,0,12
2017-12-08,1553493.17,1488945.36,82,42,0.7804878048780488,96,397,41,310698.63,96,0.10327455919395466,64547.80999999982,0.19999999742515767,3913.0810327455915,Friday,0,12
2017-12-09,1605808.62,1631952.74,96,47,0.8229166666666666,112,448,21,321161.71,112,0.046875,-26144.11999999988,0.199999991281651,3584.394241071429,Saturday,1,12
2017-12-10,1836022.63,1769756.1,105,57,0.7714285714285715,116,524,38,367204.5,116,0.07251908396946564,66266.5299999998,0.1999999858389545,3503.8599809160305,Sunday,1,12
2017-12-11,2040261.84,2142116.71,114,47,0.7631578947368421,140,638,36,408052.45,140,0.05642633228840126,-101854.86999999988,0.2000000401909198,3197.9025705329154,Monday,0,12
2017-12-12,2636835.06,2612267.82,131,62,0.7709923664122137,157,713,53,527367.01,157,0.07433380084151472,24567.240000000224,0.19999999924151493,3698.2258906030856,Tuesday,0,12
2017-12-13,2887343.12,2845278.71,161,73,0.7701863354037267,204,902,41,577468.62,204,0.045454545454545456,42064.41000000015,0.19999999861464335,3201.0455875831485,Wednesday,0,12
2017-12-14,2544808.4,2511218.15,159,69,0.8364779874213837,193,847,79,508961.71,193,0.09327036599763873,33590.25,0.20000001178870677,3004.4963400236124,Thursday,0,12
2017-12-15,2615767.25,2602096.36,136,56,0.7794117647058824,169,769,35,523153.43,169,0.045513654096228866,13670.89000000013,0.1999999923540598,3401.5178803641093,Friday,0,12
2017-12-16,1895310.17,1824600.76,127,51,0.8188976377952756,157,690,20,379062.01,157,0.028985507246376812,70709.40999999992,0.19999998733716498,2746.8263333333334,Saturday,1,12
2017-12-17,2997880.85,2962168.44,148,67,0.7972972972972973,173,799,63,599576.2,173,0.07884856070087609,35712.41000000015,0.2000000100070688,3752.0411138923655,Sunday,1,12
2017-12-18,2575839.99,2572642.87,137,64,0.7956204379562044,162,730,24,515168.01,162,0.03287671232876712,3197.1200000001118,0.20000000465867446,3528.5479315068496,Monday,0,12
2017-12-19,2830509.48,2835294.19,164,64,0.7804878048780488,191,833,31,566101.88,191,0.03721488595438175,-4784.709999999963,0.1999999943473074,3397.9705642256904,Tuesday,0,12
2017-12-20,3950305.28,3962113.72,221,94,0.7963800904977375,266,1257,45,790061.11,266,0.03579952267303103,-11808.44000000041,0.20000001366982958,3142.645409705648,Wednesday,0,12
2017-12-21,2446276.92,2392977.63,183,96,0.7868852459016393,226,957,23,489255.41,226,0.024033437826541274,53299.29000000004,0.20000001062839606,2556.1932288401254,Thursday,0,12
2017-12-22,2423079.28,2383321.92,149,65,0.8389261744966443,180,783,48,484615.79,180,0.06130268199233716,39757.35999999987,0.19999997276193127,3094.6095530012767,Friday,0,12
2017-12-23,2343205.29,2302420.5,146,62,0.8561643835616438,179,771,29,468641.02999999997,179,0.03761348897535668,40784.79000000004,0.19999998805055616,3039.1767704280155,Saturday,1,12
2017-12-24,1582944.12,1537881.36,95,38,0.8526315789473684,113,517,12,316588.87,113,0.02321083172147002,45062.76000000001,0.20000002905977501,3061.787466150871,Sunday,1,12
2017-12-25,1888197.46,1829750.85,123,59,0.8373983739837398,153,678,11,377639.47000000003,153,0.016224188790560472,58446.60999999987,0.19999998834867622,2784.952005899705,Monday,0,12
2017-12-26,2701416.56,2654070.12,167,73,0.7904191616766467,203,884,52,540283.28,203,0.058823529411764705,47346.439999999944,0.19999998815436298,3055.9010859728505,Tuesday,0,12
2017-12-27,4103218.35,4112542.69,284,141,0.8309859154929577,348,1583,95,820643.64,348,0.06001263423878711,-9324.339999999851,0.19999999268866595,2592.052021478206,Wednesday,0,12
2017-12-28,3545279.44,3453711.8,254,114,0.8228346456692913,311,1358,60,709055.85,311,0.044182621502209134,91567.64000000013,0.1999999892815219,2610.662326951399,Thursday,0,12
2017-12-29,6520226.98,6483039.79,391,183,0.8184143222506394,492,2213,96,1304045.35,492,0.04338002711251695,37187.19000000041,0.19999999294503087,2946.32940804338,Friday,0,12
2017-12-30,5342810.18,5371586.26,321,130,0.7975077881619937,385,1726,87,1068562.03,385,0.05040556199304751,-28776.080000000075,0.1999999988769955,3095.4867786790264,Saturday,1,12
2017-12-31,5157535.61,5013423.96,305,143,0.7836065573770492,367,1590,90,946631.68,367,0.05660377358490566,144111.65000000037,0.1835434113464124,3243.7330880503146,Sunday,1,12
2018-01-01,4076479.77,3905605.37,209,98,0.7799043062200957,248,1114,60,659805.58,248,0.05385996409335727,170874.3999999999,0.1618567041239113,3659.3175673249552,Monday,0,1
2018-01-02,3624718.09,3245091.67,179,79,0.7430167597765364,213,899,67,471911.63,213,0.07452725250278086,379626.4199999999,0.1301926434781029,4031.9444827586203,Tuesday,0,1
2018-01-03,1228388.32,997328.86,52,27,0.7692307692307693,58,243,4,0.0,58,0.01646090534979424,231059.46000000008,0.0,5055.0959670781895,Wednesday,0,1
2018-01-04,1209588.0,943742.57,48,18,0.8541666666666666,53,256,3,0.0,53,0.01171875,265845.43000000005,0.0,4724.953125,Thursday,0,1
2018-01-05,1515574.79,1226621.86,51,22,0.8235294117647058,59,270,9,0.0,59,0.03333333333333333,288952.92999999993,0.0,5613.239962962964,Friday,0,1
2018-01-06,1836672.15,1424469.16,62,30,0.7741935483870968,74,340,25,0.0,74,0.07352941176470588,412202.99,0.0,5401.976911764706,Saturday,1,1
2018-01-07,1476050.73,1224918.4,65,29,0.7538461538461538,73,302,9,0.0,73,0.029801324503311258,251132.33000000007,0.0,4887.585198675497,Sunday,1,1
2018-01-08,2536686.97,2085102.3,84,35,0.8214285714285714,98,448,28,0.0,98,0.0625,451584.67000000016,0.0,5662.247700892857,Monday,0,1
2018-01-09,2729162.63,2140605.04,97,39,0.7422680412371134,113,504,39,0.0,113,0.07738095238095238,588557.5899999999,0.0,5415.005218253968,Tuesday,0,1
2018-01-10,2434343.96,1884221.76,78,36,0.8205128205128205,86,436,17,0.0,86,0.0389908256880734,550122.2,0.0,5583.357706422018,Wednesday,0,1
2018-01-11,2183840.91,1845305.97,77,34,0.8441558441558441,85,400,55,0.0,85,0.1375,338534.9400000002,0.0,5459.602275,Thursday,0,1
2018-01-12,2862550.24,2341061.28,82,40,0.7804878048780488,90,452,32,0.0,90,0.07079646017699115,521488.9600000004,0.0,6333.0757522123895,Friday,0,1
2018-01-13,2753366.32,2271479.73,96,34,0.7916666666666666,101,438,43,0.0,101,0.09817351598173515,481886.58999999985,0.0,6286.224474885845,Saturday,1,1
2018-01-14,2226116.52,1762940.79,73,38,0.821917808219178,80,367,43,0.0,80,0.11716621253405994,463175.73,0.0,6065.712588555858,Sunday,1,1
2018-01-15,3128561.64,2520530.26,109,41,0.8256880733944955,127,548,40,0.0,127,0.072992700729927,608031.3800000004,0.0,5709.054087591241,Monday,0,1
2018-01-16,3770286.85,3022848.85,137,71,0.7737226277372263,149,655,37,0.0,149,0.05648854961832061,747438.0,0.0,5756.163129770993,Tuesday,0,1
2018-01-17,3240996.79,2645347.64,95,46,0.7789473684210526,102,498,32,0.0,102,0.0642570281124498,595649.1499999999,0.0,6508.025682730924,Wednesday,0,1
2018-01-18,2110305.53,1667911.37,77,31,0.8701298701298701,86,368,13,0.0,86,0.035326086956521736,442394.1599999997,0.0,5734.52589673913,Thursday,0,1
2018-01-19,2086549.59,1700643.75,69,36,0.8115942028985508,76,387,17,0.0,76,0.04392764857881137,385905.8400000001,0.0,5391.601007751939,Friday,0,1
2018-01-20,2418121.84,2008335.01,84,46,0.75,93,428,9,0.0,93,0.02102803738317757,409786.82999999984,0.0,5649.817383177569,Saturday,1,1
2018-01-21,2484308.01,1971853.24,89,34,0.8426966292134831,92,402,27,0.0,92,0.06716417910447761,512454.7699999998,0.0,6179.87067164179,Sunday,1,1
2018-01-22,3315490.36,2730843.03,111,46,0.8288288288288288,124,551,19,0.0,124,0.034482758620689655,584647.3300000001,0.0,6017.22388384755,Monday,0,1
2018-01-23,4611238.46,3755442.15,151,68,0.8278145695364238,161,770,25,0.0,161,0.032467532467532464,855796.31,0.0,5988.621376623377,Tuesday,0,1
2018-01-24,3270861.1,2653232.42,103,50,0.8252427184466019,113,524,34,0.0,113,0.0648854961832061,617628.6800000002,0.0,6242.101335877863,Wednesday,0,1
2018-01-25,2275701.54,1820602.61,69,37,0.8405797101449275,75,342,10,0.0,75,0.029239766081871343,455098.92999999993,0.0,6654.098070175439,Thursday,0,1
2018-01-26,2897617.42,2400983.47,105,38,0.8285714285714286,118,547,36,0.0,118,0.06581352833638025,496633.9499999997,0.0,5297.289616087751,Friday,0,1
2018-01-27,3617772.88,2965865.28,105,54,0.780952380952381,115,530,33,0.0,115,0.062264150943396226,651907.6000000001,0.0,6825.986566037735,Saturday,1,1
2018-01-28,3128272.36,2453931.52,106,51,0.8301886792452831,116,529,42,0.0,116,0.07939508506616257,674340.8399999999,0.0,5913.558336483931,Sunday,1,1
2018-01-29,5197360.04,4086899.16,181,76,0.8287292817679558,207,850,34,0.0,207,0.04,1110460.88,0.0,6114.541223529412,Monday,0,1
2018-01-30,5706924.49,4618954.53,202,81,0.7970297029702971,221,979,37,0.0,221,0.03779366700715015,1087969.96,0.0,5829.3406435137895,Tuesday,0,1
2018-01-31,5009601.43,4199624.93,162,82,0.808641975308642,173,762,44,0.0,173,0.05774278215223097,809976.5,0.0,6574.280091863517,Wednesday,0,1
2018-02-01,3670728.79,3012405.31,135,67,0.8074074074074075,143,603,49,0.0,143,0.0812603648424544,658323.48,0.0,6087.444096185738,Thursday,0,2
2018-02-02,4258063.02,3505527.95,122,50,0.7786885245901639,138,656,26,0.0,138,0.039634146341463415,752535.0699999994,0.0,6490.949725609756,Friday,0,2
2018-02-03,1981564.16,1568068.11,68,37,0.7647058823529411,70,333,10,0.0,70,0.03003003003003003,413496.0499999998,0.0,5950.643123123123,Saturday,1,2
2018-02-04,2874335.62,2202119.84,86,41,0.813953488372093,92,422,24,0.0,92,0.05687203791469194,672215.7800000003,0.0,6811.2218483412325,Sunday,1,2
2018-02-05,3130745.66,2498095.83,113,45,0.8053097345132744,124,547,38,0.0,124,0.06946983546617916,632649.8300000001,0.0,5723.483839122487,Monday,0,2
2018-02-06,3339473.15,2568216.59,102,47,0.8627450980392157,111,504,44,0.0,111,0.0873015873015873,771256.56,0.0,6625.938789682539,Tuesday,0,2
2018-02-07,2805812.6,2202832.26,101,39,0.8514851485148515,110,445,8,0.0,110,0.017977528089887642,602980.3400000003,0.0,6305.196853932584,Wednesday,0,2
2018-02-08,2150875.76,1718669.78,67,28,0.7313432835820896,76,318,19,0.0,76,0.059748427672955975,432205.97999999975,0.0,6763.7602515723265,Thursday,0,2
2018-02-09,2144621.01,1686060.42,76,31,0.7763157894736842,80,369,23,0.0,80,0.06233062330623306,458560.58999999985,0.0,5811.981056910568,Friday,0,2
2018-02-10,2584198.15,2095864.1,93,42,0.7956989247311828,98,428,31,0.0,98,0.07242990654205607,488334.0499999998,0.0,6037.846144859813,Saturday,1,2
2018-02-11,2962791.58,2320546.01,120,48,0.7833333333333333,132,549,37,0.0,132,0.06739526411657559,642245.5700000003,0.0,5396.705974499089,Sunday,1,2
2018-02-12,3622566.63,2796978.04,123,65,0.8048780487804879,131,538,14,0.0,131,0.026022304832713755,825588.5899999999,0.0,6733.395223048327,Monday,0,2
2018-02-13,4418784.14,3538184.9,167,76,0.8263473053892215,184,821,39,0.0,184,0.047503045066991476,880599.2399999998,0.0,5382.197490864799,Tuesday,0,2
2018-02-14,4218153.95,3395697.77,134,63,0.8507462686567164,152,702,33,0.0,152,0.04700854700854701,822456.1800000002,0.0,6008.766310541311,Wednesday,0,2
2018-02-15,3128927.36,2501462.4,108,47,0.7685185185185185,123,541,20,0.0,123,0.036968576709796676,627464.96,0.0,5783.599556377079,Thursday,0,2
2018-02-16,3463265.1,2649618.11,115,50,0.782608695652174,125,566,45,0.0,125,0.07950530035335689,813646.9900000002,0.0,6118.8429328621905,Friday,0,2
2018-02-17,4206774.3,3318989.93,133,70,0.7744360902255639,150,688,31,0.0,150,0.04505813953488372,887784.3699999996,0.0,6114.497529069768,Saturday,1,2
2018-02-18,3926304.19,3167573.08,131,55,0.7709923664122137,146,643,18,0.0,146,0.027993779160186624,758731.1099999999,0.0,6106.227356143079,Sunday,1,2
2018-02-19,4186201.52,3338454.11,168,81,0.8154761904761905,193,879,52,0.0,193,0.05915813424345848,847747.4100000001,0.0,4762.459067121729,Monday,0,2
2018-02-20,5091061.73,4033905.61,186,87,0.8064516129032258,209,907,45,0.0,209,0.04961411245865491,1057156.1200000006,0.0,5613.077982359428,Tuesday,0,2
2018-02-21,3907743.08,3150049.7,147,59,0.8435374149659864,162,697,73,0.0,162,0.10473457675753228,757693.3799999999,0.0,5606.518048780488,Wednesday,0,2
2018-02-22,3063440.84,2341066.15,123,54,0.8536585365853658,135,564,35,0.0,135,0.06205673758865248,722374.69,0.0,5431.6326950354605,Thursday,0,2
2018-02-23,3544367.16,2804587.84,125,54,0.848,147,666,22,0.0,147,0.03303303303303303,739779.3200000003,0.0,5321.872612612613,Friday,0,2
2018-02-24,3364498.21,2679591.94,111,56,0.8108108108108109,126,574,36,0.0,126,0.0627177700348432,684906.27,0.0,5861.495139372822,Saturday,1,2
2018-02-25,4015454.83,3238625.9,135,52,0.7851851851851852,151,622,17,0.0,151,0.027331189710610933,776828.9300000002,0.0,6455.715160771704,Sunday,1,2
2018-02-26,7426597.23,5998758.22,300,132,0.8333333333333334,329,1404,98,0.0,329,0.0698005698005698,1427839.0100000007,0.0,5289.599166666667,Monday,0,2
2018-02-27,8416365.51,6844455.72,290,138,0.8137931034482758,320,1509,85,0.0,320,0.05632869449966865,1571909.79,0.0,5577.445666003976,Tuesday,0,2
2018-02-28,8409092.75,6627677.09,280,122,0.8035714285714286,310,1417,68,0.0,310,0.04798870853916726,1781415.6600000001,0.0,5934.433839096683,Wednesday,0,2
2018-03-01,6963830.59,5570058.79,231,110,0.8008658008658008,261,1215,64,0.0,261,0.05267489711934156,1393771.7999999998,0.0,5731.547810699589,Thursday,0,3
2018-03-02,5613671.87,4371797.12,194,76,0.7938144329896907,212,992,72,0.0,212,0.07258064516129033,1241874.75,0.0,5658.94341733871,Friday,0,3
2018-03-03,1177076.3,967531.27,41,17,0.8536585365853658,43,175,4,0.0,43,0.022857142857142857,209545.03000000003,0.0,6726.150285714286,Saturday,1,3
2018-03-04,2218712.31,1781519.01,73,32,0.7945205479452054,77,359,8,0.0,77,0.022284122562674095,437193.30000000005,0.0,6180.25713091922,Sunday,1,3
2018-03-05,2742871.53,2230053.99,100,53,0.87,104,445,23,0.0,104,0.051685393258426963,512817.5399999996,0.0,6163.7562471910105,Monday,0,3
2018-03-06,3203122.41,2519131.06,104,47,0.7884615384615384,110,481,13,0.0,110,0.02702702702702703,683991.3500000001,0.0,6659.29814968815,Tuesday,0,3
2018-03-07,4507553.37,3470623.71,145,79,0.8,154,708,39,0.0,154,0.05508474576271186,1036929.6600000001,0.0,6366.600805084746,Wednesday,0,3
2018-03-08,3419972.83,2864363.46,129,69,0.7596899224806202,138,580,13,0.0,138,0.022413793103448276,555609.3700000001,0.0,5896.504879310345,Thursday,0,3
2018-03-09,3250890.44,2689334.35,110,48,0.7181818181818181,119,537,15,0.0,119,0.027932960893854747,561556.0899999999,0.0,6053.799702048417,Friday,0,3
2018-03-10,3479853.91,2832299.24,113,50,0.8230088495575221,120,547,14,0.0,120,0.025594149908592323,647554.6699999999,0.0,6361.707330895795,Saturday,1,3
2018-03-11,4342360.28,3337146.36,136,56,0.7205882352941176,149,714,29,0.0,149,0.04061624649859944,1005213.9200000004,0.0,6081.737086834734,Sunday,1,3
2018-03-12,3648185.26,2790754.99,142,69,0.8098591549295775,160,665,17,0.0,160,0.02556390977443609,857430.2699999996,0.0,5485.992872180451,Monday,0,3
2018-03-13,5344808.38,4343953.93,193,95,0.8031088082901554,207,935,75,0.0,207,0.08021390374331551,1000854.4500000002,0.0,5716.372598930481,Tuesday,0,3
2018-03-14,6867137.98,5489756.33,244,112,0.7991803278688525,266,1210,60,0.0,266,0.049586776859504134,1377381.6500000004,0.0,5675.320644628099,Wednesday,0,3
2018-03-15,6357153.0,4930724.06,225,102,0.7777777777777778,240,1102,41,0.0,240,0.03720508166969147,1426428.9400000004,0.0,5768.741379310345,Thursday,0,3
2018-03-16,4667689.08,3716263.52,170,87,0.8235294117647058,183,829,14,0.0,183,0.016887816646562123,951425.56,0.0,5630.505524728589,Friday,0,3
2018-03-17,6875294.96,5458868.53,221,91,0.8009049773755657,237,1115,29,0.0,237,0.02600896860986547,1416426.4299999997,0.0,6166.183820627803,Saturday,1,3
2018-03-18,5615859.9,4613908.21,197,88,0.7614213197969543,213,969,61,135903.69,213,0.0629514963880289,1001951.6900000004,0.024199978706733762,5795.52105263158,Sunday,1,3
2018-03-19,5314373.17,4472182.88,194,85,0.7319587628865979,215,957,63,358667.99,215,0.06583072100313479,842190.29,0.06749017777387281,5553.159007314524,Monday,0,3
2018-03-20,6054738.37,5116787.38,237,114,0.8185654008438819,260,1161,49,467407.17,260,0.04220499569336779,937950.9900000002,0.07719692271360686,5215.106261843239,Tuesday,0,3
2018-03-21,6826815.9,5913005.8,268,111,0.8208955223880597,289,1296,51,612521.54,289,0.03935185185185185,913810.1000000006,0.08972287358737768,5267.604861111111,Wednesday,0,3
2018-03-22,5512035.33,4925778.06,214,92,0.822429906542056,241,1048,46,661444.21,241,0.04389312977099236,586257.2700000005,0.11999999462993281,5259.575696564885,Thursday,0,3
2018-03-23,4008326.65,3711085.6,166,76,0.7951807228915663,181,752,19,480999.19,181,0.02526595744680851,297241.0499999998,0.11999999800415467,5330.221609042553,Friday,0,3
2018-03-24,5227586.74,4619965.13,196,94,0.8163265306122449,215,1020,42,627310.42,215,0.041176470588235294,607621.6100000003,0.12000000214248,5125.085039215686,Saturday,1,3
2018-03-25,4970364.06,4473153.96,210,101,0.7380952380952381,225,951,62,596443.71,225,0.06519453207150368,497210.0999999996,0.12000000458718914,5226.460630914826,Sunday,1,3
2018-03-26,6133670.91,5616024.38,227,97,0.788546255506608,253,1168,16,736040.55,253,0.0136986301369863,517646.53000000026,0.12000000665180781,5251.430573630137,Monday,0,3
2018-03-27,6350306.2,5743746.71,286,138,0.8076923076923077,317,1419,48,762036.65,317,0.03382663847780127,606559.4900000002,0.11999998519756418,4475.198167723749,Tuesday,0,3
2018-03-28,8582287.61,7811323.78,372,170,0.7903225806451613,412,1847,67,1029874.54,412,0.03627504060638874,770963.8299999991,0.12000000312271056,4646.609426096372,Wednesday,0,3
2018-03-29,7363015.35,6638405.71,309,129,0.7702265372168284,348,1486,70,883561.79,348,0.047106325706594884,724609.6399999997,0.11999999293767602,4954.922846567967,Thursday,0,3
2018-03-30,12176690.89,10927925.46,498,233,0.8132530120481928,544,2397,94,1461202.85,544,0.0392156862745098,1248765.4299999997,0.1199999953353501,5079.971168126825,Friday,0,3
2018-03-31,11278748.95,10156610.77,473,196,0.7906976744186046,520,2391,87,1353449.79,520,0.03638644918444166,1122138.1799999997,0.11999999255236549,4717.168109577582,Saturday,1,3
2018-04-01,9326921.27,8552479.35,387,165,0.8113695090439277,432,1988,94,1119230.51,432,0.047283702213279676,774441.9199999999,0.11999999545401975,4691.610296780684,Sunday,1,4
2018-04-02,9532990.22,8745489.29,374,165,0.786096256684492,414,1882,32,1143958.83,414,0.01700318809776833,787500.9300000016,0.12000000037763597,5065.350807651435,Monday,0,4
2018-04-03,9176055.6,8274855.19,374,161,0.7887700534759359,408,1807,44,1101126.63,408,0.024349750968456003,901200.4099999992,0.11999999542286992,5078.0606530160485,Tuesday,0,4
2018-04-04,3771895.32,3451444.47,149,71,0.8187919463087249,163,723,4,452627.44,163,0.005532503457814661,320450.8499999996,0.12000000042418993,5217.005975103734,Wednesday,0,4
2018-04-05,2915055.94,2584733.26,115,58,0.8260869565217391,126,567,38,349806.74,126,0.06701940035273368,330322.68000000017,0.12000000933086725,5141.192134038801,Thursday,0,4
2018-04-06,3716970.57,3290630.48,140,62,0.8071428571428572,152,684,26,446036.48,152,0.038011695906432746,426340.08999999985,0.12000000312082106,5434.1675,Friday,0,4
2018-04-07,4650087.25,4137264.98,162,79,0.8333333333333334,169,806,35,558010.45,169,0.043424317617866005,512822.27,0.11999999569900542,5769.339019851117,Saturday,1,4
2018-04-08,4317415.31,3833384.91,170,74,0.7941176470588235,177,806,41,518089.82,177,0.05086848635235732,484030.39999999944,0.11999999601613495,5356.594677419354,Sunday,1,4
2018-04-09,4916546.48,4479387.83,224,108,0.8169642857142857,239,1004,35,589985.55,239,0.0348605577689243,437158.6500000004,0.11999999438630345,4896.958645418327,Monday,0,4
2018-04-10,7060893.97,6323343.96,294,133,0.8401360544217688,311,1383,41,847307.29,311,0.02964569775849602,737550.0099999998,0.12000000192610173,5105.490939985539,Tuesday,0,4
2018-04-11,5719121.32,5144349.61,238,108,0.8025210084033614,260,1152,25,686294.57,260,0.021701388888888888,574771.71,0.12000000202828359,4964.5150347222225,Wednesday,0,4
2018-04-12,4925768.26,4274900.55,183,82,0.7814207650273224,197,951,36,591092.22,197,0.03785488958990536,650867.71,0.12000000584680368,5179.567045215563,Thursday,0,4
2018-04-13,4955951.73,4445276.84,199,82,0.7939698492462312,214,992,26,594714.14,214,0.02620967741935484,510674.8900000006,0.11999998635983486,4995.919082661291,Friday,0,4
2018-04-14,5934960.89,5111153.97,238,115,0.8277310924369747,258,1174,72,506397.15,258,0.06132879045996593,823806.9199999999,0.0853244291555896,5055.332955706985,Saturday,1,4
2018-04-15,5904150.09,4782715.57,219,95,0.7945205479452054,244,1022,48,238300.56,244,0.046966731898238745,1121434.5199999996,0.04036153491484157,5777.05488258317,Sunday,1,4
2018-04-16,7603253.45,6190718.89,275,131,0.7636363636363637,298,1295,62,231202.78,298,0.047876447876447875,1412534.5600000005,0.030408401024695553,5871.238185328186,Monday,0,4
2018-04-17,9179593.09,7283796.97,347,155,0.7780979827089337,377,1666,83,171221.85,377,0.04981992797118848,1895796.12,0.018652444429865248,5509.959837935174,Tuesday,0,4
2018-04-18,9507550.23,7504171.54,288,127,0.8055555555555556,306,1497,56,0.0,306,0.03740814963259853,2003378.6900000004,0.0,6351.068957915832,Wednesday,0,4
2018-04-19,6670677.39,5141784.57,225,110,0.8044444444444444,239,1061,16,0.0,239,0.015080113100848256,1528892.8199999994,0.0,6287.160593779453,Thursday,0,4
2018-04-20,7753365.66,6032943.55,278,112,0.7697841726618705,306,1339,29,0.0,306,0.021657953696788648,1720422.1100000003,0.0,5790.414981329351,Friday,0,4
2018-04-21,6793803.83,5216087.55,237,120,0.7932489451476793,255,1157,26,0.0,255,0.02247191011235955,1577716.2800000003,0.0,5871.913422644771,Saturday,1,4
2018-04-22,7058897.65,5480418.64,244,114,0.7704918032786885,259,1137,28,0.0,259,0.024626209322779244,1578479.0100000007,0.0,6208.353254177661,Sunday,1,4
2018-04-23,8991635.45,7095225.16,306,134,0.7875816993464052,325,1475,35,0.0,325,0.023728813559322035,1896410.289999999,0.0,6096.024033898305,Monday,0,4
2018-04-24,10052878.22,8047009.91,371,164,0.8005390835579514,400,1747,46,0.0,400,0.02633085289066972,2005868.3100000005,0.0,5754.366468231254,Tuesday,0,4
2018-04-25,9547875.66,7562805.33,323,136,0.7987616099071208,350,1590,23,0.0,350,0.014465408805031447,1985070.33,0.0,6004.953245283019,Wednesday,0,4
2018-04-26,7281885.08,5826147.75,259,121,0.7335907335907336,277,1229,39,0.0,277,0.03173311635475997,1455737.33,0.0,5925.048885272579,Thursday,0,4
2018-04-27,7916179.31,6291028.22,291,134,0.8419243986254296,315,1483,33,0.0,315,0.022252191503708697,1625151.0899999999,0.0,5337.949635873229,Friday,0,4
2018-04-28,10502784.65,8150501.12,372,153,0.7956989247311828,396,1785,62,0.0,396,0.03473389355742297,2352283.5300000003,0.0,5883.912969187675,Saturday,1,4
2018-04-29,12074392.53,9758209.64,479,194,0.7891440501043842,507,2228,45,0.0,507,0.020197486535008975,2316182.8899999987,0.0,5419.386234290843,Sunday,1,4
2018-04-30,12464011.32,10080235.11,459,215,0.8213507625272332,501,2235,62,0.0,501,0.02774049217002237,2383776.210000001,0.0,5576.738845637584,Monday,0,4
2018-05-01,13778926.53,10888681.41,533,256,0.8086303939962477,573,2574,106,0.0,573,0.041181041181041184,2890245.119999999,0.0,5353.11831002331,Tuesday,0,5
2018-05-02,12779953.62,10186293.15,442,214,0.7941176470588235,471,2182,82,0.0,471,0.03758020164986251,2593660.469999999,0.0,5856.990659945004,Wednesday,0,5
2018-05-03,9480205.54,7740627.05,324,136,0.8055555555555556,358,1646,43,0.0,358,0.02612393681652491,1739578.4899999993,0.0,5759.541640340218,Thursday,0,5
2018-05-04,3081716.09,2431808.71,88,41,0.75,91,436,9,0.0,91,0.020642201834862386,649907.3799999999,0.0,7068.156169724771,Friday,0,5
2018-05-05,4882374.55,3844333.13,167,70,0.8323353293413174,177,796,20,0.0,177,0.02512562814070352,1038041.4199999999,0.0,6133.636369346734,Saturday,1,5
2018-05-06,4852630.6,3859217.33,173,75,0.791907514450867,188,856,23,0.0,188,0.026869158878504672,993413.2699999996,0.0,5668.960981308411,Sunday,1,5
2018-05-07,5630735.57,4477313.26,210,104,0.8095238095238095,227,1028,18,0.0,227,0.017509727626459144,1153422.3100000005,0.0,5477.36923151751,Monday,0,5
2018-05-08,5961711.29,4782188.47,239,106,0.8075313807531381,254,1096,49,0.0,254,0.04470802919708029,1179522.8200000003,0.0,5439.517600364964,Tuesday,0,5
2018-05-09,8207932.76,6468074.72,297,136,0.8047138047138047,329,1456,45,0.0,329,0.030906593406593408,1739858.04,0.0,5637.316456043955,Wednesday,0,5
2018-05-10,7249267.2,5767724.99,271,113,0.8265682656826568,280,1238,45,0.0,280,0.036348949919224556,1481542.21,0.0,5855.627786752827,Thursday,0,5
2018-05-11,5934039.42,4706572.43,222,100,0.8108108108108109,237,1013,0,0.0,237,0.0,1227466.9900000002,0.0,5857.886890424482,Friday,0,5
2018-05-12,5782619.05,4599452.28,220,108,0.8363636363636363,231,982,23,0.0,231,0.023421588594704685,1183166.7699999996,0.0,5888.614103869653,Saturday,1,5
2018-05-13,5902938.45,4640987.62,241,94,0.7925311203319502,259,1141,16,0.0,259,0.014022787028921999,1261950.83,0.0,5173.478045574058,Sunday,1,5
2018-05-14,7023913.46,5532477.08,263,105,0.8174904942965779,281,1244,26,0.0,281,0.02090032154340836,1491436.38,0.0,5646.23268488746,Monday,0,5
2018-05-15,8789772.31,6971865.67,340,167,0.8,361,1580,46,0.0,361,0.02911392405063291,1817906.6400000006,0.0,5563.14703164557,Tuesday,0,5
2018-05-16,9398231.32,7399830.54,366,160,0.825136612021858,396,1771,52,0.0,396,0.029361942405420668,1998400.7800000003,0.0,5306.737052512705,Wednesday,0,5
2018-05-17,9816742.13,7698242.57,377,174,0.830238726790451,400,1779,37,0.0,400,0.020798201236649803,2118499.5600000005,0.0,5518.123738055087,Thursday,0,5
2018-05-18,7337944.43,5819237.35,271,121,0.7896678966789668,289,1342,11,0.0,289,0.00819672131147541,1518707.08,0.0,5467.916862891207,Friday,0,5
2018-05-19,6925640.35,5627670.43,265,124,0.7924528301886793,288,1341,29,0.0,288,0.02162565249813572,1297969.92,0.0,5164.534190902312,Saturday,1,5
2018-05-20,8653992.04,6799995.97,300,127,0.82,310,1417,7,0.0,310,0.004940014114326041,1853996.0699999994,0.0,6107.263260409315,Sunday,1,5
2018-05-21,6241809.14,4958178.74,240,116,0.8166666666666667,250,1086,35,0.0,250,0.03222836095764273,1283630.3999999994,0.0,5747.522228360957,Monday,0,5
2018-05-22,7847121.97,6132458.54,305,147,0.780327868852459,329,1465,16,0.0,329,0.010921501706484642,1714663.4299999997,0.0,5356.3972491467575,Tuesday,0,5
2018-05-23,11779004.94,9369180.79,434,186,0.8064516129032258,464,2157,42,0.0,464,0.019471488178025034,2409824.1500000004,0.0,5460.827510431154,Wednesday,0,5
2018-05-24,9030397.74,7160269.86,337,153,0.771513353115727,354,1587,62,0.0,354,0.039067422810333964,1870127.88,0.0,5690.231720226843,Thursday,0,5
2018-05-25,6498399.18,5141245.68,237,92,0.7763713080168776,254,1106,19,0.0,254,0.017179023508137433,1357153.5,0.0,5875.586962025316,Friday,0,5
2018-05-26,5600677.63,4596266.34,192,76,0.8072916666666666,200,938,13,0.0,200,0.013859275053304905,1004411.29,0.0,5970.871673773987,Saturday,1,5
2018-05-27,6413198.63,5135755.4,239,87,0.8117154811715481,248,1115,31,0.0,248,0.02780269058295964,1277443.2299999995,0.0,5751.747650224215,Sunday,1,5
2018-05-28,7438573.25,5854231.41,278,126,0.7661870503597122,296,1326,19,0.0,296,0.014328808446455505,1584341.8399999999,0.0,5609.783748114631,Monday,0,5
2018-05-29,10262818.32,7905889.83,385,180,0.7974025974025974,412,1854,16,0.0,412,0.008629989212513484,2356928.49,0.0,5535.50071197411,Tuesday,0,5
2018-05-30,20905271.35,16535857.67,803,358,0.821917808219178,885,3879,63,0.0,885,0.016241299303944315,4369413.680000002,0.0,5389.345540087652,Wednesday,0,5
2018-05-31,19289944.12,15561846.1,782,388,0.7979539641943734,835,3700,44,0.0,835,0.011891891891891892,3728098.0200000014,0.0,5213.498410810811,Thursday,0,5
2018-06-01,19245165.78,15287542.6,725,348,0.8179310344827586,778,3466,58,0.0,778,0.01673398730525101,3957623.1800000016,0.0,5552.557928447779,Friday,0,6
2018-06-02,17529108.34,13707707.44,646,282,0.8095975232198143,716,3193,57,0.0,716,0.017851550266207328,3821400.9000000004,0.0,5489.855414970248,Saturday,1,6
2018-06-03,13779702.07,10827445.24,552,236,0.8061594202898551,604,2668,14,0.0,604,0.005247376311844078,2952256.83,0.0,5164.805873313343,Sunday,1,6
2018-06-04,4373078.45,3458754.81,190,86,0.8473684210526315,204,904,30,0.0,204,0.033185840707964605,914323.6400000001,0.0,4837.476161504425,Monday,0,6
2018-06-05,5537841.59,4323885.63,234,105,0.8418803418803419,240,1050,28,0.0,240,0.02666666666666667,1213955.96,0.0,5274.134847619048,Tuesday,0,6
2018-06-06,6238754.07,4903699.53,245,120,0.8040816326530612,253,1124,24,0.0,253,0.021352313167259787,1335054.54,0.0,5550.492944839858,Wednesday,0,6
2018-06-07,4523493.87,3579003.08,180,77,0.7944444444444444,185,801,18,0.0,185,0.02247191011235955,944490.79,0.0,5647.308202247191,Thursday,0,6
2018-06-08,5863271.23,4570207.33,225,99,0.8088888888888889,240,1073,23,0.0,240,0.021435228331780055,1293063.9000000004,0.0,5464.372068965517,Friday,0,6
2018-06-09,7018402.9,5469599.5,260,118,0.7884615384615384,276,1252,24,0.0,276,0.019169329073482427,1548803.4000000004,0.0,5605.753115015975,Saturday,1,6
2018-06-10,6333777.67,5115963.75,239,103,0.7907949790794979,250,1125,13,0.0,250,0.011555555555555555,1217813.92,0.0,5630.024595555556,Sunday,1,6
2018-06-11,7812992.68,6338472.32,298,156,0.825503355704698,318,1471,35,0.0,318,0.02379333786539769,1474520.3599999994,0.0,5311.347845003399,Monday,0,6
2018-06-12,8959000.0,7232971.98,370,158,0.7783783783783784,399,1789,35,0.0,399,0.01956400223588597,1726028.0199999996,0.0,5007.8256008943545,Tuesday,0,6
2018-06-13,9047626.88,7216006.11,345,152,0.8231884057971014,366,1665,20,0.0,366,0.012012012012012012,1831620.7700000005,0.0,5434.010138138138,Wednesday,0,6
2018-06-14,6994969.99,5361729.98,268,113,0.7985074626865671,288,1354,30,0.0,288,0.022156573116691284,1633240.0099999998,0.0,5166.152134416544,Thursday,0,6
2018-06-15,7278400.85,5850026.61,283,115,0.7985865724381626,298,1324,37,0.0,298,0.027945619335347432,1428374.2399999993,0.0,5497.281608761329,Friday,0,6
2018-06-16,9653316.6,7581593.64,329,145,0.7963525835866262,350,1647,19,0.0,350,0.01153612629022465,2071722.96,0.0,5861.15154826958,Saturday,1,6
2018-06-17,8270248.42,6473926.23,311,144,0.842443729903537,327,1461,20,0.0,327,0.013689253935660506,1796322.1899999995,0.0,5660.676536618755,Sunday,1,6
2018-06-18,9578590.6,7481623.41,369,175,0.8265582655826558,390,1704,16,0.0,390,0.009389671361502348,2096967.1899999995,0.0,5621.238615023474,Monday,0,6
2018-06-19,10591854.27,8526409.74,408,164,0.8235294117647058,431,2047,31,0.0,431,0.015144113336590131,2065444.5299999993,0.0,5174.330371275037,Tuesday,0,6
2018-06-20,10442554.6,8340504.64,369,182,0.8211382113821138,391,1851,19,0.0,391,0.010264721772015126,2102049.96,0.0,5641.574608319827,Wednesday,0,6
2018-06-21,7960357.2,6345143.3,278,112,0.7949640287769785,297,1369,21,0.0,297,0.015339663988312637,1615213.9000000004,0.0,5814.724032140249,Thursday,0,6
2018-06-22,7890035.7,6262366.78,300,143,0.7833333333333333,316,1356,10,0.0,316,0.007374631268436578,1627668.92,0.0,5818.610398230088,Friday,0,6
2018-06-23,7919846.87,6623002.69,308,144,0.7792207792207793,329,1486,27,325140.77,329,0.01816958277254374,1296844.1799999997,0.041053921286233155,5329.641231493943,Saturday,1,6
2018-06-24,7114017.67,6244799.31,296,143,0.8108108108108109,312,1422,37,661888.0,312,0.026019690576652602,869218.3600000003,0.09303997132185926,5002.825365682138,Sunday,1,6
2018-06-25,8744485.32,8162955.36,386,189,0.7979274611398963,404,1817,36,1197635.83,404,0.01981287837094111,581529.96,0.13695898456834507,4812.5951128233355,Monday,0,6
2018-06-26,10888893.34,10123784.8,501,235,0.7864271457085829,526,2292,58,1631499.24,526,0.02530541012216405,765108.5399999991,0.14983150160969436,4750.826064572426,Tuesday,0,6
2018-06-27,11081146.52,10874461.91,488,208,0.8237704918032787,518,2378,51,1994606.41,518,0.02144659377628259,206684.6099999994,0.18000000328485866,4659.85976450799,Wednesday,0,6
2018-06-28,8513932.2,8332592.17,425,179,0.7811764705882352,447,2047,38,1532507.8,447,0.018563751831949193,181340.02999999933,0.18000000046981818,4159.224328285295,Thursday,0,6
2018-06-29,12484085.14,11945221.58,563,245,0.8330373001776199,596,2779,42,2247135.26,596,0.015113350125944584,538863.5600000005,0.17999999477735054,4492.294041021951,Friday,0,6
2018-06-30,10005221.27,9784802.48,460,201,0.808695652173913,484,2191,65,1800939.83,484,0.029666818804198997,220418.7899999991,0.18000000013992695,4566.509023277043,Saturday,1,6
2018-07-01,8830377.17,8529895.83,414,188,0.8115942028985508,440,1946,68,1589467.9,440,0.03494347379239465,300481.33999999985,0.18000000106450717,4537.706664953751,Sunday,1,7
2018-07-02,8070014.23,7743177.14,386,158,0.8031088082901554,416,1839,17,1452602.53,416,0.009244154431756389,326837.0900000008,0.1799999961090527,4388.262224034802,Monday,0,7
2018-07-03,9033060.75,8644208.55,404,189,0.7747524752475248,445,2017,44,1625950.92,445,0.02181457610312345,388852.19999999925,0.17999999833943328,4478.463435795737,Tuesday,0,7
2018-07-04,2096565.2,2027736.06,104,52,0.8076923076923077,106,437,25,377381.77,106,0.057208237986270026,68829.1399999999,0.18000001621700104,4797.632036613272,Wednesday,0,7
2018-07-05,2944993.36,2822619.07,132,62,0.7424242424242424,138,556,2,530098.8099999999,138,0.0035971223021582736,122374.29000000004,0.18000000176570854,5296.750647482014,Thursday,0,7
2018-07-06,2036989.14,2040145.8,77,35,0.7792207792207793,81,391,0,366657.99,81,0.0,-3156.660000000149,0.179999972901181,5209.690895140665,Friday,0,7
2018-07-07,3253556.07,3156576.31,127,55,0.7716535433070866,134,625,3,585640.06,134,0.0048,96979.75999999978,0.17999998998019423,5205.689711999999,Saturday,1,7
2018-07-08,2752144.2,2725199.41,133,60,0.7293233082706767,138,569,10,495385.93,138,0.01757469244288225,26944.790000000037,0.1799999905528206,4836.808787346222,Sunday,1,7
2018-07-09,4430764.61,4215804.43,195,80,0.8102564102564103,203,906,15,797537.6,203,0.016556291390728478,214960.18000000063,0.17999999327429853,4890.468664459161,Monday,0,7
2018-07-10,5201122.72,4881351.11,224,90,0.78125,238,1063,8,936202.03,238,0.007525870178739417,319771.6099999994,0.17999998854093566,4892.871796801505,Tuesday,0,7
2018-07-11,6502831.07,6236313.66,285,124,0.8175438596491228,298,1329,15,1170509.6,298,0.011286681715575621,266517.41000000015,0.1800000011379659,4893.025635816403,Wednesday,0,7
2018-07-12,6228668.47,6094439.16,238,96,0.8109243697478992,246,1119,11,1121160.25,246,0.009830205540661306,134229.3099999996,0.1799999880231224,5566.281027703306,Thursday,0,7
2018-07-13,4250921.4,4213700.8,197,91,0.8071065989847716,212,891,12,765165.77,212,0.013468013468013467,37220.60000000056,0.1799999807100644,4770.955555555556,Friday,0,7
2018-07-14,4868504.46,4786402.77,218,90,0.8119266055045872,234,1004,0,876330.73,234,0.0,82101.69000000041,0.17999998504674267,4849.1080278884465,Saturday,1,7
2018-07-15,5393026.83,5249791.03,233,93,0.8154506437768241,251,1142,23,970744.79,251,0.020140105078809107,143235.7999999998,0.1799999926942696,4722.44030647986,Sunday,1,7
2018-07-16,4994805.9,4716050.05,224,100,0.7633928571428571,239,1013,13,899065.05,239,0.012833168805528134,278755.85000000056,0.17999999759750424,4930.706712734453,Monday,0,7
2018-07-17,5712604.18,5386803.9,247,115,0.7651821862348178,261,1204,14,1028268.74,261,0.011627906976744186,325800.27999999933,0.17999999782936127,4744.687857142857,Tuesday,0,7
2018-07-18,7639039.23,7484190.04,339,158,0.7404129793510325,355,1526,21,1375027.11,355,0.013761467889908258,154849.1900000004,0.1800000063620566,5005.923479685453,Wednesday,0,7
2018-07-19,6252432.84,5912775.72,267,116,0.7715355805243446,282,1254,15,1053491.62,282,0.011961722488038277,339657.1200000001,0.16849307253014814,4985.991100478469,Thursday,0,7
2018-07-20,5761282.54,5222554.73,226,103,0.831858407079646,237,1101,1,796781.73,237,0.0009082652134423251,538727.8099999996,0.13829936727942524,5232.772515894641,Friday,0,7
2018-07-21,4939690.9,4320031.79,205,93,0.7658536585365854,220,966,7,464144.59,220,0.007246376811594203,619659.1100000003,0.0939622740362155,5113.5516563147,Saturday,1,7
2018-07-22,5641320.53,4834937.23,222,101,0.7837837837837838,236,1049,16,237445.48,236,0.015252621544327931,806383.2999999998,0.04209040750960485,5377.807940896092,Sunday,1,7
2018-07-23,6121614.15,4864263.18,223,94,0.7443946188340808,234,1056,24,0.0,234,0.022727272727272728,1257350.9700000007,0.0,5796.98309659091,Monday,0,7
2018-07-24,6821739.77,5344675.82,238,93,0.8319327731092437,250,1137,11,0.0,250,0.009674582233948988,1477063.9499999993,0.0,5999.771125769568,Tuesday,0,7
2018-07-25,7944998.65,6241710.94,302,112,0.7913907284768212,321,1420,0,0.0,321,0.0,1703287.71,0.0,5595.069471830986,Wednesday,0,7
2018-07-26,6463508.32,5212368.25,242,118,0.8223140495867769,244,1075,2,0.0,244,0.0018604651162790699,1251140.0700000003,0.0,6012.565879069768,Thursday,0,7
2018-07-27,5162979.4,4110689.88,200,97,0.75,210,921,17,0.0,210,0.018458197611292075,1052289.5200000005,0.0,5605.840825190011,Friday,0,7
2018-07-28,6313222.5,5068784.77,205,100,0.8292682926829268,216,976,19,0.0,216,0.0194672131147541,1244437.7300000004,0.0,6468.465676229508,Saturday,1,7
2018-07-29,6597216.94,5284529.74,240,116,0.7958333333333333,251,1134,39,0.0,251,0.03439153439153439,1312687.2000000002,0.0,5817.6516225749565,Sunday,1,7
2018-07-30,7314460.76,5725898.93,264,118,0.803030303030303,281,1263,18,0.0,281,0.014251781472684086,1588561.83,0.0,5791.338685669042,Monday,0,7
2018-07-31,12496367.04,9909115.53,441,194,0.782312925170068,476,2088,49,0.0,476,0.02346743295019157,2587251.51,0.0,5984.850114942528,Tuesday,0,7
2018-08-01,13786351.91,10884999.4,462,201,0.8225108225108225,490,2212,75,0.0,490,0.033905967450271246,2901352.51,0.0,6232.527988245932,Wednesday,0,8
2018-08-02,10106943.25,7999614.76,368,188,0.8342391304347826,402,1822,1,0.0,402,0.0005488474204171241,2107328.49,0.0,5547.169731064764,Thursday,0,8
2018-08-03,9026931.62,7058116.81,290,131,0.8103448275862069,314,1433,22,0.0,314,0.015352407536636426,1968814.8099999996,0.0,6299.324228890439,Friday,0,8
2018-08-04,6859151.1,5490125.8,253,122,0.7549407114624506,270,1204,26,0.0,270,0.02159468438538206,1369025.2999999998,0.0,5696.969352159468,Saturday,1,8
2018-08-05,3117800.12,2491453.39,113,46,0.7787610619469026,118,507,18,0.0,118,0.03550295857988166,626346.73,0.0,6149.507140039448,Sunday,1,8
2018-08-06,3924563.55,3048117.59,130,51,0.8384615384615385,134,641,5,0.0,134,0.0078003120124804995,876445.96,0.0,6122.564040561622,Monday,0,8
2018-08-07,4212970.63,3334965.62,153,67,0.7908496732026143,161,748,10,0.0,161,0.013368983957219251,878005.0099999998,0.0,5632.313676470588,Tuesday,0,8
2018-08-08,4647118.76,3610702.93,156,79,0.8012820512820513,170,795,26,0.0,170,0.03270440251572327,1036415.8299999996,0.0,5845.432402515723,Wednesday,0,8
2018-08-09,4946125.63,3977801.47,170,74,0.8352941176470589,179,781,8,0.0,179,0.010243277848911651,968324.1599999997,0.0,6333.067387964148,Thursday,0,8
2018-08-10,3705554.89,2859379.41,134,58,0.8134328358208955,142,636,40,0.0,142,0.06289308176100629,846175.48,0.0,5826.344166666667,Friday,0,8
2018-08-11,4591065.72,3598807.89,148,79,0.7635135135135135,155,728,27,0.0,155,0.03708791208791209,992257.8299999996,0.0,6306.408956043956,Saturday,1,8
2018-08-12,4030885.81,3179458.32,138,66,0.8188405797101449,150,677,11,0.0,150,0.01624815361890694,851427.4900000002,0.0,5954.041078286558,Sunday,1,8
2018-08-13,4244815.28,3284829.91,156,67,0.8525641025641025,166,708,10,0.0,166,0.014124293785310734,959985.3700000001,0.0,5995.501807909605,Monday,0,8
2018-08-14,6041631.13,4766947.5,184,84,0.8206521739130435,196,892,7,0.0,196,0.007847533632286996,1274683.63,0.0,6773.129069506726,Tuesday,0,8
2018-08-15,6058071.07,4807626.36,210,94,0.7666666666666667,224,1035,9,0.0,224,0.008695652173913044,1250444.71,0.0,5853.208763285024,Wednesday,0,8
2018-08-16,5333680.81,4015767.27,191,89,0.806282722513089,202,926,34,0.0,202,0.0367170626349892,1317913.5399999996,0.0,5759.914481641468,Thursday,0,8
2018-08-17,4314679.61,3455461.38,148,54,0.8445945945945946,155,716,26,0.0,155,0.036312849162011177,859218.2300000004,0.0,6026.088840782123,Friday,0,8
2018-08-18,4960825.43,3902500.12,164,73,0.7804878048780488,177,785,33,0.0,177,0.04203821656050955,1058325.3099999996,0.0,6319.522840764331,Saturday,1,8
2018-08-19,4978431.53,3847035.88,170,82,0.7941176470588235,178,780,15,0.0,178,0.019230769230769232,1131395.6500000004,0.0,6382.604525641026,Sunday,1,8
2018-08-20,4896843.63,3837284.3,173,66,0.8323699421965318,186,801,13,0.0,186,0.016229712858926344,1059559.33,0.0,6113.412771535581,Monday,0,8
2018-08-21,5971341.33,4692653.97,206,106,0.7572815533980582,210,932,18,0.0,210,0.019313304721030045,1278687.3600000003,0.0,6407.0185944206005,Tuesday,0,8
2018-08-22,7086185.79,5662221.43,224,94,0.8258928571428571,237,1086,16,0.0,237,0.014732965009208104,1423964.3600000003,0.0,6525.032955801105,Wednesday,0,8
2018-08-23,5392520.44,4260217.92,167,79,0.844311377245509,177,813,17,0.0,177,0.020910209102091022,1132302.5200000005,0.0,6632.866469864699,Thursday,0,8
2018-08-24,3329330.38,2630754.1,120,55,0.8083333333333333,125,577,11,0.0,125,0.019064124783362217,698576.2799999998,0.0,5770.069982668977,Friday,0,8
2018-08-25,4716376.41,3836954.01,141,66,0.7588652482269503,152,715,23,0.0,152,0.032167832167832165,879422.4000000004,0.0,6596.330643356643,Saturday,1,8
2018-08-26,4717920.92,3744613.34,155,65,0.864516129032258,166,749,7,0.0,166,0.009345794392523364,973307.5800000001,0.0,6298.959839786382,Sunday,1,8
2018-08-27,6151109.31,4800826.49,187,89,0.8342245989304813,201,904,16,0.0,201,0.017699115044247787,1350282.8199999994,0.0,6804.324457964602,Monday,0,8
2018-08-28,12207075.48,9954369.46,384,172,0.8255208333333334,421,1906,48,0.0,421,0.025183630640083946,2252706.0199999996,0.0,6404.55166841553,Tuesday,0,8
2018-08-29,10330752.34,8329694.93,359,164,0.7855153203342619,383,1647,53,0.0,383,0.03217972070431087,2001057.4100000001,0.0,6272.4665088038855,Wednesday,0,8
2018-08-30,10819458.93,8497693.47,350,156,0.8085714285714286,379,1743,31,60476.41,379,0.01778542742398164,2321765.459999999,0.005589596521533263,6207.377469879518,Thursday,0,8
2018-08-31,9769233.6,7975907.3,306,125,0.8071895424836601,329,1496,63,120434.57,329,0.042112299465240643,1793326.2999999998,0.012327944538044418,6530.236363636363,Friday,0,8
2018-09-01,8834290.53,7236711.56,300,134,0.8133333333333334,318,1429,35,235121.49,318,0.0244926522043387,1597578.9699999997,0.026614643156862537,6182.1487263820845,Saturday,1,9
2018-09-02,2926208.13,2475973.31,121,46,0.7851239669421488,128,546,3,271578.81,128,0.005494505494505495,450234.81999999983,0.09280912291088468,5359.355549450549,Sunday,1,9
2018-09-03,3730127.97,3250956.11,125,56,0.8,131,603,19,373012.77,131,0.03150912106135987,479171.86000000034,0.09999999276164244,6185.950199004976,Monday,0,9
2018-09-04,2895558.56,2566039.59,89,41,0.7752808988764045,93,436,4,289555.87,93,0.009174311926605505,329518.9700000002,0.10000000483499115,6641.1893577981655,Tuesday,0,9
2018-09-05,2683914.3,2352008.69,89,36,0.7865168539325843,95,440,13,268391.37,95,0.029545454545454545,331905.60999999987,0.09999997764459172,6099.805227272727,Wednesday,0,9
2018-09-06,2220736.04,1976596.92,82,45,0.7926829268292683,86,391,11,222073.63999999998,86,0.028132992327365727,244139.1200000001,0.10000001621084151,5679.631815856777,Thursday,0,9
2018-09-07,2737800.42,2305499.6,110,55,0.7636363636363637,118,502,31,273780.1,118,0.061752988047808766,432300.81999999983,0.10000002118488972,5453.785697211155,Friday,0,9
2018-09-08,3138040.11,2844198.87,107,52,0.794392523364486,111,506,18,313804.01,111,0.03557312252964427,293841.23999999976,0.09999999968132976,6201.6602964426875,Saturday,1,9
2018-09-09,4428844.18,3809539.78,172,67,0.8255813953488372,180,778,21,442884.51,180,0.02699228791773779,619304.3999999999,0.10000002077291417,5692.60177377892,Sunday,1,9
2018-09-10,3518686.76,3115017.21,131,66,0.8015267175572519,135,591,28,351868.66,135,0.047377326565143825,403669.5499999998,0.099999995452849,5953.784703891709,Monday,0,9
2018-09-11,2737148.82,2457613.39,98,46,0.8367346938775511,104,475,1,273714.85,104,0.002105263157894737,279535.4299999997,0.0999999883090025,5762.418568421052,Tuesday,0,9
2018-09-12,3907657.89,3473624.08,124,57,0.8548387096774194,131,601,16,390765.82,131,0.026622296173044926,434033.81000000006,0.10000000793314073,6501.926605657238,Wednesday,0,9
2018-09-13,3198359.98,2826009.39,104,46,0.8557692307692307,109,544,20,319835.99,109,0.03676470588235294,372350.58999999985,0.09999999749871807,5879.338198529412,Thursday,0,9
2018-09-14,3759913.17,3409768.94,118,56,0.847457627118644,122,538,8,375991.33,122,0.01486988847583643,350144.23,0.10000000345752666,6988.686189591078,Friday,0,9
2018-09-15,3182906.62,2708850.83,139,70,0.762589928057554,153,675,9,318290.65,153,0.013333333333333334,474055.79000000004,0.09999999622986112,4715.4172148148145,Saturday,1,9
2018-09-16,4513878.02,4134396.21,158,73,0.740506329113924,171,799,25,451387.81,171,0.03128911138923655,379481.8099999996,0.10000000177231197,5649.40928660826,Sunday,1,9
2018-09-17,3684035.33,3185261.69,137,68,0.7883211678832117,149,679,25,368403.57,149,0.036818851251840944,498773.64000000013,0.10000001004333474,5425.677952871871,Monday,0,9
2018-09-18,3511249.8,3093197.05,120,60,0.775,127,590,19,351125.0,127,0.03220338983050847,418052.75,0.10000000569597754,5951.270847457627,Tuesday,0,9
2018-09-19,3203671.41,2850137.86,116,60,0.8103448275862069,123,580,20,320367.19,123,0.034482758620689655,353533.5500000003,0.10000001529495185,5523.571396551724,Wednesday,0,9
2018-09-20,2967505.47,2634513.81,113,55,0.8584070796460177,122,568,14,296750.52,122,0.02464788732394366,332991.66000000015,0.09999999090144895,5224.481461267606,Thursday,0,9
2018-09-21,3391440.87,3055926.25,111,53,0.7297297297297297,122,571,21,339144.06,122,0.03677758318739054,335514.6200000001,0.09999999203878203,5939.476129597198,Friday,0,9
2018-09-22,3067943.56,2653342.07,114,57,0.8245614035087719,125,552,30,306794.31,125,0.05434782608695652,414601.4900000002,0.09999998500624308,5557.868768115942,Saturday,1,9
2018-09-23,4892505.92,4455722.87,173,73,0.7803468208092486,182,826,15,489250.66,182,0.018159806295399514,436783.0499999998,0.10000001389880792,5923.130653753026,Sunday,1,9
2018-09-24,4916532.68,4394814.48,148,60,0.8513513513513513,162,788,25,491653.3,162,0.031725888324873094,521718.19999999925,0.10000000650865196,6239.254670050761,Monday,0,9
2018-09-25,3834324.5,3363603.04,120,58,0.85,131,588,7,383432.49,131,0.011904761904761904,470721.45999999996,0.10000001043208523,6520.960034013606,Tuesday,0,9
2018-09-26,4727732.71,4050861.46,161,79,0.84472049689441,173,779,20,472773.3,173,0.025673940949935817,676871.25,0.10000000613401852,6068.976521181001,Wednesday,0,9
2018-09-27,5609192.49,4998150.71,197,100,0.8121827411167513,217,942,20,560919.23,217,0.021231422505307854,611041.7800000003,0.09999999661270315,5954.556783439491,Thursday,0,9
2018-09-28,5221949.72,4643296.21,185,91,0.8108108108108109,199,915,29,522195.07,199,0.03169398907103825,578653.5099999998,0.10000001876693673,5707.04887431694,Friday,0,9
2018-09-29,5089871.44,4351327.13,179,75,0.8044692737430168,190,855,48,449807.99,190,0.056140350877192984,738544.3100000005,0.08837315348774309,5953.066011695907,Saturday,1,9
2018-09-30,5437181.81,4591821.05,188,81,0.8138297872340425,203,912,35,450233.23,203,0.03837719298245614,845360.7599999998,0.0828063592009994,5961.822160087719,Sunday,1,9
2018-10-01,4742181.64,4115311.14,163,79,0.7791411042944786,175,764,36,349698.56,175,0.04712041884816754,626870.4999999995,0.07374212684101236,6207.044031413612,Monday,0,10
2018-10-02,1807247.84,1354070.12,64,25,0.8125,65,290,1,0.0,65,0.0034482758620689655,453177.72,0.0,6231.889103448276,Tuesday,0,10
2018-10-03,1798411.4,1414782.3,57,28,0.8070175438596491,59,256,20,0.0,59,0.078125,383629.09999999986,0.0,7025.04453125,Wednesday,0,10
2018-10-04,2726313.6,2140614.37,67,34,0.8955223880597015,71,380,0,0.0,71,0.0,585699.23,0.0,7174.509473684211,Thursday,0,10
2018-10-05,2484898.47,1911895.45,82,37,0.7926829268292683,85,350,6,0.0,85,0.017142857142857144,573003.0200000003,0.0,7099.709914285715,Friday,0,10
2018-10-06,2157385.6,1668290.7,83,43,0.7590361445783133,86,343,11,0.0,86,0.03206997084548105,489094.90000000014,0.0,6289.753935860059,Saturday,1,10
2018-10-07,2767415.65,2075893.96,89,43,0.7752808988764045,98,453,21,0.0,98,0.046357615894039736,691521.69,0.0,6109.0853200883,Sunday,1,10
2018-10-08,3075660.75,2408923.48,104,38,0.7307692307692307,111,519,13,0.0,111,0.025048169556840076,666737.27,0.0,5926.128612716763,Monday,0,10
2018-10-09,2768213.46,2199027.83,87,39,0.8390804597701149,91,423,5,0.0,91,0.01182033096926714,569185.6299999999,0.0,6544.239858156028,Tuesday,0,10
2018-10-10,1759060.3,1352309.05,56,19,0.7321428571428571,58,248,17,0.0,58,0.06854838709677419,406751.25,0.0,7092.985080645161,Wednesday,0,10
2018-10-11,2288675.28,1804152.97,70,29,0.7714285714285715,73,318,21,0.0,73,0.0660377358490566,484522.3099999998,0.0,7197.092075471697,Thursday,0,10
2018-10-12,3801607.19,3093283.75,110,55,0.7727272727272727,116,510,13,0.0,116,0.025490196078431372,708323.44,0.0,7454.131745098039,Friday,0,10
2018-10-13,3486645.25,2756384.22,97,34,0.7938144329896907,101,493,26,0.0,101,0.05273833671399594,730261.0299999998,0.0,7072.302738336714,Saturday,1,10
2018-10-14,3516624.21,2744217.98,104,44,0.7788461538461539,107,517,14,0.0,107,0.027079303675048357,772406.23,0.0,6801.981063829787,Sunday,1,10
2018-10-15,3593428.63,2809961.8,126,63,0.753968253968254,134,583,26,0.0,134,0.044596912521440824,783466.8300000001,0.0,6163.685471698113,Monday,0,10
2018-10-16,4126610.48,3221862.51,132,65,0.803030303030303,143,643,21,0.0,143,0.03265940902021773,904747.9700000002,0.0,6417.745692068429,Tuesday,0,10
2018-10-17,2193280.79,1721100.93,74,30,0.8243243243243243,75,310,0,0.0,75,0.0,472179.8600000001,0.0,7075.099322580645,Wednesday,0,10
2018-10-18,2364712.74,1825738.91,72,30,0.8333333333333334,75,346,44,0.0,75,0.12716763005780346,538973.8300000003,0.0,6834.429884393065,Thursday,0,10
2018-10-19,2753648.17,2191447.61,96,42,0.8854166666666666,103,451,2,0.0,103,0.004434589800443459,562200.56,0.0,6105.650044345898,Friday,0,10
2018-10-20,3067392.26,2428564.0,94,47,0.7659574468085106,101,457,24,0.0,101,0.0525164113785558,638828.2599999998,0.0,6712.018074398249,Saturday,1,10
2018-10-21,2965006.46,2322786.28,123,63,0.7967479674796748,134,506,32,0.0,134,0.06324110671936758,642220.1800000002,0.0,5859.696561264822,Sunday,1,10
2018-10-22,3760345.32,3093167.35,118,54,0.8813559322033898,123,551,26,0.0,123,0.047186932849364795,667177.9699999997,0.0,6824.583157894736,Monday,0,10
2018-10-23,3210408.93,2590626.71,118,52,0.8050847457627118,125,544,30,0.0,125,0.05514705882352941,619782.2200000002,0.0,5901.4870036764705,Tuesday,0,10
2018-10-24,2388950.39,1810211.59,85,39,0.8117647058823529,91,404,20,0.0,91,0.04950495049504951,578738.8,0.0,5913.243539603961,Wednesday,0,10
2018-10-25,2281239.32,1789602.98,79,36,0.7848101265822784,87,363,7,0.0,87,0.01928374655647383,491636.33999999985,0.0,6284.4058402203855,Thursday,0,10
2018-10-26,2925667.62,2326884.75,99,39,0.7474747474747475,106,492,21,0.0,106,0.042682926829268296,598782.8700000001,0.0,5946.478902439025,Friday,0,10
2018-10-27,3517566.83,2788248.35,121,58,0.7933884297520661,132,582,39,0.0,132,0.06701030927835051,729318.48,0.0,6043.929261168385,Saturday,1,10
2018-10-28,5148086.02,4236118.44,165,68,0.7454545454545455,183,811,30,0.0,183,0.036991368680641186,911967.5799999991,0.0,6347.824932182491,Sunday,1,10
2018-10-29,6121160.36,4854267.79,197,104,0.766497461928934,219,975,23,0.0,219,0.02358974358974359,1266892.5700000003,0.0,6278.11318974359,Monday,0,10
2018-10-30,5647021.76,4534254.48,161,72,0.7701863354037267,181,858,39,0.0,181,0.045454545454545456,1112767.2799999993,0.0,6581.610442890443,Tuesday,0,10
2018-10-31,5340696.76,4313400.22,170,78,0.8294117647058824,189,847,44,0.0,189,0.05194805194805195,1027296.54,0.0,6305.427107438017,Wednesday,0,10
2018-11-01,4100504.23,3207191.36,130,64,0.7615384615384615,141,651,28,0.0,141,0.043010752688172046,893312.8700000001,0.0,6298.777619047619,Thursday,0,11
2018-11-02,1332091.2,973346.43,49,30,0.7755102040816326,52,227,18,0.0,52,0.07929515418502203,358744.7699999999,0.0,5868.243171806167,Friday,0,11
2018-11-03,1775113.55,1429465.35,65,26,0.8153846153846154,71,323,17,0.0,71,0.05263157894736842,345648.19999999995,0.0,5495.707585139319,Saturday,1,11
2018-11-04,2595301.17,2110463.11,80,39,0.825,92,411,30,0.0,92,0.072992700729927,484838.06000000006,0.0,6314.601386861314,Sunday,1,11
2018-11-05,2667990.75,2059523.3,87,44,0.7471264367816092,96,442,25,0.0,96,0.05656108597285068,608467.45,0.0,6036.178167420814,Monday,0,11
2018-11-06,2019349.93,1662050.67,61,20,0.8360655737704918,67,328,5,0.0,67,0.01524390243902439,357299.26,0.0,6156.554664634146,Tuesday,0,11
2018-11-07,2141247.67,1769789.01,63,31,0.8095238095238095,72,321,4,0.0,72,0.012461059190031152,371458.6599999999,0.0,6670.553489096573,Wednesday,0,11
2018-11-08,1913450.02,1511722.76,60,33,0.75,64,315,20,0.0,64,0.06349206349206349,401727.26,0.0,6074.444507936508,Thursday,0,11
2018-11-09,2619129.29,2039164.75,73,36,0.7534246575342466,78,388,13,0.0,78,0.03350515463917526,579964.54,0.0,6750.333221649485,Friday,0,11
2018-11-10,2402388.27,1910373.68,71,37,0.8169014084507042,82,407,10,0.0,82,0.02457002457002457,492014.5900000001,0.0,5902.673882063882,Saturday,1,11
2018-11-11,3568388.14,2844379.91,111,36,0.8108108108108109,127,575,42,0.0,127,0.07304347826086957,724008.23,0.0,6205.892417391305,Sunday,1,11
2018-11-12,2517159.72,2054634.4,90,42,0.8222222222222222,93,427,34,0.0,93,0.07962529274004684,462525.3200000003,0.0,5894.987634660422,Monday,0,11
2018-11-13,1925203.6,1550255.36,64,23,0.859375,72,315,16,0.0,72,0.050793650793650794,374948.24,0.0,6111.757460317461,Tuesday,0,11
2018-11-14,1687382.45,1226935.5,71,28,0.7323943661971831,75,328,27,0.0,75,0.08231707317073171,460446.94999999995,0.0,5144.45868902439,Wednesday,0,11
2018-11-15,2055680.2,1571568.0,70,24,0.7857142857142857,75,342,24,0.0,75,0.07017543859649122,484112.19999999995,0.0,6010.76081871345,Thursday,0,11
2018-11-16,2040967.69,1635316.04,87,38,0.8620689655172413,97,413,21,0.0,97,0.05084745762711865,405651.6499999999,0.0,4941.810387409201,Friday,0,11
2018-11-17,2025956.74,1601361.16,71,31,0.7464788732394366,79,376,5,0.0,79,0.013297872340425532,424595.5800000001,0.0,5388.182819148936,Saturday,1,11
2018-11-18,3630560.3,3005034.69,128,58,0.8203125,137,631,30,132027.7,137,0.04754358161648178,625525.6099999999,0.03636565408375121,5753.661331220285,Sunday,1,11
2018-11-19,2171786.9,1822847.47,70,33,0.8285714285714286,77,312,8,94357.34,77,0.02564102564102564,348939.42999999993,0.04344686856707718,6960.855448717948,Monday,0,11
2018-11-20,2495899.61,2196442.6,84,32,0.7976190476190477,91,450,34,222912.57,91,0.07555555555555556,299457.0099999998,0.08931151281361033,5546.443577777777,Tuesday,0,11
2018-11-21,1870994.01,1826252.29,75,36,0.84,83,358,6,307712.46,83,0.01675977653631285,44741.71999999997,0.16446469542679082,5226.240251396648,Wednesday,0,11
2018-11-22,1690197.81,1647708.27,73,31,0.8356164383561644,77,360,53,338039.58,77,0.14722222222222223,42489.54000000004,0.20000001064964107,4694.993916666667,Thursday,0,11
2018-11-23,1647035.11,1656826.5,72,29,0.7777777777777778,81,374,51,329407.01,81,0.13636363636363635,-9791.389999999898,0.1999999927141808,4403.83719251337,Friday,0,11
2018-11-24,1991985.26,1889498.02,88,39,0.8863636363636364,97,465,22,398397.05,97,0.047311827956989246,102487.23999999999,0.1999999989959765,4283.839268817204,Saturday,1,11
2018-11-25,2085511.05,2029509.86,101,41,0.8514851485148515,114,517,31,417102.19,114,0.059961315280464215,56001.189999999944,0.19999999041002445,4033.870502901354,Sunday,1,11
2018-11-26,2543960.96,2433523.18,104,53,0.8653846153846154,119,569,20,508792.15,119,0.0351493848857645,110437.7799999998,0.1999999834903127,4470.933145869947,Monday,0,11
2018-11-27,2369522.33,2218838.51,116,53,0.8448275862068966,128,601,36,473904.49,128,0.059900166389351084,150683.8200000003,0.20000001012862367,3942.6328286189687,Tuesday,0,11
2018-11-28,1733474.59,1753556.92,81,38,0.7654320987654321,92,425,22,346694.92,92,0.05176470588235294,-20082.32999999984,0.2000000011537521,4078.763741176471,Wednesday,0,11
2018-11-29,2226459.09,2127649.92,116,54,0.7327586206896551,137,608,18,445291.75,137,0.029605263157894735,98809.16999999993,0.19999996945823065,3661.9392927631575,Thursday,0,11
2018-11-30,2058963.14,2054767.53,107,54,0.7476635514018691,118,514,25,411792.64,118,0.048638132295719845,4195.60999999987,0.20000000582817623,4005.7648638132296,Friday,0,11
2018-12-01,1216044.13,1211686.23,82,38,0.7804878048780488,96,394,6,243208.84,96,0.015228426395939087,4357.899999999907,0.2000000115127401,3086.4064213197967,Saturday,1,12
2018-12-02,977052.29,950959.05,59,32,0.8135593220338984,62,295,30,195410.46,62,0.1016949152542373,26093.23999999999,0.20000000204697332,3312.041661016949,Sunday,1,12
2018-12-03,1855981.25,1750191.91,86,43,0.813953488372093,95,405,29,371196.23,95,0.07160493827160494,105789.34000000008,0.19999998922402906,4582.669753086419,Monday,0,12
2018-12-04,1606060.57,1508604.3,67,32,0.8805970149253731,74,319,6,321212.14,74,0.018808777429467086,97456.27000000002,0.2000000161886796,5034.67263322884,Tuesday,0,12
2018-12-05,1085024.44,1036671.25,50,18,0.72,54,248,20,217004.87,54,0.08064516129032258,48353.189999999944,0.19999998341051195,4375.098548387096,Wednesday,0,12
2018-12-06,942014.91,946159.68,51,30,0.8627450980392157,62,282,10,188402.94,62,0.03546099290780142,-4144.770000000019,0.19999995541471843,3340.478404255319,Thursday,0,12
2018-12-07,1200649.15,1205634.51,68,27,0.7205882352941176,79,336,28,240129.83,79,0.08333333333333333,-4985.360000000102,0.2,3573.36056547619,Friday,0,12
2018-12-08,1453175.2,1434521.0,67,24,0.8208955223880597,77,341,9,290635.06,77,0.026392961876832845,18654.199999999953,0.20000001376296542,4261.510850439882,Saturday,1,12
2018-12-09,1834112.01,1791856.09,88,40,0.8295454545454546,103,446,22,366822.36,103,0.04932735426008968,42255.919999999925,0.1999999771006352,4112.3587668161435,Sunday,1,12
2018-12-10,1719022.37,1695031.78,88,35,0.875,101,444,11,343804.44,101,0.024774774774774775,23990.590000000084,0.19999998022131613,3871.672004504505,Monday,0,12
2018-12-11,1670763.83,1670771.64,89,39,0.7865168539325843,102,461,28,334152.78,102,0.06073752711496746,-7.809999999823049,0.20000000837940093,3624.216550976139,Tuesday,0,12
2018-12-12,1416824.27,1409602.12,81,41,0.8148148148148148,97,416,20,283364.84,97,0.04807692307692308,7222.149999999907,0.19999999011874636,3405.8275721153846,Wednesday,0,12
2018-12-13,1605917.55,1631146.11,92,37,0.8369565217391305,109,493,29,321183.52,109,0.058823529411764705,-25228.560000000056,0.20000000622696976,3257.4392494929007,Thursday,0,12
2018-12-14,1986080.6,1901692.62,79,33,0.8734177215189873,94,489,50,397216.09,94,0.10224948875255624,84387.97999999998,0.19999998489487286,4061.5145194274032,Friday,0,12
2018-12-15,1761139.67,1649696.47,94,45,0.8404255319148937,110,494,46,352227.96,110,0.0931174089068826,111443.19999999995,0.20000001476316756,3565.0600607287447,Saturday,1,12
2018-12-16,1956185.08,1973002.66,94,44,0.9148936170212766,117,524,37,391236.99,117,0.07061068702290077,-16817.57999999984,0.19999998670882407,3733.177633587786,Sunday,1,12
2018-12-17,1975625.37,2012021.47,124,55,0.7258064516129032,151,638,34,395125.06,151,0.05329153605015674,-36396.09999999986,0.19999999291363624,3096.5914890282133,Monday,0,12
2018-12-18,1917848.83,1813056.96,124,62,0.7983870967741935,149,702,53,383569.79,149,0.0754985754985755,104791.87000000011,0.2000000125140207,2731.9783903133903,Tuesday,0,12
2018-12-19,1548668.19,1537872.76,78,32,0.8333333333333334,93,454,11,309733.67,93,0.024229074889867842,10795.429999999935,0.20000002066291553,3411.1634140969163,Wednesday,0,12
2018-12-20,2111859.13,1955020.76,100,53,0.83,120,551,22,422371.84,120,0.039927404718693285,156838.36999999988,0.20000000662923006,3832.7751905626133,Thursday,0,12
2018-12-21,1795780.71,1747996.02,99,40,0.797979797979798,117,541,7,359156.15,117,0.012939001848428836,47784.689999999944,0.20000000445488694,3319.3728465804065,Friday,0,12
2018-12-22,1497206.71,1451328.96,96,43,0.7395833333333334,116,538,31,299441.33999999997,116,0.05762081784386617,45877.75,0.19999999866417909,2782.9121003717473,Saturday,1,12
2018-12-23,1221387.72,1203158.82,86,51,0.7674418604651163,109,524,12,244277.58,109,0.022900763358778626,18228.899999999907,0.20000002947467,2330.892595419847,Sunday,1,12
2018-12-24,2110373.43,2051630.86,116,48,0.8275862068965517,134,634,19,422074.7,134,0.02996845425867508,58742.570000000065,0.200000006633897,3328.6647160883285,Monday,0,12
2018-12-25,1398293.31,1329598.03,87,40,0.7586206896551724,104,461,30,279658.7,104,0.0650759219088937,68695.28000000003,0.20000002717598642,3033.17420824295,Tuesday,0,12
2018-12-26,1989426.16,1906954.63,115,59,0.8434782608695652,133,625,46,397885.22000000003,133,0.0736,82471.53000000003,0.1999999939681099,3183.081856,Wednesday,0,12
2018-12-27,2379859.2,2336594.02,128,55,0.7421875,153,690,34,475971.89,153,0.04927536231884058,43265.18000000017,0.20000002100964628,3449.0713043478263,Thursday,0,12
2018-12-28,4637468.16,4553417.55,230,99,0.7913043478260869,263,1190,73,927493.64,263,0.06134453781512605,84050.61000000034,0.20000000172507923,3897.032067226891,Friday,0,12
2018-12-29,4597405.16,4592577.25,230,99,0.7652173913043478,269,1203,56,919480.98,269,0.046550290939318374,4827.910000000149,0.19999998868927182,3821.6169243557774,Saturday,1,12
2018-12-30,3975279.59,3817470.28,211,100,0.8151658767772512,252,1186,79,754939.79,252,0.06661045531197302,157809.31000000006,0.1899086021267752,3351.837765598651,Sunday,1,12
2018-12-31,3827364.78,3811034.54,182,91,0.7582417582417582,210,927,54,668539.32,210,0.05825242718446602,16330.239999999758,0.1746735308569151,4128.764595469255,Monday,0,12
2019-01-01,2430742.1,2422276.45,119,49,0.8403361344537815,137,623,10,432495.24,137,0.016051364365971106,8465.649999999907,0.17792724287780262,3901.672712680578,Tuesday,0,1
2019-01-02,857486.8,611460.51,35,12,0.8571428571428571,40,182,8,3730.72,40,0.04395604395604396,246026.29000000004,0.004350760851362376,4711.465934065935,Wednesday,0,1
2019-01-03,1095516.84,931676.57,40,19,0.825,44,191,1,0.0,44,0.005235602094240838,163840.27000000014,0.0,5735.690261780105,Thursday,0,1
2019-01-04,1356732.44,1032253.29,50,17,0.84,51,254,29,0.0,51,0.1141732283464567,324479.1499999999,0.0,5341.466299212599,Friday,0,1
2019-01-05,1752585.71,1344358.95,72,38,0.8472222222222222,81,362,22,0.0,81,0.06077348066298342,408226.76,0.0,4841.396988950276,Saturday,1,1
2019-01-06,1660128.37,1324455.7,67,30,0.835820895522388,76,308,9,0.0,76,0.02922077922077922,335672.67000000016,0.0,5390.027175324676,Sunday,1,1
2019-01-07,1936096.71,1554210.1,51,31,0.8235294117647058,53,249,0,0.0,53,0.0,381886.60999999987,0.0,7775.488795180723,Monday,0,1
2019-01-08,1715399.79,1347590.83,59,26,0.7288135593220338,63,269,8,0.0,63,0.02973977695167286,367808.95999999996,0.0,6376.950892193308,Tuesday,0,1
2019-01-09,1858318.85,1516237.67,57,17,0.8245614035087719,64,290,9,0.0,64,0.03103448275862069,342081.18000000017,0.0,6407.996034482759,Wednesday,0,1
2019-01-10,1259650.79,1032558.86,38,20,0.8947368421052632,41,198,14,0.0,41,0.0707070707070707,227091.93000000005,0.0,6361.872676767677,Thursday,0,1
2019-01-11,2153841.45,1671962.72,69,25,0.7681159420289855,75,339,13,0.0,75,0.038348082595870206,481878.7300000002,0.0,6353.514601769912,Friday,0,1
2019-01-12,2073990.81,1674370.35,58,31,0.7931034482758621,65,298,7,0.0,65,0.02348993288590604,399620.45999999996,0.0,6959.700704697987,Saturday,1,1
2019-01-13,3354624.45,2671314.89,92,45,0.7934782608695652,102,459,23,0.0,102,0.05010893246187364,683309.56,0.0,7308.55,Sunday,1,1
2019-01-14,2361690.18,1807957.6,65,28,0.8307692307692308,70,325,1,0.0,70,0.003076923076923077,553732.5800000001,0.0,7266.739015384616,Monday,0,1
2019-01-15,1504083.3,1181548.42,48,19,0.8125,51,222,13,0.0,51,0.05855855855855856,322534.8800000001,0.0,6775.150000000001,Tuesday,0,1
2019-01-16,1724908.79,1349961.65,58,24,0.7413793103448276,63,291,12,0.0,63,0.041237113402061855,374947.14000000013,0.0,5927.521615120275,Wednesday,0,1
2019-01-17,2280332.07,1816414.62,64,31,0.796875,69,331,23,0.0,69,0.06948640483383686,463917.4499999997,0.0,6889.220755287009,Thursday,0,1
2019-01-18,1474326.17,1227149.16,45,19,0.8444444444444444,49,234,17,0.0,49,0.07264957264957266,247177.01,0.0,6300.539188034188,Friday,0,1
2019-01-19,1754206.62,1335367.18,64,24,0.78125,72,288,11,0.0,72,0.03819444444444445,418839.4400000002,0.0,6090.995208333334,Saturday,1,1
2019-01-20,3160071.59,2517012.51,91,38,0.8901098901098901,104,466,5,0.0,104,0.01072961373390558,643059.0800000001,0.0,6781.269506437768,Sunday,1,1
2019-01-21,2299476.91,1856585.16,73,36,0.7808219178082192,79,349,14,0.0,79,0.04011461318051576,442891.75000000023,0.0,6588.7590544412615,Monday,0,1
2019-01-22,2108562.98,1708188.75,60,25,0.9166666666666666,65,309,16,0.0,65,0.05177993527508091,400374.23,0.0,6823.828414239482,Tuesday,0,1
2019-01-23,1826741.5,1369479.14,64,29,0.828125,69,302,13,0.0,69,0.04304635761589404,457262.3600000001,0.0,6048.812913907284,Wednesday,0,1
2019-01-24,2523490.79,2014906.08,71,30,0.704225352112676,81,374,4,0.0,81,0.0106951871657754,508584.70999999996,0.0,6747.301577540107,Thursday,0,1
2019-01-25,2014411.34,1674040.36,64,30,0.875,68,300,22,0.0,68,0.07333333333333333,340370.98,0.0,6714.704466666667,Friday,0,1
2019-01-26,2940618.52,2385985.7,89,36,0.7865168539325843,102,494,0,0.0,102,0.0,554632.8199999998,0.0,5952.669068825911,Saturday,1,1
2019-01-27,4391507.1,3459322.38,148,66,0.8040540540540541,162,745,61,0.0,162,0.08187919463087248,932184.7199999997,0.0,5894.640402684563,Sunday,1,1
2019-01-28,4748349.69,3779471.66,156,64,0.7884615384615384,166,738,50,0.0,166,0.06775067750677506,968878.0300000003,0.0,6434.078170731708,Monday,0,1
2019-01-29,4822586.51,3839462.75,150,60,0.82,164,784,60,0.0,164,0.07653061224489796,983123.7599999998,0.0,6151.258303571428,Tuesday,0,1
2019-01-30,3962494.16,3161585.88,137,55,0.8394160583941606,150,664,33,14318.89,150,0.04969879518072289,800908.2800000003,0.0036136053257930854,5967.611686746988,Wednesday,0,1
2019-01-31,3557233.24,2914824.87,124,61,0.75,139,602,29,22382.68,139,0.04817275747508306,642408.3700000001,0.0062921598022625015,5909.025315614618,Thursday,0,1
2019-02-01,2922884.32,2311260.65,102,39,0.8235294117647058,117,563,26,30415.11,117,0.046181172291296625,611623.6699999999,0.01040585485777966,5191.624014209591,Friday,0,2
2019-02-02,1988116.58,1648391.91,67,29,0.8059701492537313,72,326,8,34807.42,72,0.024539877300613498,339724.67000000016,0.017507735889411475,6098.517116564418,Saturday,1,2
2019-02-03,2075616.33,1663159.13,73,30,0.7808219178082192,82,398,34,61936.14,82,0.08542713567839195,412457.2000000002,0.02983987893369484,5215.116407035176,Sunday,1,2
2019-02-04,1690969.52,1412906.86,68,34,0.8088235294117647,74,348,28,54982.17,74,0.08045977011494253,278062.6599999999,0.032515175081334405,4859.107816091954,Monday,0,2
2019-02-05,1648913.11,1341931.74,61,36,0.819672131147541,69,318,24,48970.270000000004,69,0.07547169811320754,306981.3700000001,0.02969851455665848,5185.261352201258,Tuesday,0,2
2019-02-06,2019237.55,1620812.0,90,38,0.7888888888888889,104,463,28,68696.52,104,0.06047516198704104,398425.55000000005,0.03402101946846224,4361.204211663067,Wednesday,0,2
2019-02-07,1807804.86,1498934.77,77,34,0.8311688311688312,85,372,32,59128.43,85,0.08602150537634409,308870.0900000001,0.03270730780090944,4859.690483870968,Thursday,0,2
2019-02-08,1887002.96,1514639.32,85,43,0.7764705882352941,99,408,20,52250.91,99,0.049019607843137254,372363.6399999999,0.027689892971869003,4625.007254901961,Friday,0,2
2019-02-09,2204244.85,1794590.32,87,39,0.8505747126436781,95,424,19,47447.81,95,0.04481132075471698,409654.53,0.021525653105189287,5198.690683962264,Saturday,1,2
2019-02-10,2992194.41,2405467.55,119,54,0.8823529411764706,136,582,25,80435.47,136,0.0429553264604811,586726.8600000003,0.026881766014662127,5141.227508591066,Sunday,1,2
2019-02-11,3050258.51,2505704.13,98,39,0.8061224489795918,110,510,23,70186.14,110,0.045098039215686274,544554.3799999999,0.023009898921649105,5980.899039215686,Monday,0,2
2019-02-12,2270445.76,1865294.51,75,33,0.8,78,365,51,44445.84,78,0.13972602739726028,405151.24999999977,0.019575821093387406,6220.399342465753,Tuesday,0,2
2019-02-13,2305149.57,1875958.77,75,29,0.8533333333333334,79,347,10,39907.34,79,0.02881844380403458,429190.7999999998,0.0173122562281284,6643.0823342939475,Wednesday,0,2
2019-02-14,2959207.82,2441504.63,90,48,0.7555555555555555,99,462,22,71412.15,99,0.047619047619047616,517703.18999999994,0.024132184808838466,6405.211731601731,Thursday,0,2
2019-02-15,2813189.48,2241015.21,96,40,0.7604166666666666,104,461,17,56618.04,104,0.0368763557483731,572174.27,0.0201259248275022,6102.363297180043,Friday,0,2
2019-02-16,2890421.0,2337140.26,102,46,0.8333333333333334,110,482,23,46488.32,110,0.04771784232365145,553280.7400000002,0.01608358090395828,5996.724066390041,Saturday,1,2
2019-02-17,3658575.54,2895275.54,115,56,0.8,122,519,33,53790.67,122,0.06358381502890173,763300.0,0.0147026265856465,7049.278497109826,Sunday,1,2
2019-02-18,4680433.34,3760557.76,124,61,0.782258064516129,127,661,23,56590.9,127,0.03479576399394856,919875.5800000001,0.012090953099654658,7080.837125567322,Monday,0,2
2019-02-19,1783513.49,1498699.8,68,29,0.7647058823529411,69,314,24,38087.56,69,0.07643312101910828,284813.68999999994,0.021355352910731276,5679.979267515923,Tuesday,0,2
2019-02-20,3142305.74,2556936.4,97,51,0.7731958762886598,102,481,28,55148.47,102,0.058212058212058215,585369.3400000003,0.017550319594298928,6532.860166320167,Wednesday,0,2
2019-02-21,3225995.91,2685076.1,107,45,0.822429906542056,114,509,19,56539.39,114,0.03732809430255403,540919.81,0.017526181550552553,6337.909449901768,Thursday,0,2
2019-02-22,2981029.98,2400898.37,95,41,0.7789473684210526,103,481,7,56465.22,103,0.014553014553014554,580131.6099999999,0.0189415136308022,6197.567525987526,Friday,0,2
2019-02-23,3243671.03,2744035.42,106,41,0.8962264150943396,115,512,33,68331.42,115,0.064453125,499635.60999999987,0.0210660758652828,6335.29498046875,Saturday,1,2
2019-02-24,4659488.7,3774721.6,152,70,0.7171052631578947,163,743,48,87211.36,163,0.06460296096904442,884767.1000000001,0.018716937761862153,6271.18263795424,Sunday,1,2
2019-02-25,6710330.49,5461991.46,191,77,0.7801047120418848,205,929,55,103614.98,205,0.059203444564047365,1248339.0300000003,0.015441114287055031,7223.175984930032,Monday,0,2
2019-02-26,5143906.53,4181682.12,165,65,0.793939393939394,177,799,42,85860.54,177,0.052565707133917394,962224.4100000001,0.01669169910052778,6437.93057571965,Tuesday,0,2
2019-02-27,4911504.39,3881267.76,155,57,0.7870967741935484,163,738,35,76223.67,163,0.04742547425474255,1030236.6299999999,0.015519414001786122,6655.155,Wednesday,0,2
2019-02-28,3391644.13,2722597.05,113,53,0.8230088495575221,118,539,39,66525.52,118,0.07235621521335807,669047.0800000001,0.01961453426424193,6292.475194805194,Thursday,0,2
2019-03-01,2228532.66,1861831.11,69,24,0.855072463768116,73,320,16,40739.87,73,0.05,366701.55000000005,0.018281028917027403,6964.1645625,Friday,0,3
2019-03-02,662215.74,563992.66,22,9,1.0,22,103,5,0.0,22,0.04854368932038835,98223.07999999996,0.0,6429.279029126214,Saturday,1,3
2019-03-03,925441.51,757846.4,29,9,0.896551724137931,29,136,8,0.0,29,0.058823529411764705,167595.11,0.0,6804.716985294118,Sunday,1,3
2019-03-04,1915592.53,1559541.64,49,20,0.8367346938775511,53,271,0,0.0,53,0.0,356050.89000000013,0.0,7068.607121771218,Monday,0,3
2019-03-05,2386338.6,1912200.04,62,23,0.8064516129032258,67,304,12,0.0,67,0.039473684210526314,474138.56000000006,0.0,7849.79802631579,Tuesday,0,3
2019-03-06,3341337.75,2745260.51,101,49,0.8415841584158416,106,519,16,0.0,106,0.030828516377649325,596077.2400000002,0.0,6438.030346820809,Wednesday,0,3
2019-03-07,2432557.33,1818192.91,81,40,0.7901234567901234,89,372,10,0.0,89,0.026881720430107527,614364.4200000002,0.0,6539.132607526882,Thursday,0,3
2019-03-08,2666858.91,2181539.6,75,40,0.7866666666666666,80,374,4,0.0,80,0.0106951871657754,485319.31000000006,0.0,7130.638796791444,Friday,0,3
2019-03-09,3019892.33,2454977.33,79,37,0.7468354430379747,82,389,12,0.0,82,0.030848329048843187,564915.0,0.0,7763.2193573264785,Saturday,1,3
2019-03-10,2681616.97,2134676.6,83,37,0.7951807228915663,87,386,22,0.0,87,0.05699481865284974,546940.3700000001,0.0,6947.194222797928,Sunday,1,3
2019-03-11,2420084.85,1983304.37,83,38,0.8674698795180723,85,368,7,0.0,85,0.019021739130434784,436780.48,0.0,6576.317527173914,Monday,0,3
2019-03-12,3925730.26,3314125.8,115,48,0.808695652173913,124,581,27,0.0,124,0.04647160068846816,611604.46,0.0,6756.850705679862,Tuesday,0,3
2019-03-13,5148543.25,4034220.49,162,68,0.7777777777777778,171,796,32,0.0,171,0.04020100502512563,1114322.7599999998,0.0,6468.019158291458,Wednesday,0,3
2019-03-14,4367141.68,3458729.41,127,60,0.84251968503937,135,617,25,0.0,135,0.04051863857374392,908412.2699999996,0.0,7078.025413290113,Thursday,0,3
2019-03-15,3296671.21,2596766.78,98,47,0.7653061224489796,100,444,24,0.0,100,0.05405405405405406,699904.4300000002,0.0,7424.935157657657,Friday,0,3
2019-03-16,2593942.24,2020686.01,85,39,0.8,89,392,17,0.0,89,0.04336734693877551,573256.2300000002,0.0,6617.199591836736,Saturday,1,3
2019-03-17,3647905.41,2976722.37,109,41,0.7247706422018348,116,512,11,0.0,116,0.021484375,671183.04,0.0,7124.81525390625,Sunday,1,3
2019-03-18,4462652.85,3659897.03,128,60,0.84375,141,682,72,143357.82,141,0.10557184750733138,802755.8199999998,0.032123901369563175,6543.479252199413,Monday,0,3
2019-03-19,4580736.76,3861332.4,136,73,0.7720588235294118,152,699,24,280082.11,152,0.034334763948497854,719404.3599999999,0.06114346330610799,6553.271473533619,Tuesday,0,3
2019-03-20,5766530.12,4960357.22,182,76,0.7747252747252747,191,876,40,419281.41,191,0.045662100456621,806172.9000000004,0.07270948061916999,6582.796940639269,Wednesday,0,3
2019-03-21,4408617.11,3962414.33,159,75,0.7861635220125787,164,713,34,389466.57,164,0.047685834502103785,446202.78000000026,0.08834211733121,6183.1937026647975,Thursday,0,3
2019-03-22,3610928.89,3304221.4,123,59,0.8048780487804879,131,520,40,433311.43,131,0.07692307692307693,306707.4900000002,0.1199999898087165,6944.09401923077,Friday,0,3
2019-03-23,3582976.25,3279702.06,126,50,0.7698412698412699,133,593,42,429957.12,133,0.07082630691399663,303274.18999999994,0.1199999916270726,6042.118465430017,Saturday,1,3
2019-03-24,4240123.5,3766823.0,148,62,0.831081081081081,156,683,22,508814.81,156,0.032210834553440704,473300.5,0.11999999764157812,6208.087115666179,Sunday,1,3
2019-03-25,4446564.37,4012232.01,162,68,0.8209876543209876,174,783,14,533587.75,174,0.017879948914431672,434332.36000000034,0.12000000575725388,5678.881698595147,Monday,0,3
2019-03-26,5345042.2,4766707.57,204,94,0.75,220,960,65,641405.01,220,0.06770833333333333,578334.6299999999,0.11999998989717986,5567.752291666667,Tuesday,0,3
2019-03-27,6535411.89,5978075.49,257,131,0.7821011673151751,278,1265,46,784249.35,278,0.03636363636363636,557336.3999999994,0.11999998824863661,5166.333509881422,Wednesday,0,3
2019-03-28,5315964.12,4667097.61,205,87,0.7853658536585366,220,992,37,637915.78,220,0.037298387096774195,648866.5099999998,0.12000001610244126,5358.834798387097,Thursday,0,3
2019-03-29,4309156.23,3848197.98,176,79,0.7784090909090909,193,913,62,517098.75,193,0.06790799561883899,460958.25000000047,0.12000000055695358,4719.776812705368,Friday,0,3
2019-03-30,9442671.99,8583254.53,334,130,0.8023952095808383,359,1582,104,1133120.58,359,0.06573957016434892,859417.4600000009,0.11999999377294901,5968.819209860936,Saturday,1,3
2019-03-31,7501232.88,6774268.33,260,109,0.8115384615384615,280,1311,52,900147.88,280,0.03966437833714721,726964.5499999998,0.11999999125477091,5721.764210526316,Sunday,1,3
2019-04-01,7842271.08,7122821.67,249,110,0.8393574297188755,275,1219,33,941072.46,275,0.027071369975389663,719449.4100000001,0.11999999112501987,6433.364298605415,Monday,0,4
2019-04-02,6799630.38,6231069.37,245,94,0.7714285714285715,261,1168,57,815955.59,261,0.0488013698630137,568561.0099999998,0.11999999182308495,5821.601352739726,Tuesday,0,4
2019-04-03,6787287.3,6224164.42,234,106,0.8034188034188035,252,1145,66,814474.49,252,0.05764192139737991,563122.8799999999,0.12000000206267974,5927.761834061135,Wednesday,0,4
2019-04-04,2048272.63,1722283.77,79,41,0.8227848101265823,83,356,6,245792.7,83,0.016853932584269662,325988.85999999987,0.11999999238382637,5753.574803370786,Thursday,0,4
2019-04-05,1919484.59,1795248.81,64,35,0.828125,70,314,5,230338.19,70,0.01592356687898089,124235.78000000003,0.12000002042214884,6113.008248407644,Friday,0,4
2019-04-06,2259659.48,2043470.72,81,34,0.8148148148148148,82,360,18,271159.14,82,0.05,216188.76,0.12000000106210694,6276.831888888889,Saturday,1,4
2019-04-07,2241076.34,2042622.76,91,42,0.8461538461538461,100,444,34,268929.13,100,0.07657657657657657,198453.57999999984,0.11999998625660384,5047.469234234234,Sunday,1,4
2019-04-08,3104721.28,2774939.49,119,57,0.7983193277310925,126,529,18,372566.59,126,0.034026465028355386,329781.7899999996,0.1200000117240798,5869.038336483932,Monday,0,4
2019-04-09,3989319.25,3630481.23,147,64,0.8299319727891157,158,706,23,478718.27,158,0.032577903682719546,358838.02,0.11999998997322664,5650.593838526912,Tuesday,0,4
2019-04-10,3426420.13,3160123.01,120,61,0.8083333333333333,133,606,23,411170.41,133,0.037953795379537955,266297.1200000001,0.11999999836564117,5654.1586303630365,Wednesday,0,4
2019-04-11,3579994.96,3276911.01,116,55,0.7931034482758621,120,592,10,429599.4,120,0.016891891891891893,303083.9500000002,0.12000000134078402,6047.288783783783,Thursday,0,4
2019-04-12,3059845.93,2753429.2,107,45,0.822429906542056,115,528,31,367181.48,115,0.058712121212121215,306416.73,0.11999998967268262,5795.162746212121,Friday,0,4
2019-04-13,3248777.0,3006192.84,118,49,0.7711864406779662,127,582,27,389853.29,127,0.04639175257731959,242584.16000000015,0.1200000153904069,5582.091065292097,Saturday,1,4
2019-04-14,4002434.76,3635296.53,137,59,0.7883211678832117,146,673,8,279598.08,146,0.01188707280832095,367138.23,0.06985699874343487,5947.154175334324,Sunday,1,4
2019-04-15,3468600.1,3009772.87,136,57,0.7794117647058824,147,645,26,229865.99,147,0.040310077519379844,458827.23,0.0662705366352264,5377.674573643411,Monday,0,4
2019-04-16,5005921.07,4277532.29,163,84,0.7852760736196319,175,767,36,270351.59,175,0.0469361147327249,728388.7800000003,0.054006362908954136,6526.624602346807,Tuesday,0,4
2019-04-17,4866105.58,3844447.57,153,61,0.7843137254901961,164,723,22,116244.16,164,0.030428769017980636,1021658.0100000002,0.02388854045374001,6730.436486860304,Wednesday,0,4
2019-04-18,3458407.78,2689432.07,102,47,0.803921568627451,107,478,7,0.0,107,0.014644351464435146,768975.71,0.0,7235.162719665272,Thursday,0,4
2019-04-19,3282803.64,2507866.68,109,68,0.8256880733944955,111,506,36,0.0,111,0.07114624505928854,774936.96,0.0,6487.7542292490125,Friday,0,4
2019-04-20,3583833.11,2817340.98,130,48,0.8076923076923077,135,572,18,0.0,135,0.03146853146853147,766492.1299999999,0.0,6265.4425,Saturday,1,4
2019-04-21,4280648.65,3400564.11,128,63,0.75,132,591,10,0.0,132,0.01692047377326565,880084.5400000005,0.0,7243.0603214890025,Sunday,1,4
2019-04-22,5111723.35,4071500.83,148,68,0.7837837837837838,159,732,17,0.0,159,0.023224043715846996,1040222.5199999996,0.0,6983.228620218579,Monday,0,4
2019-04-23,6076381.37,4899064.86,182,75,0.7472527472527473,187,863,23,0.0,187,0.026651216685979143,1177316.5099999998,0.0,7040.998111239861,Tuesday,0,4
2019-04-24,6020945.99,4856675.57,196,87,0.8010204081632653,207,896,38,0.0,207,0.04241071428571429,1164270.42,0.0,6719.805792410714,Wednesday,0,4
2019-04-25,4244369.27,3305396.09,131,55,0.7709923664122137,139,652,24,0.0,139,0.03680981595092025,938973.1799999997,0.0,6509.768819018404,Thursday,0,4
2019-04-26,3983588.88,3067018.69,126,62,0.8015873015873016,135,591,32,0.0,135,0.05414551607445008,916570.19,0.0,6740.4211167512685,Friday,0,4
2019-04-27,4765470.57,3742260.25,152,67,0.756578947368421,160,731,24,0.0,160,0.03283173734610123,1023210.3200000003,0.0,6519.111586867305,Saturday,1,4
2019-04-28,5579108.13,4391470.92,178,75,0.7808988764044944,194,894,42,0.0,194,0.04697986577181208,1187637.21,0.0,6240.613120805369,Sunday,1,4
2019-04-29,9634257.78,7639657.66,321,146,0.8255451713395638,339,1455,45,0.0,339,0.030927835051546393,1994600.1199999992,0.0,6621.483010309278,Monday,0,4
2019-04-30,8059929.99,6487250.52,263,113,0.7490494296577946,283,1303,35,0.0,283,0.02686108979278588,1572679.4700000007,0.0,6185.671519570223,Tuesday,0,4
2019-05-01,8442603.96,6897673.92,256,115,0.76171875,272,1281,40,0.0,272,0.0312256049960968,1544930.040000001,0.0,6590.635409836066,Wednesday,0,5
2019-05-02,7808399.68,6038961.99,226,106,0.7831858407079646,235,1144,34,0.0,235,0.02972027972027972,1769437.6899999995,0.0,6825.524195804195,Thursday,0,5
2019-05-03,4022286.5,3234443.01,140,58,0.7642857142857142,147,682,24,0.0,147,0.03519061583577713,787843.4900000002,0.0,5897.780791788857,Friday,0,5
2019-05-04,2045383.76,1603260.81,64,28,0.8125,67,321,4,0.0,67,0.012461059190031152,442122.94999999995,0.0,6371.912024922119,Saturday,1,5
2019-05-05,2460393.45,1889099.54,90,42,0.7888888888888889,95,419,24,0.0,95,0.057279236276849645,571293.9100000001,0.0,5872.060739856803,Sunday,1,5
2019-05-06,3089088.99,2546015.45,88,33,0.75,92,429,26,0.0,92,0.06060606060606061,543073.54,0.0,7200.673636363636,Monday,0,5
2019-05-07,3216799.62,2460959.9,103,49,0.8349514563106796,110,500,30,0.0,110,0.06,755839.7200000002,0.0,6433.5992400000005,Tuesday,0,5
2019-05-08,3179618.97,2549583.11,109,47,0.8715596330275229,117,501,2,0.0,117,0.003992015968063872,630035.8600000003,0.0,6346.544850299401,Wednesday,0,5
2019-05-09,3478743.01,2820877.92,117,47,0.7692307692307693,127,573,19,0.0,127,0.03315881326352531,657865.0899999999,0.0,6071.104729493892,Thursday,0,5
2019-05-10,3379956.2,2669556.82,98,45,0.7448979591836735,99,458,12,0.0,99,0.026200873362445413,710399.3800000004,0.0,7379.817030567686,Friday,0,5
2019-05-11,3223254.17,2537597.46,104,44,0.7403846153846154,109,485,21,0.0,109,0.04329896907216495,685656.71,0.0,6645.884886597938,Saturday,1,5
2019-05-12,3692378.28,2866716.95,121,63,0.7355371900826446,126,573,16,0.0,126,0.027923211169284468,825661.3299999996,0.0,6443.9411518324605,Sunday,1,5
2019-05-13,4792349.11,3788342.27,139,63,0.7410071942446043,144,649,9,0.0,144,0.01386748844375963,1004006.8400000003,0.0,7384.205100154084,Monday,0,5
2019-05-14,4862166.63,3833993.27,159,72,0.7861635220125787,168,728,30,0.0,168,0.04120879120879121,1028173.3599999999,0.0,6678.800315934066,Tuesday,0,5
2019-05-15,5013097.75,3959824.14,178,75,0.8258426966292135,191,879,17,0.0,191,0.019340159271899887,1053273.6099999999,0.0,5703.182878270763,Wednesday,0,5
2019-05-16,4763396.54,3739102.59,161,70,0.7950310559006211,173,786,25,0.0,173,0.031806615776081425,1024293.9500000002,0.0,6060.300941475827,Thursday,0,5
2019-05-17,4890006.38,3947766.75,139,62,0.841726618705036,154,713,18,0.0,154,0.025245441795231416,942239.6299999999,0.0,6858.35396914446,Friday,0,5
2019-05-18,4212074.41,3390993.32,131,60,0.8244274809160306,139,664,33,0.0,139,0.04969879518072289,821081.0900000003,0.0,6343.485557228916,Saturday,1,5
2019-05-19,3110577.15,2404869.12,105,50,0.8666666666666667,112,491,15,0.0,112,0.03054989816700611,705708.0299999998,0.0,6335.187678207739,Sunday,1,5
2019-05-20,4833855.83,3883813.76,143,64,0.8181818181818182,151,690,26,0.0,151,0.03768115942028986,950042.0700000003,0.0,7005.58815942029,Monday,0,5
2019-05-21,4376980.41,3545197.6,150,66,0.86,162,700,8,0.0,162,0.011428571428571429,831782.81,0.0,6252.829157142857,Tuesday,0,5
2019-05-22,5873623.7,4676076.56,200,85,0.845,217,1001,36,0.0,217,0.03596403596403597,1197547.1400000006,0.0,5867.755944055944,Wednesday,0,5
2019-05-23,5059289.39,4065945.82,166,78,0.7469879518072289,187,836,53,0.0,187,0.06339712918660287,993343.5699999998,0.0,6051.781566985645,Thursday,0,5
2019-05-24,4257574.66,3427856.53,136,63,0.8088235294117647,149,671,22,0.0,149,0.03278688524590164,829718.1300000004,0.0,6345.118718330849,Friday,0,5
2019-05-25,2703860.17,2041659.91,90,40,0.8888888888888888,92,368,12,0.0,92,0.03260869565217391,662200.26,0.0,7347.446114130435,Saturday,1,5
2019-05-26,3290638.14,2614660.18,106,39,0.8113207547169812,119,521,22,0.0,119,0.04222648752399232,675977.96,0.0,6316.004107485604,Sunday,1,5
2019-05-27,3692587.25,3103910.35,129,59,0.813953488372093,137,566,14,0.0,137,0.024734982332155476,588676.8999999999,0.0,6524.0057420494695,Monday,0,5
2019-05-28,4649913.83,3737938.55,167,77,0.8383233532934131,181,834,25,0.0,181,0.02997601918465228,911975.2800000003,0.0,5575.436247002398,Tuesday,0,5
2019-05-29,6694197.08,5100391.64,235,108,0.8212765957446808,254,1132,10,0.0,254,0.0088339222614841,1593805.4400000004,0.0,5913.601660777385,Wednesday,0,5
2019-05-30,10560540.55,8440357.87,340,159,0.8294117647058824,376,1709,62,0.0,376,0.03627852545348157,2120182.6800000016,0.0,6179.36837331773,Thursday,0,5
2019-05-31,8767512.49,6975728.64,299,128,0.7926421404682275,322,1417,49,0.0,322,0.03458009880028229,1791783.8500000006,0.0,6187.376492589979,Friday,0,5
2019-06-01,8443797.15,6772402.64,283,115,0.7915194346289752,305,1363,41,0.0,305,0.03008070432868672,1671394.5100000007,0.0,6195.008914159942,Saturday,1,6
2019-06-02,7455195.67,6102711.18,265,126,0.8075471698113208,284,1193,32,0.0,284,0.026823134953897737,1352484.4900000002,0.0,6249.116236378877,Sunday,1,6
2019-06-03,6200836.36,4928192.22,207,96,0.8115942028985508,215,987,48,0.0,215,0.0486322188449848,1272644.1400000006,0.0,6282.508976697062,Monday,0,6
2019-06-04,3657388.71,2889750.29,123,58,0.8211382113821138,133,613,41,0.0,133,0.06688417618270799,767638.4199999999,0.0,5966.376362153344,Tuesday,0,6
2019-06-05,3116184.22,2354873.53,98,40,0.7959183673469388,106,473,10,0.0,106,0.021141649048625793,761310.6900000004,0.0,6588.127315010572,Wednesday,0,6
2019-06-06,3413543.4,2707745.48,96,47,0.7916666666666666,105,466,6,0.0,105,0.012875536480686695,705797.9199999999,0.0,7325.200429184549,Thursday,0,6
2019-06-07,2810118.57,2267280.87,99,40,0.8080808080808081,107,478,20,0.0,107,0.04184100418410042,542837.6999999997,0.0,5878.909142259414,Friday,0,6
2019-06-08,3253725.42,2576270.0,122,53,0.8114754098360656,129,533,20,0.0,129,0.0375234521575985,677455.4199999999,0.0,6104.550506566604,Saturday,1,6
2019-06-09,4254903.93,3456557.9,130,57,0.8384615384615385,140,672,21,0.0,140,0.03125,798346.0299999998,0.0,6331.702276785714,Sunday,1,6
2019-06-10,4783133.64,3750235.77,145,69,0.8482758620689655,154,724,25,0.0,154,0.034530386740331494,1032897.8699999996,0.0,6606.53817679558,Monday,0,6
2019-06-11,4164146.71,3288307.35,147,73,0.782312925170068,158,726,35,0.0,158,0.048209366391184574,875839.3599999999,0.0,5735.739269972451,Tuesday,0,6
2019-06-12,4780123.09,3862755.17,155,85,0.7548387096774194,166,753,11,0.0,166,0.014608233731739707,917367.9199999999,0.0,6348.105033200531,Wednesday,0,6
2019-06-13,3141446.63,2434324.12,104,56,0.7788461538461539,113,527,12,0.0,113,0.022770398481973434,707122.5099999998,0.0,5960.999297912714,Thursday,0,6
2019-06-14,3321275.31,2699480.09,113,58,0.8053097345132744,116,513,38,0.0,116,0.07407407407407407,621795.2200000002,0.0,6474.220877192983,Friday,0,6
2019-06-15,4401658.94,3526274.43,135,66,0.762962962962963,141,677,32,0.0,141,0.047267355982274745,875384.5100000002,0.0,6501.711875923191,Saturday,1,6
2019-06-16,3952891.26,3206561.32,134,56,0.7835820895522388,152,653,17,0.0,152,0.026033690658499236,746329.94,0.0,6053.432251148545,Sunday,1,6
2019-06-17,4164327.54,3246799.45,147,69,0.8163265306122449,156,709,10,0.0,156,0.014104372355430184,917528.0899999999,0.0,5873.522623413258,Monday,0,6
2019-06-18,5036738.58,4114695.79,180,89,0.8222222222222222,193,884,28,0.0,193,0.03167420814479638,922042.79,0.0,5697.668076923077,Tuesday,0,6
2019-06-19,5640058.49,4485935.07,176,80,0.7897727272727273,189,860,31,0.0,189,0.03604651162790698,1154123.42,0.0,6558.207546511629,Wednesday,0,6
2019-06-20,4189605.48,3314789.57,138,66,0.8260869565217391,153,730,29,0.0,153,0.03972602739726028,874815.9100000001,0.0,5739.185589041096,Thursday,0,6
2019-06-21,3812450.83,3058079.55,128,55,0.7109375,134,569,1,0.0,134,0.0017574692442882249,754371.2800000003,0.0,6700.265079086116,Friday,0,6
2019-06-22,4550924.39,3531072.86,142,75,0.7887323943661971,151,683,12,0.0,151,0.017569546120058566,1019851.5299999998,0.0,6663.139663250366,Saturday,1,6
2019-06-23,3568419.01,3068943.59,129,47,0.7751937984496124,138,629,0,178522.53,138,0.0,499475.4199999999,0.05002846624785804,5673.162178060413,Sunday,1,6
2019-06-24,3996277.5,3433419.57,146,62,0.7945205479452054,159,727,19,316584.25,159,0.026134800550206328,562857.9300000002,0.07921978641373127,5496.942916093535,Monday,0,6
2019-06-25,5688790.13,5142260.13,220,111,0.7681818181818182,234,1064,48,622721.44,234,0.045112781954887216,546530.0,0.10946465342710752,5346.607265037594,Tuesday,0,6
2019-06-26,5662278.62,5280030.26,215,96,0.8046511627906977,233,1071,60,777784.29,233,0.056022408963585436,382248.36000000034,0.13736241930108342,5286.908141923436,Wednesday,0,6
2019-06-27,3630711.11,3603596.44,154,61,0.8376623376623377,169,774,37,653527.98,169,0.04780361757105943,27114.669999999925,0.17999999454652288,4690.84122739018,Thursday,0,6
2019-06-28,4670111.28,4617792.03,181,79,0.8176795580110497,199,970,32,840619.97,199,0.032989690721649485,52319.25,0.17999998706668932,4814.547711340207,Friday,0,6
2019-06-29,7024746.69,6925205.4,267,120,0.8089887640449438,288,1331,52,1264454.48,288,0.03906836964688205,99541.29000000004,0.18000001079042466,5277.796160781368,Saturday,1,6
2019-06-30,4945041.75,4627222.46,197,94,0.7817258883248731,207,896,17,890107.56,207,0.018973214285714284,317819.29000000004,0.18000000910002428,5519.019810267857,Sunday,1,6
2019-07-01,4925285.45,4871863.28,193,89,0.8341968911917098,207,956,20,886551.41,207,0.02092050209205021,53422.169999999925,0.18000000588798362,5151.972228033473,Monday,0,7
2019-07-02,4873332.05,4786134.47,202,101,0.8118811881188119,214,951,28,877199.77,214,0.029442691903259727,87197.58000000007,0.18000000020519843,5124.429074658255,Tuesday,0,7
2019-07-03,4886424.07,4756249.61,192,96,0.8333333333333334,206,957,39,879556.27,206,0.04075235109717868,130174.45999999996,0.17999998718899565,5105.981264367816,Wednesday,0,7
2019-07-04,1489388.03,1415805.18,60,26,0.7666666666666667,65,296,9,268089.83,65,0.030405405405405407,73582.8500000001,0.1799999896601828,5031.716317567568,Thursday,0,7
2019-07-05,1841931.9,1789551.81,62,22,0.7419354838709677,64,286,8,331547.74,64,0.027972027972027972,52380.08999999985,0.17999999891418353,6440.321328671328,Friday,0,7
2019-07-06,1673667.75,1672504.8,63,29,0.8412698412698413,69,324,0,301260.18,69,0.0,1162.9499999999534,0.1799999910376477,5165.6412037037035,Saturday,1,7
2019-07-07,2108446.49,2118852.35,81,37,0.7777777777777778,86,385,3,379520.39,86,0.007792207792207792,-10405.85999999987,0.18000001033936602,5476.48438961039,Sunday,1,7
2019-07-08,2671803.54,2584413.1,112,53,0.7857142857142857,122,517,8,480924.68,122,0.015473887814313346,87390.43999999994,0.1800000160191419,5167.898529980657,Monday,0,7
2019-07-09,2568480.24,2386535.86,117,47,0.8290598290598291,124,526,23,462326.42,124,0.043726235741444866,181944.38000000035,0.17999999096742125,4883.042281368822,Tuesday,0,7
2019-07-10,2970737.48,2920183.57,129,53,0.8527131782945736,136,597,32,534732.76,136,0.05360134003350084,50553.91000000015,0.18000000457798782,4976.109681742044,Wednesday,0,7
2019-07-11,3613434.66,3602172.41,121,55,0.7355371900826446,134,605,32,650418.21,134,0.05289256198347107,11262.25,0.1799999920297438,5972.619272727273,Thursday,0,7
2019-07-12,2385921.03,2226726.44,92,48,0.7282608695652174,98,443,18,429465.83,98,0.040632054176072234,159194.58999999985,0.18000001869299087,5385.82625282167,Friday,0,7
2019-07-13,2098969.4,1932133.96,96,44,0.8020833333333334,101,462,6,377814.51,101,0.012987012987012988,166835.43999999994,0.1800000085756372,4543.223809523809,Saturday,1,7
2019-07-14,2644124.5,2456787.05,104,46,0.8173076923076923,106,483,3,475942.47,106,0.006211180124223602,187337.4500000002,0.18000002269182105,5474.3778467908905,Sunday,1,7
2019-07-15,2978181.99,2929468.55,121,50,0.7933884297520661,126,565,17,536072.73,126,0.03008849557522124,48713.44000000041,0.17999999053113605,5271.1185663716815,Monday,0,7
2019-07-16,3187013.74,3153087.05,126,58,0.8809523809523809,130,626,20,573662.48,130,0.03194888178913738,33926.69000000041,0.1800000021336588,5091.076261980831,Tuesday,0,7
2019-07-17,3959202.82,3896487.16,162,81,0.7962962962962963,171,813,48,712656.45,171,0.05904059040590406,62715.65999999968,0.17999998545161675,4869.868167281673,Wednesday,0,7
2019-07-18,3615222.41,3550288.82,138,52,0.7681159420289855,147,640,16,650740.03,147,0.025,64933.59000000032,0.17999999894888902,5648.785015625001,Thursday,0,7
2019-07-19,2386618.42,2254762.11,101,53,0.8217821782178217,105,468,19,408489.96,105,0.0405982905982906,131856.31000000006,0.17115847115602167,5099.612008547008,Friday,0,7
2019-07-20,3483966.92,3119293.47,118,52,0.7711864406779662,122,571,21,375162.66,122,0.03677758318739054,364673.4499999997,0.10768261255477132,6101.518248686515,Saturday,1,7
2019-07-21,2833440.98,2457034.76,93,42,0.7849462365591398,99,452,13,171118.31,99,0.028761061946902654,376406.2200000002,0.060392403162037984,6268.674734513274,Sunday,1,7
2019-07-22,3439033.06,2731287.61,114,61,0.7894736842105263,119,548,19,44915.46,119,0.03467153284671533,707745.4500000002,0.01306049090438229,6275.607773722628,Monday,0,7
2019-07-23,3417186.56,2643724.49,124,58,0.7983870967741935,134,596,9,0.0,134,0.015100671140939598,773462.0699999998,0.0,5733.534496644295,Tuesday,0,7
2019-07-24,4684554.37,3722991.01,148,69,0.8108108108108109,158,727,7,0.0,158,0.009628610729023384,961563.3600000003,0.0,6443.67863823934,Wednesday,0,7
2019-07-25,4181297.47,3389253.8,137,49,0.8029197080291971,144,639,24,0.0,144,0.03755868544600939,792043.6700000004,0.0,6543.5015179968705,Thursday,0,7
2019-07-26,2974387.4,2282672.9,113,54,0.8141592920353983,122,552,14,0.0,122,0.025362318840579712,691714.5,0.0,5388.382971014493,Friday,0,7
2019-07-27,2400455.83,1937294.99,92,44,0.782608695652174,99,452,12,0.0,99,0.02654867256637168,463160.8400000001,0.0,5310.742986725664,Saturday,1,7
2019-07-28,3130479.33,2444819.96,105,45,0.7428571428571429,113,511,20,0.0,113,0.03913894324853229,685659.3700000001,0.0,6126.1826418786695,Sunday,1,7
2019-07-29,3105749.62,2493332.47,104,44,0.8461538461538461,111,503,41,0.0,111,0.08151093439363817,612417.1499999999,0.0,6174.452524850894,Monday,0,7
2019-07-30,3330499.22,3199104.79,138,54,0.8768115942028986,145,650,3,8300.0,145,0.004615384615384616,131394.43000000017,0.002492118884207395,5123.844953846155,Tuesday,0,7
2019-07-31,5525632.29,6089074.09,226,97,0.831858407079646,238,1095,32,23050.0,238,0.029223744292237442,-563441.7999999998,0.0041714683117287195,5046.239534246575,Wednesday,0,7
2019-08-01,4455488.15,5321254.35,212,88,0.8066037735849056,225,1005,36,25000.0,225,0.03582089552238806,-865766.1999999993,0.005611057455062471,4433.321542288558,Thursday,0,8
2019-08-02,3938923.04,4562144.93,189,92,0.798941798941799,202,927,62,22300.0,202,0.0668824163969795,-623221.8899999997,0.005661445977375583,4249.107918015103,Friday,0,8
2019-08-03,2470651.33,3392027.67,142,77,0.7605633802816901,150,679,28,20550.0,150,0.041237113402061855,-921376.3399999999,0.008317644724073632,3638.6617525773195,Saturday,1,8
2019-08-04,2494912.22,3600849.09,124,49,0.782258064516129,132,642,31,20700.0,132,0.048286604361370715,-1105936.8699999996,0.008296885090410114,3886.1561059190035,Sunday,1,8
2019-08-05,1043419.2,1459268.06,63,36,0.7301587301587301,66,273,2,8550.0,66,0.007326007326007326,-415848.8600000001,0.008194213792500656,3822.0483516483514,Monday,0,8
2019-08-06,1858125.18,2640605.83,90,40,0.8,94,448,16,15400.0,94,0.03571428571428571,-782480.6500000001,0.00828792385236392,4147.600848214285,Tuesday,0,8
2019-08-07,2612652.22,3641188.5,125,50,0.808,130,622,4,23200.0,130,0.006430868167202572,-1028536.2799999998,0.008879865380628425,4200.405498392283,Wednesday,0,8
2019-08-08,2075506.82,2794288.53,110,52,0.8,120,538,25,16800.0,120,0.046468401486988845,-718781.7099999997,0.008094408478021767,3857.81936802974,Thursday,0,8
2019-08-09,1373112.09,1937571.87,81,35,0.7654320987654321,84,361,22,12100.0,84,0.060941828254847646,-564459.78,0.008812099236559777,3803.6345983379506,Friday,0,8
2019-08-10,1564845.37,2196994.14,84,37,0.8690476190476191,90,405,8,14050.0,90,0.019753086419753086,-632148.77,0.008978522906707389,3863.815728395062,Saturday,1,8
2019-08-11,2346475.31,3292514.02,114,57,0.7982456140350878,118,572,11,19900.0,118,0.019230769230769232,-946038.71,0.008480805195431611,4102.229562937063,Sunday,1,8
2019-08-12,1668045.94,2290560.15,92,42,0.782608695652174,100,446,12,14400.0,100,0.026905829596412557,-622514.21,0.008632855759356364,3740.01331838565,Monday,0,8
2019-08-13,1490813.69,2171947.13,94,43,0.7659574468085106,97,375,6,12350.0,97,0.016,-681133.44,0.008284066669658769,3975.503173333333,Tuesday,0,8
2019-08-14,3101196.53,4169515.66,167,80,0.8323353293413174,176,833,10,27050.0,176,0.012004801920768308,-1068319.1300000004,0.008722439786813512,3722.9250060024006,Wednesday,0,8
2019-08-15,2478038.89,3512738.3,136,59,0.7794117647058824,142,629,20,22050.0,142,0.03179650238473768,-1034699.4099999997,0.008898165435975058,3939.6484737678857,Thursday,0,8
2019-08-16,1829640.99,2493094.05,112,58,0.7857142857142857,118,511,17,15900.0,118,0.033268101761252444,-663453.0599999998,0.008690229442225165,3580.5107436399217,Friday,0,8
2019-08-17,2003878.36,2733913.19,107,54,0.8411214953271028,111,510,16,15950.0,111,0.03137254901960784,-730034.8299999998,0.007959564970799924,3929.173254901961,Saturday,1,8
2019-08-18,1947390.84,2839386.72,112,47,0.8035714285714286,118,545,8,19500.0,118,0.014678899082568808,-891995.8800000001,0.010013398234942914,3573.1942018348627,Sunday,1,8
2019-08-19,2333967.14,3290384.64,124,58,0.7983870967741935,129,610,3,21100.0,129,0.004918032786885246,-956417.5,0.009040401485686725,3826.1756393442624,Monday,0,8
2019-08-20,2278154.51,3059344.57,121,58,0.7851239669421488,131,619,11,18350.0,131,0.017770597738287562,-781190.06,0.008054765346008073,3680.378852988691,Tuesday,0,8
2019-08-21,2902500.19,3975109.52,160,79,0.8,172,755,19,23100.0,172,0.025165562913907286,-1072609.33,0.0079586558097693,3844.3711125827813,Wednesday,0,8
2019-08-22,3279690.88,4303594.26,162,76,0.8209876543209876,175,843,18,25300.0,175,0.021352313167259787,-1023903.3799999999,0.00771414164495893,3890.499264531435,Thursday,0,8
2019-08-23,1923531.37,2481146.96,93,45,0.8172043010752689,101,466,3,12800.0,101,0.006437768240343348,-557615.5899999999,0.006654427476272456,4127.7497210300435,Friday,0,8
2019-08-24,1741999.11,2380723.06,110,44,0.8090909090909091,114,456,7,14450.0,114,0.015350877192982455,-638723.95,0.008295067383817434,3820.1734868421054,Saturday,1,8
2019-08-25,2343821.96,2973037.78,125,50,0.776,134,654,17,19500.0,134,0.02599388379204893,-629215.8199999998,0.008319744559437441,3583.825626911315,Sunday,1,8
2019-08-26,1566162.85,2092259.75,88,42,0.7954545454545454,94,419,17,14700.0,94,0.0405727923627685,-526096.8999999999,0.009385997120286692,3737.858830548926,Monday,0,8
2019-08-27,2452198.24,3395896.49,142,54,0.795774647887324,150,637,25,22200.0,150,0.03924646781789639,-943698.25,0.00905310167745655,3849.604772370487,Tuesday,0,8
2019-08-28,5201709.9,7205663.14,294,127,0.7653061224489796,312,1388,39,46750.0,312,0.028097982708933718,-2003953.2399999993,0.008987429306659335,3747.629610951009,Wednesday,0,8
2019-08-29,4504012.62,6055206.11,280,108,0.7964285714285714,296,1238,48,37350.0,296,0.03877221324717286,-1551193.4900000002,0.008292605538924977,3638.1362035541197,Thursday,0,8
2019-08-30,5157053.02,6765323.43,281,131,0.797153024911032,305,1362,51,58877.74,305,0.037444933920704845,-1608270.4100000001,0.011416935170466795,3786.382540381791,Friday,0,8
2019-08-31,5057671.9,6368386.98,257,127,0.8015564202334631,275,1240,39,142925.02,275,0.031451612903225803,-1310715.08,0.028259053340332334,4078.767661290323,Saturday,1,8
2019-09-01,4505538.06,5575548.49,227,96,0.7444933920704846,234,1044,56,120754.37,234,0.05363984674329502,-1070010.4300000006,0.026801320595214326,4315.64948275862,Sunday,1,9
2019-09-02,1524133.27,1524323.94,65,26,0.8461538461538461,71,328,16,105738.12,71,0.04878048780487805,-190.6699999999255,0.06937590175431312,4646.747774390244,Monday,0,9
2019-09-03,1594821.11,1372800.55,61,26,0.819672131147541,63,284,13,159482.08,63,0.045774647887323945,222020.56000000006,0.09999998056208322,5615.567288732394,Tuesday,0,9
2019-09-04,870213.71,795474.98,30,11,0.7333333333333333,31,137,0,87021.38,31,0.0,74738.72999999998,0.10000001034228707,6351.924890510949,Wednesday,0,9
2019-09-05,1849227.68,1737296.3,61,24,0.8032786885245902,64,303,14,184922.83,64,0.0462046204620462,111931.37999999989,0.10000003352751025,6103.0616501650165,Thursday,0,9
2019-09-06,2055566.63,1816545.14,64,30,0.703125,70,329,1,205556.63,70,0.00303951367781155,239021.49,0.09999998394603245,6247.922887537994,Friday,0,9
2019-09-07,2056135.02,1821442.12,74,36,0.7432432432432432,85,390,1,205613.53,85,0.002564102564102564,234692.8999999999,0.10000001361778274,5272.141076923077,Saturday,1,9
2019-09-08,2799308.76,2590587.34,91,45,0.8131868131868132,95,462,11,279930.9,95,0.023809523809523808,208721.41999999993,0.10000000857354516,6059.10987012987,Sunday,1,9
2019-09-09,3586421.12,3025750.34,115,54,0.7652173913043478,120,547,30,358642.09,120,0.054844606946983544,560670.7800000003,0.09999999386575105,6556.528555758684,Monday,0,9
2019-09-10,2327550.31,2102928.06,86,37,0.7674418604651163,91,398,15,232755.05,91,0.03768844221105527,224622.25,0.10000000816308885,5848.116356783919,Tuesday,0,9
2019-09-11,2579418.47,2224939.94,92,42,0.75,100,468,10,257941.86000000002,100,0.021367521367521368,354478.53000000026,0.10000000503989567,5511.577927350428,Wednesday,0,9
2019-09-12,2239528.24,2055638.17,91,43,0.8021978021978022,102,460,7,223952.87,102,0.015217391304347827,183890.0700000003,0.10000002054004015,4868.539652173914,Thursday,0,9
2019-09-13,2602979.12,2360984.02,85,33,0.788235294117647,91,407,10,260297.98,91,0.02457002457002457,241995.1000000001,0.10000002612391297,6395.526093366094,Friday,0,9
2019-09-14,2471379.44,2104170.27,86,41,0.8372093023255814,90,427,33,247137.98,90,0.07728337236533958,367209.1699999999,0.10000001456676358,5787.773864168618,Saturday,1,9
2019-09-15,2704686.82,2355376.75,104,51,0.8461538461538461,111,491,24,270468.62,111,0.048879837067209775,349310.06999999983,0.09999997707682844,5508.527128309572,Sunday,1,9
2019-09-16,3377677.52,3056070.46,104,48,0.7980769230769231,112,509,14,337767.71,112,0.0275049115913556,321607.06000000006,0.0999999875654204,6635.908683693517,Monday,0,9
2019-09-17,2208634.91,1901278.99,82,32,0.7682926829268293,88,412,10,220863.53,88,0.024271844660194174,307355.92000000016,0.10000001765796593,5360.764344660194,Tuesday,0,9
2019-09-18,2218355.01,1872520.36,67,35,0.8208955223880597,72,342,7,221835.52,72,0.02046783625730994,345834.6499999997,0.10000000856490504,6486.418157894736,Wednesday,0,9
2019-09-19,2750834.47,2383301.79,97,34,0.7938144329896907,103,474,25,275083.5,103,0.052742616033755275,367532.68000000017,0.10000001926688085,5803.448248945148,Thursday,0,9
2019-09-20,1849923.37,1616131.82,84,41,0.7857142857142857,94,386,18,184992.34,94,0.046632124352331605,233791.55000000005,0.10000000162168879,4792.5475906735755,Friday,0,9
2019-09-21,3723308.64,3312576.87,112,56,0.8214285714285714,120,574,37,372330.83,120,0.06445993031358885,410731.77,0.09999999086833693,6486.600418118467,Saturday,1,9
2019-09-22,3164897.45,2715456.74,123,50,0.7560975609756098,134,577,22,316489.76,134,0.038128249566724434,449440.70999999996,0.10000000473949006,5485.0909012131715,Sunday,1,9
2019-09-23,3099449.09,2787237.94,116,52,0.7758620689655172,123,582,27,309944.92,123,0.04639175257731959,312211.1499999999,0.10000000354901781,5325.5139003436425,Monday,0,9
2019-09-24,2947408.34,2515101.0,96,37,0.8020833333333334,107,459,12,294740.87,107,0.026143790849673203,432307.33999999985,0.10000001221412029,6421.368932461874,Tuesday,0,9
2019-09-25,2898334.29,2483117.25,95,43,0.8105263157894737,103,469,12,289833.47000000003,103,0.0255863539445629,415217.04000000004,0.10000001414605629,6179.817249466951,Wednesday,0,9
2019-09-26,2908501.91,2610054.46,113,60,0.7610619469026548,127,546,10,290850.26,127,0.018315018315018316,298447.4500000002,0.10000002372355327,5326.926575091576,Thursday,0,9
2019-09-27,3950186.78,3564014.93,146,69,0.7191780821917808,156,695,24,395018.64,156,0.034532374100719423,386171.8499999996,0.09999999038020173,5683.721985611511,Friday,0,9
2019-09-28,3814692.18,3453282.93,146,68,0.7876712328767124,162,708,21,381469.24,162,0.029661016949152543,361409.25,0.10000000576717569,5387.983305084746,Saturday,1,9
2019-09-29,4292493.62,3763429.08,172,73,0.7965116279069767,180,761,25,368097.91,180,0.0328515111695138,529064.54,0.08575386304243358,5640.596084099869,Sunday,1,9
2019-09-30,4319120.35,3566624.12,141,76,0.7943262411347518,149,649,18,290634.58,149,0.02773497688751926,752496.2299999995,0.06729022496444213,6655.039060092449,Monday,0,9
2019-10-01,3461580.0,2846842.32,109,49,0.7706422018348624,120,565,31,233684.69,120,0.05486725663716814,614737.6800000002,0.06750810034724028,6126.690265486725,Tuesday,0,10
2019-10-02,1385364.76,1073130.28,42,20,0.9285714285714286,46,197,10,0.0,46,0.050761421319796954,312234.48,0.0,7032.308426395939,Wednesday,0,10
2019-10-03,1326788.68,1033086.86,44,20,0.8863636363636364,49,198,3,0.0,49,0.015151515151515152,293701.81999999995,0.0,6700.952929292929,Thursday,0,10
2019-10-04,1866207.62,1478185.6,67,31,0.8656716417910447,70,325,0,0.0,70,0.0,388022.02,0.0,5742.177292307692,Friday,0,10
2019-10-05,1911023.55,1500730.35,59,29,0.8135593220338984,61,304,6,0.0,61,0.019736842105263157,410293.19999999995,0.0,6286.261677631579,Saturday,1,10
2019-10-06,2387439.44,1819262.68,74,31,0.8108108108108109,79,367,21,0.0,79,0.05722070844686648,568176.76,0.0,6505.2845776566755,Sunday,1,10
2019-10-07,1999285.69,1511800.84,76,36,0.8026315789473685,82,318,9,0.0,82,0.02830188679245283,487484.84999999986,0.0,6287.061918238994,Monday,0,10
2019-10-08,1470915.7,1203719.05,52,23,0.8461538461538461,53,225,0,0.0,53,0.0,267196.6499999999,0.0,6537.403111111111,Tuesday,0,10
2019-10-09,1397689.65,1162543.67,42,19,0.7619047619047619,44,198,11,0.0,44,0.05555555555555555,235145.97999999998,0.0,7059.038636363636,Wednesday,0,10
2019-10-10,1458507.56,1177103.47,48,19,0.7916666666666666,50,230,16,0.0,50,0.06956521739130435,281404.0900000001,0.0,6341.337217391305,Thursday,0,10
2019-10-11,2040409.76,1602691.87,64,27,0.859375,71,329,11,0.0,71,0.03343465045592705,437717.8899999999,0.0,6201.853373860183,Friday,0,10
2019-10-12,1557560.26,1243446.67,48,21,0.8541666666666666,53,245,19,0.0,53,0.07755102040816327,314113.5900000001,0.0,6357.388816326531,Saturday,1,10
2019-10-13,2002257.12,1582043.04,61,29,0.7377049180327869,69,307,6,0.0,69,0.019543973941368076,420214.0800000001,0.0,6522.01016286645,Sunday,1,10
2019-10-14,1775994.7,1462978.37,69,32,0.6956521739130435,75,348,14,0.0,75,0.040229885057471264,313016.32999999984,0.0,5103.433045977012,Monday,0,10
2019-10-15,2018887.59,1548517.17,70,35,0.8,75,294,12,0.0,75,0.04081632653061224,470370.42000000016,0.0,6866.964591836735,Tuesday,0,10
2019-10-16,1464108.41,1141541.16,52,21,0.8653846153846154,56,266,29,0.0,56,0.10902255639097744,322567.25,0.0,5504.166954887218,Wednesday,0,10
2019-10-17,1372058.65,1046890.17,42,20,0.8095238095238095,42,181,9,0.0,42,0.049723756906077346,325168.47999999986,0.0,7580.434530386739,Thursday,0,10
2019-10-18,1653633.26,1278811.6,49,21,0.6326530612244898,59,285,19,0.0,59,0.06666666666666667,374821.6599999999,0.0,5802.221964912281,Friday,0,10
2019-10-19,2811323.63,2269521.38,80,30,0.775,89,436,7,0.0,89,0.016055045871559634,541802.25,0.0,6447.98997706422,Saturday,1,10
2019-10-20,2844841.01,2392660.05,93,43,0.7096774193548387,101,473,23,0.0,101,0.048625792811839326,452180.95999999996,0.0,6014.463023255814,Sunday,1,10
2019-10-21,2711153.32,2148763.37,86,37,0.813953488372093,92,431,17,0.0,92,0.03944315545243619,562389.9499999997,0.0,6290.378932714617,Monday,0,10
2019-10-22,2214683.33,1838977.01,81,31,0.8024691358024691,86,366,18,0.0,86,0.04918032786885246,375706.32000000007,0.0,6051.047349726776,Tuesday,0,10
2019-10-23,1759141.45,1358481.77,66,35,0.7424242424242424,69,302,39,0.0,69,0.1291390728476821,400659.67999999993,0.0,5824.971688741722,Wednesday,0,10
2019-10-24,2022900.04,1666320.71,65,27,0.8307692307692308,67,302,9,0.0,67,0.029801324503311258,356579.3300000001,0.0,6698.344503311258,Thursday,0,10
2019-10-25,3187144.16,2421364.94,88,39,0.8068181818181818,93,440,7,0.0,93,0.015909090909090907,765779.2200000002,0.0,7243.509454545455,Friday,0,10
2019-10-26,2566324.34,2091249.47,81,43,0.7901234567901234,87,401,28,0.0,87,0.06982543640897755,475074.8699999999,0.0,6399.81132169576,Saturday,1,10
2019-10-27,2753908.73,2215124.51,81,43,0.8888888888888888,90,401,19,0.0,90,0.04738154613466334,538784.2200000002,0.0,6867.602817955112,Sunday,1,10
2019-10-28,4549329.18,3685783.91,164,67,0.823170731707317,185,752,30,0.0,185,0.0398936170212766,863545.2699999996,0.0,6049.639867021277,Monday,0,10
2019-10-29,4173624.95,3482498.58,134,49,0.7686567164179104,143,647,20,0.0,143,0.030911901081916538,691126.3700000001,0.0,6450.734080370943,Tuesday,0,10
2019-10-30,4011152.34,3303293.41,134,71,0.8432835820895522,143,661,25,0.0,143,0.037821482602118005,707858.9299999997,0.0,6068.309137670197,Wednesday,0,10
2019-10-31,3902622.14,3200919.46,124,51,0.8790322580645161,131,599,26,0.0,131,0.04340567612687813,701702.6800000002,0.0,6515.228948247079,Thursday,0,10
2019-11-01,2457372.77,1859550.39,95,45,0.8105263157894737,103,456,14,0.0,103,0.03070175438596491,597822.3800000001,0.0,5388.975372807017,Friday,0,11
2019-11-02,1251673.78,1011108.33,43,26,0.7441860465116279,47,221,9,0.0,47,0.04072398190045249,240565.45000000007,0.0,5663.682262443439,Saturday,1,11
2019-11-03,1429798.26,1038587.83,35,15,0.8571428571428571,37,191,0,0.0,37,0.0,391210.43000000005,0.0,7485.8547643979055,Sunday,1,11
2019-11-04,1262571.36,995581.04,48,19,0.8958333333333334,51,223,9,0.0,51,0.04035874439461883,266990.32000000007,0.0,5661.7549775784755,Monday,0,11
2019-11-05,1612667.27,1321321.71,44,17,0.8409090909090909,44,191,15,0.0,44,0.07853403141361257,291345.56000000006,0.0,8443.284136125654,Tuesday,0,11
2019-11-06,1293265.9,977612.75,39,19,0.6923076923076923,40,187,0,0.0,40,0.0,315653.1499999999,0.0,6915.860427807486,Wednesday,0,11
2019-11-07,1946539.7,1520179.67,51,22,0.8235294117647058,57,297,8,0.0,57,0.026936026936026935,426360.03,0.0,6554.005723905724,Thursday,0,11
2019-11-08,1109713.24,903061.67,41,22,0.8292682926829268,44,196,9,0.0,44,0.04591836734693878,206651.56999999995,0.0,5661.802244897959,Friday,0,11
2019-11-09,2311380.72,1875909.56,77,33,0.7532467532467533,87,401,30,0.0,87,0.07481296758104738,435471.16000000015,0.0,5764.041695760599,Saturday,1,11
2019-11-10,3011648.48,2352435.67,99,47,0.8080808080808081,105,465,34,0.0,105,0.07311827956989247,659212.81,0.0,6476.663397849462,Sunday,1,11
2019-11-11,2092297.23,1711092.76,69,25,0.7971014492753623,75,332,6,0.0,75,0.018072289156626505,381204.47,0.0,6302.100090361446,Monday,0,11
2019-11-12,2105090.82,1720904.41,60,25,0.8166666666666667,65,299,28,0.0,65,0.09364548494983277,384186.4099999999,0.0,7040.437525083611,Tuesday,0,11
2019-11-13,2427345.64,1997625.77,75,34,0.76,86,388,26,0.0,86,0.06701030927835051,429719.8700000001,0.0,6256.045463917526,Wednesday,0,11
2019-11-14,2269908.4,1766713.41,74,28,0.7432432432432432,83,346,35,0.0,83,0.10115606936416185,503194.99,0.0,6560.428901734103,Thursday,0,11
2019-11-15,2141001.63,1662947.41,69,25,0.8260869565217391,74,338,19,0.0,74,0.05621301775147929,478054.22,0.0,6334.324349112426,Friday,0,11
2019-11-16,1941582.58,1536690.27,61,27,0.819672131147541,66,284,13,0.0,66,0.045774647887323945,404892.31000000006,0.0,6836.55838028169,Saturday,1,11
2019-11-17,2590750.35,2104287.3,83,37,0.7710843373493976,89,419,8,0.0,89,0.01909307875894988,486463.0500000003,0.0,6183.175059665871,Sunday,1,11
2019-11-18,2099691.1,1835944.86,81,34,0.7777777777777778,87,358,32,69792.43,87,0.0893854748603352,263746.24,0.0332393798306808,5865.058938547486,Monday,0,11
2019-11-19,1303736.25,1077699.56,47,26,0.851063829787234,49,232,16,47344.62,49,0.06896551724137931,226036.68999999994,0.03631456899353685,5619.552801724138,Tuesday,0,11
2019-11-20,1211508.93,1056017.89,50,24,0.82,53,243,22,106790.15000000001,53,0.09053497942386832,155491.04000000004,0.088146399383123,4985.633456790123,Wednesday,0,11
2019-11-21,1758120.57,1675422.59,71,31,0.8169014084507042,75,337,24,286684.56,75,0.0712166172106825,82697.97999999998,0.16306308275546766,5216.974985163205,Thursday,0,11
2019-11-22,1717259.82,1683212.87,77,33,0.7922077922077922,83,348,14,343451.96,83,0.040229885057471264,34046.94999999995,0.19999999767070775,4934.654655172414,Friday,0,11
2019-11-23,1275541.97,1314745.82,60,33,0.8166666666666667,69,281,13,255108.38999999998,69,0.046263345195729534,-39203.85000000009,0.1999999968640781,4539.295266903914,Saturday,1,11
2019-11-24,1513582.11,1601636.32,74,36,0.8108108108108109,83,373,27,302716.41,83,0.07238605898123325,-88054.20999999996,0.19999999207178787,4057.8608847184987,Sunday,1,11
2019-11-25,1823713.36,1796200.75,79,29,0.8227848101265823,94,407,27,364742.69,94,0.06633906633906633,27512.610000000102,0.2000000098699721,4480.868206388207,Monday,0,11
2019-11-26,1658805.72,1632988.64,68,27,0.8088235294117647,76,369,25,331761.19,76,0.06775067750677506,25817.080000000075,0.20000002773079417,4495.4084552845525,Tuesday,0,11
2019-11-27,1673862.79,1730384.96,93,55,0.7741935483870968,109,449,10,334772.56,109,0.022271714922048998,-56522.169999999925,0.20000000119484107,3727.979487750557,Wednesday,0,11
2019-11-28,2283224.58,2385990.97,90,36,0.7777777777777778,101,441,27,456644.91000000003,101,0.061224489795918366,-102766.39000000013,0.1999999973721376,5177.38,Thursday,0,11
2019-11-29,1727675.92,1763358.52,93,44,0.8387096774193549,108,467,22,345535.19,108,0.047109207708779445,-35682.60000000009,0.20000000347287356,3699.5201713062097,Friday,0,11
2019-11-30,1706944.78,1590980.52,85,39,0.8352941176470589,95,387,43,341388.96,95,0.1111111111111111,115964.26000000001,0.20000000234336815,4410.710025839793,Saturday,1,11
2019-12-01,1570052.1,1541270.84,77,39,0.8181818181818182,93,429,15,314010.46,93,0.03496503496503497,28781.26000000001,0.20000002547686158,3659.795104895105,Sunday,1,12
2019-12-02,939051.09,913949.28,48,21,0.875,53,224,5,187810.22,53,0.022321428571428572,25101.80999999994,0.2000000021298096,4192.192366071428,Monday,0,12
2019-12-03,1049432.49,1050128.15,58,25,0.7931034482758621,66,308,23,209886.51,66,0.07467532467532467,-695.6599999999162,0.20000001143475177,3407.2483441558443,Tuesday,0,12
2019-12-04,808148.29,776278.66,46,15,0.8913043478260869,52,226,8,161629.68,52,0.035398230088495575,31869.630000000005,0.20000002722272664,3575.877389380531,Wednesday,0,12
2019-12-05,584316.21,549261.88,33,13,0.7878787878787878,34,124,5,116863.24,34,0.04032258064516129,35054.32999999996,0.19999999657719578,4712.2275,Thursday,0,12
2019-12-06,1028672.61,965955.9,53,20,0.7358490566037735,65,299,7,205734.53,65,0.023411371237458192,62716.70999999996,0.20000000777701274,3440.3766220735783,Friday,0,12
2019-12-07,1004670.88,991134.01,47,23,0.8936170212765957,58,256,9,200934.16999999998,58,0.03515625,13536.869999999995,0.19999999402789498,3924.495625,Saturday,1,12
2019-12-08,992442.58,1015934.13,62,27,0.7096774193548387,70,310,45,198488.53,70,0.14516129032258066,-23491.550000000047,0.20000001410660959,3201.4276774193545,Sunday,1,12
2019-12-09,1419175.87,1414450.62,79,40,0.8481012658227848,93,409,27,283835.17,93,0.06601466992665037,4725.25,0.19999999718146277,3469.867652811736,Monday,0,12
2019-12-10,902926.09,843652.61,60,19,0.8333333333333334,68,301,28,180585.23,68,0.09302325581395349,59273.47999999998,0.20000001329012435,2999.7544518272425,Tuesday,0,12
2019-12-11,1013400.28,984737.87,49,24,0.7346938775510204,55,228,2,202680.07,55,0.008771929824561403,28662.410000000033,0.20000001381487678,4444.738070175439,Wednesday,0,12
2019-12-12,928048.97,925066.67,67,28,0.8059701492537313,76,310,39,185609.79,76,0.12580645161290321,2982.29999999993,0.19999999568988264,2993.7063548387096,Thursday,0,12
2019-12-13,1377941.74,1350365.69,78,38,0.7564102564102564,94,417,11,275588.37,94,0.026378896882494004,27576.050000000047,0.2000000159658419,3304.4166426858515,Friday,0,12
2019-12-14,1133983.1,1100467.71,70,37,0.8428571428571429,80,365,10,226796.65,80,0.0273972602739726,33515.39000000013,0.2000000264554207,3106.8030136986304,Saturday,1,12
2019-12-15,1178357.1,1177403.13,71,31,0.9014084507042254,83,375,3,235671.4,83,0.008,953.9700000002049,0.19999998302721644,3142.2856,Sunday,1,12
2019-12-16,2441615.29,2435335.9,133,54,0.8571428571428571,151,680,36,488323.08,151,0.052941176470588235,6279.39000000013,0.2000000090104285,3590.6107205882354,Monday,0,12
2019-12-17,1509802.09,1466889.03,91,45,0.8241758241758241,105,464,12,301960.39,105,0.02586206896551724,42913.060000000056,0.19999998145452297,3253.8838146551725,Tuesday,0,12
2019-12-18,1081751.46,1118946.01,66,35,0.6818181818181818,75,299,19,216350.29,75,0.06354515050167224,-37194.55000000005,0.1999999981511465,3617.8978595317726,Wednesday,0,12
2019-12-19,1755344.65,1729566.17,85,33,0.6705882352941176,96,448,24,351068.93,96,0.05357142857142857,25778.47999999998,0.2,3918.180022321428,Thursday,0,12
2019-12-20,1591897.49,1519651.21,83,41,0.7590361445783133,99,443,15,318379.49,99,0.033860045146726865,72246.28000000003,0.1999999949745508,3593.448058690745,Friday,0,12
2019-12-21,1604411.0,1557139.8,94,42,0.8297872340425532,112,506,27,320882.19,112,0.0533596837944664,47271.19999999995,0.1999999937671831,3170.7727272727275,Saturday,1,12
2019-12-22,1998393.15,2053342.91,116,53,0.8189655172413793,129,595,41,399678.62,129,0.06890756302521009,-54949.76000000001,0.19999999499597965,3358.6439495798318,Sunday,1,12
2019-12-23,1553261.7,1489890.38,115,48,0.8173913043478261,137,565,35,310652.3,137,0.061946902654867256,63371.320000000065,0.19999997424773944,2749.1357522123894,Monday,0,12
2019-12-24,1516895.67,1497007.31,100,49,0.81,128,570,50,303379.2,128,0.08771929824561403,19888.35999999987,0.20000004350991393,2661.2204736842104,Tuesday,0,12
2019-12-25,1299670.93,1288364.93,76,28,0.7631578947368421,96,421,23,259934.17,96,0.05463182897862233,11306.0,0.19999998768919147,3087.104346793349,Wednesday,0,12
2019-12-26,962186.25,831064.78,55,25,0.7272727272727273,66,294,6,192437.25,66,0.02040816326530612,131121.46999999997,0.2,3272.7423469387754,Thursday,0,12
2019-12-27,2014300.3,2077708.75,116,58,0.8362068965517241,140,663,72,402860.07,140,0.1085972850678733,-63408.44999999995,0.20000000496450307,3038.1603318250377,Friday,0,12
2019-12-28,3502828.06,3565984.26,210,105,0.8,242,1081,74,700565.65,242,0.06845513413506013,-63156.19999999972,0.20000001084837718,3240.358982423682,Saturday,1,12
2019-12-29,3313547.73,3269447.73,184,71,0.8260869565217391,221,1068,70,662709.59,221,0.06554307116104868,44100.0,0.20000001327881883,3102.5727808988763,Sunday,1,12
2019-12-30,3576704.95,3493583.35,202,97,0.7623762376237624,243,1074,31,673254.06,243,0.028864059590316574,83121.6000000001,0.18823304393615134,3330.265316573557,Monday,0,12
2019-12-31,2778326.07,2777906.18,150,59,0.7466666666666667,177,820,94,514866.62,177,0.11463414634146342,419.8899999996647,0.1853154046817838,3388.2025243902435,Tuesday,0,12
2020-01-01,1871817.88,1823332.03,98,54,0.7959183673469388,114,488,32,300299.93,114,0.06557377049180328,48485.84999999986,0.1604322371362325,3835.6923770491803,Wednesday,0,1
2020-01-02,306693.87,273455.38,13,3,0.6923076923076923,14,57,0,3066.43,14,0.0,33238.48999999999,0.009998341342785886,5380.594210526316,Thursday,0,1
2020-01-03,766406.86,609099.87,28,13,0.7857142857142857,32,142,19,0.0,32,0.13380281690140844,157306.99,0.0,5397.231408450704,Friday,0,1
2020-01-04,888245.03,704147.35,35,14,0.6857142857142857,42,200,18,0.0,42,0.09,184097.68000000005,0.0,4441.22515,Saturday,1,1
2020-01-05,1285208.07,1020467.61,45,23,0.7333333333333333,49,198,2,0.0,49,0.010101010101010102,264740.4600000001,0.0,6490.949848484849,Sunday,1,1
2020-01-06,970782.47,779316.08,38,22,0.868421052631579,45,205,6,0.0,45,0.02926829268292683,191466.39,0.0,4735.524243902439,Monday,0,1
2020-01-07,764267.46,602605.56,32,13,0.96875,35,153,18,0.0,35,0.11764705882352941,161661.8999999999,0.0,4995.212156862744,Tuesday,0,1
2020-01-08,1107287.26,894624.14,34,19,0.7941176470588235,40,176,9,0.0,40,0.05113636363636364,212663.12,0.0,6291.404886363636,Wednesday,0,1
2020-01-09,1056334.6,871321.63,34,19,0.7941176470588235,36,153,8,0.0,36,0.05228758169934641,185012.9700000001,0.0,6904.147712418301,Thursday,0,1
2020-01-10,1052535.45,809623.15,37,20,0.8378378378378378,42,178,11,0.0,42,0.06179775280898876,242912.29999999993,0.0,5913.120505617977,Friday,0,1
2020-01-11,1482481.4,1217653.88,37,15,0.8108108108108109,44,211,3,0.0,44,0.014218009478672985,264827.52,0.0,7025.978199052132,Saturday,1,1
2020-01-12,1377373.92,1076992.76,50,25,0.78,53,213,21,0.0,53,0.09859154929577464,300381.1599999999,0.0,6466.544225352112,Sunday,1,1
2020-01-13,1823598.04,1448101.5,54,24,0.7037037037037037,62,237,14,0.0,62,0.05907172995780591,375496.54000000004,0.0,7694.506497890296,Monday,0,1
2020-01-14,1243925.22,978766.56,31,12,0.8387096774193549,35,187,15,0.0,35,0.08021390374331551,265158.6599999999,0.0,6652.006524064171,Tuesday,0,1
2020-01-15,1380005.06,1018100.72,36,20,0.8611111111111112,37,195,10,0.0,37,0.05128205128205128,361904.3400000001,0.0,7076.949025641026,Wednesday,0,1
2020-01-16,1030944.9,795470.95,35,11,0.8857142857142857,37,152,11,0.0,37,0.07236842105263158,235473.95000000007,0.0,6782.532236842106,Thursday,0,1
2020-01-17,1830660.94,1431085.31,48,27,0.8541666666666666,53,248,18,0.0,53,0.07258064516129033,399575.6299999999,0.0,7381.697338709677,Friday,0,1
2020-01-18,1766837.19,1324243.87,46,26,0.782608695652174,50,235,10,0.0,50,0.0425531914893617,442593.31999999983,0.0,7518.456127659574,Saturday,1,1
2020-01-19,1524971.65,1235381.65,57,27,0.8245614035087719,63,254,11,0.0,63,0.04330708661417323,289590.0,0.0,6003.825393700787,Sunday,1,1
2020-01-20,1754063.39,1357099.14,53,24,0.8679245283018868,57,281,6,0.0,57,0.021352313167259787,396964.25,0.0,6242.218469750889,Monday,0,1
2020-01-21,1339757.99,1058996.46,39,13,0.8205128205128205,40,197,19,0.0,40,0.09644670050761421,280761.53,0.0,6800.801979695431,Tuesday,0,1
2020-01-22,1519425.6,1259362.61,49,22,0.8571428571428571,54,254,9,0.0,54,0.03543307086614173,260062.99,0.0,5981.990551181103,Wednesday,0,1
2020-01-23,1004242.27,765471.69,39,21,0.8974358974358975,42,158,7,0.0,42,0.04430379746835443,238770.58000000007,0.0,6355.963734177215,Thursday,0,1
2020-01-24,1704378.2,1375285.81,44,23,0.8181818181818182,48,214,2,0.0,48,0.009345794392523364,329092.3899999999,0.0,7964.3841121495325,Friday,0,1
2020-01-25,1822074.98,1406914.83,55,21,0.7454545454545455,58,248,6,0.0,58,0.024193548387096774,415160.1499999999,0.0,7347.076532258065,Saturday,1,1
2020-01-26,2456410.62,1973809.59,75,35,0.7466666666666667,90,446,10,0.0,90,0.02242152466367713,482601.03,0.0,5507.647130044843,Sunday,1,1
2020-01-27,3063079.4,2398030.81,104,38,0.7884615384615384,110,473,27,0.0,110,0.05708245243128964,665048.5899999999,0.0,6475.854968287526,Monday,0,1
2020-01-28,2756106.46,2116903.62,85,45,0.8588235294117647,99,405,7,0.0,99,0.01728395061728395,639202.8399999999,0.0,6805.201135802469,Tuesday,0,1
2020-01-29,2649423.01,2056424.25,86,39,0.7674418604651163,94,373,27,0.0,94,0.07238605898123325,592998.7599999998,0.0,7103.010750670241,Wednesday,0,1
2020-01-30,2487204.75,2078176.85,77,31,0.7402597402597403,83,352,13,0.0,83,0.036931818181818184,409027.8999999999,0.0,7065.922585227273,Thursday,0,1
2020-01-31,1641713.06,1229647.19,43,22,0.8372093023255814,46,223,8,0.0,46,0.03587443946188341,412065.8700000001,0.0,7361.941973094171,Friday,0,1
2020-02-01,1463943.76,1142123.1,42,18,0.8571428571428571,46,180,11,0.0,46,0.06111111111111111,321820.6599999999,0.0,8133.020888888889,Saturday,1,2
2020-02-02,1093114.88,845764.23,41,14,0.7560975609756098,43,190,21,0.0,43,0.11052631578947368,247350.6499999999,0.0,5753.2362105263155,Sunday,1,2
2020-02-03,1316072.4,1043180.49,43,13,0.8837209302325582,44,179,13,0.0,44,0.07262569832402235,272891.9099999999,0.0,7352.359776536312,Monday,0,2
2020-02-04,1029616.88,806175.81,35,24,0.8857142857142857,36,142,13,0.0,36,0.09154929577464789,223441.06999999995,0.0,7250.82309859155,Tuesday,0,2
2020-02-05,1584431.42,1282491.8,42,19,0.7380952380952381,44,217,11,0.0,44,0.05069124423963134,301939.6199999999,0.0,7301.52728110599,Wednesday,0,2
2020-02-06,1426441.72,1176781.21,48,18,0.7916666666666666,52,205,12,0.0,52,0.05853658536585366,249660.51,0.0,6958.252292682927,Thursday,0,2
2020-02-07,1459386.86,1149577.39,42,20,0.7619047619047619,44,218,10,0.0,44,0.045871559633027525,309809.4700000002,0.0,6694.43513761468,Friday,0,2
2020-02-08,2184212.09,1826022.53,70,31,0.7714285714285715,73,324,11,0.0,73,0.033950617283950615,358189.5599999998,0.0,6741.395339506173,Saturday,1,2
2020-02-09,2055783.58,1523755.95,62,26,0.8387096774193549,68,314,51,0.0,68,0.1624203821656051,532027.6300000001,0.0,6547.081464968153,Sunday,1,2
2020-02-10,2291998.17,1847054.74,69,33,0.8405797101449275,73,329,20,0.0,73,0.060790273556231005,444943.42999999993,0.0,6966.559787234042,Monday,0,2
2020-02-11,1213349.37,971610.69,39,17,0.7692307692307693,40,195,12,0.0,40,0.06153846153846154,241738.68000000017,0.0,6222.304461538462,Tuesday,0,2
2020-02-12,1321005.73,1096334.73,43,24,0.8372093023255814,47,198,15,0.0,47,0.07575757575757576,224671.0,0.0,6671.746111111111,Wednesday,0,2
2020-02-13,1581431.75,1352362.12,48,20,0.7708333333333334,52,229,34,0.0,52,0.14847161572052403,229069.6299999999,0.0,6905.815502183406,Thursday,0,2
2020-02-14,2037539.68,1651978.34,60,25,0.7666666666666667,63,295,20,0.0,63,0.06779661016949153,385561.33999999985,0.0,6906.914169491525,Friday,0,2
2020-02-15,2021731.66,1579252.08,62,26,0.7903225806451613,68,294,39,0.0,68,0.1326530612244898,442479.57999999984,0.0,6876.638299319728,Saturday,1,2
2020-02-16,2850540.94,2254151.72,88,36,0.7840909090909091,93,403,23,0.0,93,0.05707196029776675,596389.2199999997,0.0,7073.3025806451615,Sunday,1,2
2020-02-17,3027388.85,2358428.94,87,44,0.7931034482758621,95,419,20,0.0,95,0.0477326968973747,668959.9100000001,0.0,7225.271718377088,Monday,0,2
2020-02-18,1906269.53,1488503.07,58,27,0.8103448275862069,62,278,34,0.0,62,0.1223021582733813,417766.45999999996,0.0,6857.08464028777,Tuesday,0,2
2020-02-19,2587869.93,2040282.29,62,24,0.8709677419354839,65,328,18,0.0,65,0.054878048780487805,547587.6400000001,0.0,7889.847347560976,Wednesday,0,2
2020-02-20,2179252.94,1655887.69,79,39,0.7974683544303798,84,343,18,0.0,84,0.052478134110787174,523365.25,0.0,6353.507113702623,Thursday,0,2
2020-02-21,1875282.27,1484938.15,71,32,0.8591549295774648,80,330,18,0.0,80,0.05454545454545454,390344.1200000001,0.0,5682.673545454545,Friday,0,2
2020-02-22,2816611.42,2298912.93,90,34,0.7555555555555555,97,397,29,0.0,97,0.07304785894206549,517698.48999999976,0.0,7094.739093198992,Saturday,1,2
2020-02-23,3660447.62,2943311.48,105,54,0.7238095238095238,114,505,29,0.0,114,0.05742574257425743,717136.1400000001,0.0,7248.411128712872,Sunday,1,2
2020-02-24,4913668.98,3894010.08,133,52,0.8045112781954887,144,666,45,0.0,144,0.06756756756756757,1019658.9000000004,0.0,7377.881351351352,Monday,0,2
2020-02-25,3883383.17,3094926.07,110,44,0.7727272727272727,127,563,47,0.0,127,0.08348134991119005,788457.1000000001,0.0,6897.661047957371,Tuesday,0,2
2020-02-26,3776016.2,3155920.72,96,45,0.8125,102,491,30,0.0,102,0.06109979633401222,620095.48,0.0,7690.4606924643585,Wednesday,0,2
2020-02-27,2799802.2,2267130.6,73,27,0.7671232876712328,77,357,12,0.0,77,0.03361344537815126,532671.6000000001,0.0,7842.583193277312,Thursday,0,2
2020-02-28,1651589.28,1198881.14,44,22,0.8181818181818182,48,211,14,0.0,48,0.06635071090047394,452708.14000000013,0.0,7827.437345971564,Friday,0,2
2020-02-29,440505.08,389641.44,8,3,0.875,8,43,0,0.0,8,0.0,50863.640000000014,0.0,10244.304186046513,Saturday,1,2
2020-03-01,574193.42,436323.03,19,6,0.7894736842105263,19,90,1,0.0,19,0.011111111111111112,137870.39,0.0,6379.926888888889,Sunday,1,3
2020-03-02,723891.53,597321.16,27,13,0.7037037037037037,29,136,15,0.0,29,0.11029411764705882,126570.37,0.0,5322.731838235294,Monday,0,3
2020-03-03,943222.71,762767.07,30,11,0.9,35,171,10,0.0,35,0.05847953216374269,180455.64,0.0,5515.922280701754,Tuesday,0,3
2020-03-04,1909614.63,1505586.81,65,32,0.8615384615384616,67,292,22,0.0,67,0.07534246575342465,404027.81999999983,0.0,6539.776130136986,Wednesday,0,3
2020-03-05,2333220.72,1843371.65,69,29,0.7971014492753623,75,362,19,0.0,75,0.052486187845303865,489849.0700000003,0.0,6445.361104972376,Thursday,0,3
2020-03-06,1511362.89,1171921.71,49,25,0.8163265306122449,53,225,15,0.0,53,0.06666666666666667,339441.17999999993,0.0,6717.1684,Friday,0,3
2020-03-07,1871812.61,1532326.46,50,18,0.88,53,274,27,0.0,53,0.09854014598540146,339486.15000000014,0.0,6831.432883211679,Saturday,1,3
2020-03-08,2407053.63,1849597.49,63,26,0.8888888888888888,66,298,4,0.0,66,0.013422818791946308,557456.1399999999,0.0,8077.361174496644,Sunday,1,3
2020-03-09,2614688.4,2090705.98,77,41,0.8571428571428571,84,417,18,0.0,84,0.04316546762589928,523982.4199999999,0.0,6270.235971223022,Monday,0,3
2020-03-10,2160515.74,1668007.68,67,27,0.7761194029850746,71,349,20,0.0,71,0.05730659025787966,492508.0600000003,0.0,6190.589512893984,Tuesday,0,3
2020-03-11,3433278.78,2692451.6,104,37,0.7596153846153846,110,498,31,0.0,110,0.06224899598393574,740827.1799999997,0.0,6894.134096385542,Wednesday,0,3
2020-03-12,4588363.52,3791750.44,127,56,0.7795275590551181,136,632,10,0.0,136,0.015822784810126583,796613.0799999996,0.0,7260.068860759493,Thursday,0,3
2020-03-13,3021810.51,2369481.88,92,35,0.8478260869565217,97,432,40,0.0,97,0.09259259259259259,652328.6299999999,0.0,6994.931736111111,Friday,0,3
2020-03-14,2973651.06,2401421.48,90,46,0.7888888888888889,92,426,37,0.0,92,0.08685446009389672,572229.5800000001,0.0,6980.401549295775,Saturday,1,3
2020-03-15,3221293.98,2639677.91,104,49,0.7692307692307693,114,531,44,0.0,114,0.08286252354048965,581616.0699999998,0.0,6066.467005649717,Sunday,1,3
2020-03-16,3825962.41,3158330.02,104,57,0.7403846153846154,111,505,33,0.0,111,0.06534653465346535,667632.3900000001,0.0,7576.163188118812,Monday,0,3
2020-03-17,3337087.52,2593918.94,112,55,0.7946428571428571,123,552,36,0.0,123,0.06521739130434782,743168.5800000001,0.0,6045.448405797101,Tuesday,0,3
2020-03-18,4361415.01,3636509.4,135,54,0.8,146,712,32,120512.03,146,0.0449438202247191,724905.6099999999,0.027631406257759453,6125.582879213483,Wednesday,0,3
2020-03-19,4192556.63,3408251.62,136,58,0.8161764705882353,142,665,34,154715.49,142,0.05112781954887218,784305.0099999998,0.03690242104135872,6304.596436090225,Thursday,0,3
2020-03-20,4714923.6,4026187.52,144,62,0.8611111111111112,153,694,75,301555.72,153,0.10806916426512968,688736.0799999996,0.06395771078878139,6793.83804034582,Friday,0,3
2020-03-21,3786624.27,3364585.08,117,49,0.8034188034188035,122,534,22,312037.02,122,0.04119850187265917,422039.18999999994,0.08240506523769786,7091.056685393259,Saturday,1,3
2020-03-22,3660217.49,3308325.46,125,49,0.8,130,536,12,439226.07,130,0.022388059701492536,351892.03000000026,0.11999999213161511,6828.763973880597,Sunday,1,3
2020-03-23,4599846.79,4217636.5,147,62,0.8163265306122449,156,758,38,551981.57,156,0.05013192612137203,382210.29000000004,0.11999999026054517,6068.399459102902,Monday,0,3
2020-03-24,3777061.29,3491500.34,130,52,0.8076923076923077,134,630,39,453247.4,134,0.06190476190476191,285560.9500000002,0.12000001196697553,5995.3353809523815,Tuesday,0,3
2020-03-25,5473119.8,4913905.47,172,83,0.8081395348837209,182,864,62,656774.36,182,0.07175925925925926,559214.3300000001,0.11999999707662164,6334.629398148148,Wednesday,0,3
2020-03-26,4976074.87,4486016.71,190,82,0.8210526315789474,204,901,65,597128.92,204,0.07214206437291898,490058.16000000015,0.11999998705807255,5522.835593784684,Thursday,0,3
2020-03-27,5292649.55,4770553.08,195,92,0.7948717948717948,205,905,37,635117.94,205,0.04088397790055249,522096.46999999974,0.11999999886635229,5848.231546961326,Friday,0,3
2020-03-28,4107108.15,3626441.43,133,67,0.8195488721804511,136,648,48,492852.95,136,0.07407407407407407,480666.71999999974,0.11999999318255108,6338.129861111111,Saturday,1,3
2020-03-29,4853424.1,4204693.19,169,69,0.7869822485207101,176,769,36,582410.9,176,0.04681404421326398,648730.9099999992,0.12000000164832084,6311.3447334200255,Sunday,1,3
2020-03-30,8661154.35,7724558.44,304,132,0.7861842105263158,325,1480,101,1039338.53,325,0.06824324324324324,936595.9099999992,0.12000000092366442,5852.131317567568,Monday,0,3
2020-03-31,7897174.25,7105527.86,289,128,0.8096885813148789,315,1371,26,947660.9,315,0.018964259664478483,791646.3899999997,0.11999999873372429,5760.156272793582,Tuesday,0,3
2020-04-01,8755809.46,7957568.75,292,143,0.8082191780821918,312,1435,71,1050697.2,312,0.049477351916376304,798240.7100000009,0.12000000740080059,6101.609379790942,Wednesday,0,4
2020-04-02,7577709.18,6681340.51,279,119,0.7813620071684588,296,1355,64,909325.19,296,0.047232472324723246,896368.6699999999,0.12000001166579476,5592.405298892989,Thursday,0,4
2020-04-03,6784809.88,6004344.42,248,103,0.7862903225806451,261,1187,68,814177.25,261,0.05728727885425442,780465.46,0.12000000949179139,5715.930817186184,Friday,0,4
2020-04-04,2596249.84,2421613.19,89,42,0.8202247191011236,93,433,21,311550.0,93,0.04849884526558892,174636.6499999999,0.12000000739528212,5995.958060046189,Saturday,1,4
2020-04-05,2270549.35,2115323.24,90,39,0.8555555555555555,97,405,11,272465.95,97,0.027160493827160494,155226.10999999987,0.12000001233181741,5606.294691358025,Sunday,1,4
2020-04-06,2174513.69,1986210.77,92,45,0.8369565217391305,99,460,8,260941.62,99,0.017391304347826087,188302.91999999993,0.119999989514897,4727.2036739130435,Monday,0,4
2020-04-07,2970609.75,2686271.15,111,53,0.8378378378378378,121,514,39,356473.16,121,0.07587548638132295,284338.6000000001,0.11999999663368774,5779.39640077821,Tuesday,0,4
2020-04-08,4245321.13,3850661.27,137,64,0.8029197080291971,145,699,48,509438.56,145,0.06866952789699571,394659.85999999987,0.12000000574750395,6073.42078683834,Wednesday,0,4
2020-04-09,3887991.65,3427172.36,118,54,0.864406779661017,124,561,23,466558.97,124,0.040998217468805706,460819.29000000004,0.11999999279833844,6930.466399286987,Thursday,0,4
2020-04-10,3023393.36,2760209.97,116,53,0.8448275862068966,127,534,16,362807.2,127,0.0299625468164794,263183.38999999966,0.11999999894158662,5661.78531835206,Friday,0,4
2020-04-11,3732689.24,3332780.74,114,48,0.8333333333333334,122,572,8,447922.73,122,0.013986013986013986,399908.5,0.12000000567955128,6525.68048951049,Saturday,1,4
2020-04-12,2907846.49,2591717.12,119,61,0.8235294117647058,125,544,26,348941.56,125,0.04779411764705882,316129.3700000001,0.11999999353473435,5345.306047794118,Sunday,1,4
2020-04-13,3947462.22,3605060.08,142,55,0.852112676056338,148,654,15,473695.46,148,0.022935779816513763,342402.14000000013,0.11999999837870519,6035.874954128441,Monday,0,4
2020-04-14,3808658.46,3373247.72,146,62,0.8493150684931506,155,662,18,371236.62,155,0.027190332326283987,435410.73999999976,0.09747175387314724,5753.260513595166,Tuesday,0,4
2020-04-15,4628778.3,3891917.12,168,86,0.7916666666666666,179,786,47,328186.61,179,0.05979643765903308,736861.1799999997,0.07090134560992044,5889.030916030534,Wednesday,0,4
2020-04-16,4375989.59,3596667.75,160,70,0.81875,173,706,37,258325.79,173,0.05240793201133145,779321.8399999999,0.05903254216836471,6198.2855382436255,Thursday,0,4
2020-04-17,4558971.27,3709799.59,135,60,0.7407407407407407,138,624,9,125085.11,138,0.014423076923076924,849171.6799999997,0.0274371349569834,7306.043701923076,Friday,0,4
2020-04-18,3884483.75,3074401.15,119,56,0.7647058823529411,120,569,32,0.0,120,0.056239015817223195,810082.6000000001,0.0,6826.86072056239,Saturday,1,4
2020-04-19,5420905.61,4354985.3,146,56,0.7602739726027398,156,728,26,0.0,156,0.03571428571428571,1065920.3100000005,0.0,7446.298914835165,Sunday,1,4
2020-04-20,3709374.1,2922517.52,125,64,0.824,130,549,56,0.0,130,0.10200364298724955,786856.5800000001,0.0,6756.6012750455375,Monday,0,4
2020-04-21,3772726.0,2994859.61,142,71,0.7746478873239436,150,594,35,0.0,150,0.058922558922558925,777866.3900000001,0.0,6351.390572390573,Tuesday,0,4
2020-04-22,5657450.97,4439369.34,192,95,0.8072916666666666,206,904,55,0.0,206,0.06084070796460177,1218081.63,0.0,6258.242223451327,Wednesday,0,4
2020-04-23,5173024.12,4119922.93,165,68,0.7878787878787878,175,767,24,0.0,175,0.03129074315514994,1053101.19,0.0,6744.49037809648,Thursday,0,4
2020-04-24,3753095.45,2970279.3,122,60,0.7459016393442623,124,559,50,0.0,124,0.08944543828264759,782816.1500000004,0.0,6713.94534883721,Friday,0,4
2020-04-25,3664845.35,2858437.84,121,55,0.8181818181818182,129,543,36,0.0,129,0.06629834254143646,806407.5100000002,0.0,6749.254788213628,Saturday,1,4
2020-04-26,4605371.55,3664887.11,147,68,0.8027210884353742,156,739,33,0.0,156,0.044654939106901215,940484.44,0.0,6231.896549391069,Sunday,1,4
2020-04-27,5455531.12,4305091.4,161,72,0.7639751552795031,168,779,36,0.0,168,0.04621309370988447,1150439.7199999997,0.0,7003.24919127086,Monday,0,4
2020-04-28,5014129.21,3953650.56,163,74,0.8343558282208589,170,756,21,0.0,170,0.027777777777777776,1060478.65,0.0,6632.446044973545,Tuesday,0,4
2020-04-29,10020939.03,8067774.24,298,130,0.7919463087248322,313,1443,42,0.0,313,0.029106029106029108,1953164.789999999,0.0,6944.5176923076915,Wednesday,0,4
2020-04-30,7581421.63,6073119.3,250,122,0.824,272,1208,56,0.0,272,0.046357615894039736,1508302.33,0.0,6276.0112831125825,Thursday,0,4
2020-05-01,6232298.35,4980016.59,209,112,0.8373205741626795,218,947,86,0.0,218,0.0908130939809926,1252281.7599999998,0.0,6581.096462513199,Friday,0,5
2020-05-02,4883269.9,3978529.52,157,76,0.7770700636942676,168,758,31,0.0,168,0.040897097625329816,904740.3800000004,0.0,6442.30857519789,Saturday,1,5
2020-05-03,4614868.43,3622251.36,137,48,0.7956204379562044,149,675,43,0.0,149,0.0637037037037037,992617.0699999998,0.0,6836.842118518518,Sunday,1,5
2020-05-04,1696650.37,1285985.68,47,20,0.8085106382978723,50,218,28,0.0,50,0.12844036697247707,410664.6900000002,0.0,7782.799862385322,Monday,0,5
2020-05-05,2127409.75,1664266.24,66,33,0.8181818181818182,72,302,11,0.0,72,0.03642384105960265,463143.51,0.0,7044.403145695364,Tuesday,0,5
2020-05-06,2719040.36,2101438.95,87,27,0.8390804597701149,94,438,18,0.0,94,0.0410958904109589,617601.4099999997,0.0,6207.854703196347,Wednesday,0,5
2020-05-07,3735794.57,3081283.21,119,53,0.7815126050420168,130,597,46,0.0,130,0.07705192629815745,654511.3599999999,0.0,6257.6123450586265,Thursday,0,5
2020-05-08,3885246.63,3057670.15,115,52,0.8173913043478261,121,567,31,0.0,121,0.054673721340388004,827576.48,0.0,6852.286825396825,Friday,0,5
2020-05-09,2045722.89,1564919.31,76,36,0.75,77,316,13,0.0,77,0.04113924050632911,480803.57999999984,0.0,6473.80661392405,Saturday,1,5
2020-05-10,3584812.06,2817308.7,109,42,0.7522935779816514,116,545,35,0.0,116,0.06422018348623854,767503.3599999999,0.0,6577.63680733945,Sunday,1,5
2020-05-11,2782658.98,2126531.87,85,35,0.7411764705882353,85,353,15,0.0,85,0.042492917847025496,656127.1099999999,0.0,7882.886628895184,Monday,0,5
2020-05-12,3333481.33,2554876.05,100,45,0.78,104,453,8,0.0,104,0.017660044150110375,778605.2800000003,0.0,7358.678432671082,Tuesday,0,5
2020-05-13,3150929.25,2367805.02,99,45,0.797979797979798,105,452,13,0.0,105,0.028761061946902654,783124.23,0.0,6971.082411504425,Wednesday,0,5
2020-05-14,4015255.86,3222738.56,141,61,0.8085106382978723,154,662,43,0.0,154,0.0649546827794562,792517.2999999998,0.0,6065.341178247734,Thursday,0,5
2020-05-15,5094966.3,4205637.32,140,64,0.7714285714285715,146,678,19,0.0,146,0.028023598820058997,889328.9799999995,0.0,7514.6995575221235,Friday,0,5
2020-05-16,3808061.0,3113947.78,121,50,0.7768595041322314,124,543,10,0.0,124,0.01841620626151013,694113.2200000002,0.0,7013.0036832412525,Saturday,1,5
2020-05-17,3532524.59,2826498.79,110,50,0.8454545454545455,115,530,51,0.0,115,0.09622641509433963,706025.7999999998,0.0,6665.140735849056,Sunday,1,5
2020-05-18,3000875.02,2429735.03,114,57,0.7982456140350878,121,510,24,0.0,121,0.047058823529411764,571139.9900000002,0.0,5884.068666666667,Monday,0,5
2020-05-19,3027466.21,2447172.14,112,48,0.8125,118,535,16,0.0,118,0.029906542056074768,580294.0699999998,0.0,5658.815345794393,Tuesday,0,5
2020-05-20,3689172.21,3019892.02,117,50,0.7350427350427351,123,573,36,0.0,123,0.06282722513089005,669280.19,0.0,6438.345916230366,Wednesday,0,5
2020-05-21,4498828.44,3647887.78,156,69,0.7756410256410257,175,814,38,0.0,175,0.04668304668304668,850940.6600000006,0.0,5526.816265356266,Thursday,0,5
2020-05-22,5108046.04,3839020.41,158,69,0.8291139240506329,171,746,40,0.0,171,0.05361930294906166,1269025.63,0.0,6847.246702412869,Friday,0,5
2020-05-23,4015420.66,3313265.28,122,54,0.7704918032786885,127,534,24,0.0,127,0.0449438202247191,702155.3800000004,0.0,7519.514344569288,Saturday,1,5
2020-05-24,4700650.04,3764671.03,125,49,0.832,130,618,24,0.0,130,0.038834951456310676,935979.0100000002,0.0,7606.229838187703,Sunday,1,5
2020-05-25,4378883.27,3340216.53,135,59,0.837037037037037,143,671,39,0.0,143,0.05812220566318927,1038666.7399999998,0.0,6525.90651266766,Monday,0,5
2020-05-26,3938416.11,3225312.26,131,49,0.7175572519083969,137,617,33,0.0,137,0.05348460291734198,713103.8500000001,0.0,6383.170356564019,Tuesday,0,5
2020-05-27,4400378.84,3586763.01,150,70,0.76,159,665,50,0.0,159,0.07518796992481203,813615.8300000001,0.0,6617.111037593984,Wednesday,0,5
2020-05-28,7125254.26,5586999.34,240,102,0.7916666666666666,262,1100,63,0.0,262,0.057272727272727274,1538254.92,0.0,6477.503872727272,Thursday,0,5
2020-05-29,8058075.78,6156826.89,254,115,0.7992125984251969,274,1260,69,0.0,274,0.05476190476190476,1901248.8900000006,0.0,6395.298238095238,Friday,0,5
2020-05-30,8571150.17,6917398.63,262,118,0.7862595419847328,279,1240,117,0.0,279,0.09435483870967742,1653751.54,0.0,6912.217879032258,Saturday,1,5
2020-05-31,7068160.11,5722407.19,227,107,0.7577092511013216,241,1103,65,0.0,241,0.05893019038984588,1345752.92,0.0,6408.123399818676,Sunday,1,5
2020-06-01,7434640.87,6007912.51,226,96,0.8362831858407079,246,1103,66,0.0,246,0.05983680870353581,1426728.3600000003,0.0,6740.381568449683,Monday,0,6
2020-06-02,3295138.19,2630884.15,138,67,0.782608695652174,145,574,33,0.0,145,0.05749128919860627,664254.04,0.0,5740.658867595818,Tuesday,0,6
2020-06-03,3497127.32,2854677.4,121,59,0.7768595041322314,129,590,12,0.0,129,0.020338983050847456,642449.9199999999,0.0,5927.334440677966,Wednesday,0,6
2020-06-04,2962471.81,2212520.77,89,48,0.7865168539325843,96,466,10,0.0,96,0.02145922746781116,749951.04,0.0,6357.235643776824,Thursday,0,6
2020-06-05,2452274.28,2042840.96,66,36,0.8333333333333334,69,318,6,0.0,69,0.018867924528301886,409433.31999999983,0.0,7711.554339622641,Friday,0,6
2020-06-06,2258600.23,1840555.75,77,25,0.8571428571428571,83,372,7,0.0,83,0.01881720430107527,418044.48,0.0,6071.505994623656,Saturday,1,6
2020-06-07,2693731.83,2065838.19,79,37,0.7848101265822784,83,386,17,0.0,83,0.04404145077720207,627893.6400000001,0.0,6978.579870466321,Sunday,1,6
2020-06-08,3084455.23,2459766.38,87,36,0.8275862068965517,92,433,17,0.0,92,0.03926096997690531,624688.8500000001,0.0,7123.453187066974,Monday,0,6
2020-06-09,3331413.85,2608681.96,94,36,0.7553191489361702,100,462,17,0.0,100,0.0367965367965368,722731.8900000001,0.0,7210.85248917749,Tuesday,0,6
2020-06-10,3810023.86,3037801.06,119,58,0.8067226890756303,125,579,14,0.0,125,0.024179620034542316,772222.7999999998,0.0,6580.352089810017,Wednesday,0,6
2020-06-11,4027121.39,3106482.9,115,56,0.8347826086956521,121,518,12,0.0,121,0.023166023166023165,920638.4900000002,0.0,7774.365617760618,Thursday,0,6
2020-06-12,2833219.35,2245340.12,89,37,0.8089887640449438,95,431,4,0.0,95,0.009280742459396751,587879.23,0.0,6573.594779582367,Friday,0,6
2020-06-13,2840132.87,2324352.25,92,40,0.75,96,410,5,0.0,96,0.012195121951219513,515780.6200000001,0.0,6927.153341463415,Saturday,1,6
2020-06-14,3797554.63,3078986.36,121,62,0.8347107438016529,133,572,31,0.0,133,0.05419580419580419,718568.27,0.0,6639.081520979021,Sunday,1,6
2020-06-15,3921468.12,3112876.56,130,59,0.7461538461538462,138,631,44,0.0,138,0.06973058637083994,808591.56,0.0,6214.687987321712,Monday,0,6
2020-06-16,3620819.64,2950472.85,119,56,0.8319327731092437,126,555,14,0.0,126,0.025225225225225224,670346.79,0.0,6523.999351351352,Tuesday,0,6
2020-06-17,4864660.1,3741174.91,152,59,0.8223684210526315,161,723,24,0.0,161,0.03319502074688797,1123485.1899999995,0.0,6728.437206085753,Wednesday,0,6
2020-06-18,4188150.34,3329563.04,131,70,0.7938931297709924,135,575,32,0.0,135,0.05565217391304348,858587.2999999998,0.0,7283.73972173913,Thursday,0,6
2020-06-19,2960897.79,2329260.25,94,48,0.7446808510638298,101,438,17,0.0,101,0.03881278538812785,631637.54,0.0,6760.040616438357,Friday,0,6
2020-06-20,2189006.74,1795056.75,82,36,0.8292682926829268,91,360,13,0.0,91,0.03611111111111111,393949.9900000002,0.0,6080.574277777779,Saturday,1,6
2020-06-21,3477329.48,2740967.86,105,48,0.7714285714285715,110,513,30,0.0,110,0.05847953216374269,736361.6200000001,0.0,6778.4200389863545,Sunday,1,6
2020-06-22,3068801.79,2472668.81,104,47,0.7692307692307693,108,490,16,0.0,108,0.0326530612244898,596132.98,0.0,6262.860795918367,Monday,0,6
2020-06-23,3277142.11,2715748.0,99,40,0.7777777777777778,99,438,8,129257.6,99,0.0182648401826484,561394.1099999999,0.03944217115442699,7482.059611872146,Tuesday,0,6
2020-06-24,4983800.13,4272479.54,170,74,0.7352941176470589,179,782,11,284470.33999999997,179,0.014066496163682864,711320.5899999999,0.05707900248399407,6373.14594629156,Wednesday,0,6
2020-06-25,4480875.32,3949301.47,147,66,0.8503401360544217,155,686,28,435742.26,155,0.04081632653061224,531573.8500000001,0.09724489723137397,6531.888221574344,Thursday,0,6
2020-06-26,3538964.96,3128909.95,118,55,0.8813559322033898,124,586,8,431573.2,124,0.013651877133105802,410055.0099999998,0.1219489892886648,6039.189351535836,Friday,0,6
2020-06-27,2952009.99,2893474.01,99,43,0.7878787878787878,104,482,13,531361.82,104,0.026970954356846474,58535.98000000045,0.18000000738479882,6124.502053941909,Saturday,1,6
2020-06-28,4033143.22,4037949.63,142,63,0.8450704225352113,150,739,29,725965.78,150,0.03924221921515562,-4806.409999999683,0.18000000009917821,5457.568633288228,Sunday,1,6
2020-06-29,5223388.62,5021085.51,205,91,0.8146341463414634,216,988,32,940209.92,216,0.032388663967611336,202303.11000000034,0.1799999939502874,5286.830587044535,Monday,0,6
2020-06-30,5506677.04,5509880.9,199,95,0.7788944723618091,210,987,21,991201.87,210,0.02127659574468085,-3203.8600000003353,0.18000000050847362,5579.20672745694,Tuesday,0,6
2020-07-01,4785799.65,4637675.06,206,86,0.8203883495145631,220,913,32,861443.96,220,0.03504928806133625,148124.59000000078,0.1800000048058844,5241.839704271632,Wednesday,0,7
2020-07-02,4866951.38,4707883.99,206,101,0.8203883495145631,219,967,30,876051.27,219,0.031023784901758014,159067.38999999966,0.18000000443809652,5033.041758014478,Thursday,0,7
2020-07-03,3696972.88,3771036.88,158,69,0.8607594936708861,165,755,28,665455.08,165,0.03708609271523179,-74064.0,0.1799999896131237,4896.652821192053,Friday,0,7
2020-07-04,706367.78,665027.87,37,20,0.6216216216216216,42,174,3,127146.20999999999,42,0.017241379310344827,41339.91000000003,0.18000001359065385,4059.5849425287356,Saturday,1,7
2020-07-05,1406074.5,1343687.36,51,24,0.7647058823529411,52,243,7,253093.4,52,0.02880658436213992,62387.1399999999,0.1799999928880013,5786.314814814815,Sunday,1,7
2020-07-06,2077312.99,1986626.45,82,45,0.8048780487804879,86,359,7,373916.36,86,0.019498607242339833,90686.54000000004,0.18000001049432612,5786.387158774373,Monday,0,7
2020-07-07,2024009.16,2068227.77,71,29,0.8309859154929577,75,376,15,364321.61,75,0.0398936170212766,-44218.6100000001,0.17999998083012628,5383.003085106383,Tuesday,0,7
2020-07-08,1848400.71,1796794.0,80,35,0.775,85,358,14,332712.12,85,0.03910614525139665,51606.70999999996,0.17999999578013579,5163.130474860335,Wednesday,0,7
2020-07-09,2881762.16,2884926.26,120,45,0.8333333333333334,129,561,22,518717.21,129,0.0392156862745098,-3164.0999999996275,0.1800000073566099,5136.830944741533,Thursday,0,7
2020-07-10,2456330.77,2270775.74,104,46,0.8076923076923077,114,528,25,442139.53,114,0.04734848484848485,185555.0299999998,0.17999999649884288,4652.141609848485,Friday,0,7
2020-07-11,2777782.43,2617463.18,88,39,0.7386363636363636,92,460,13,500000.81,92,0.02826086956521739,160319.25,0.1799999901360165,6038.65745652174,Saturday,1,7
2020-07-12,2353469.99,2352864.85,93,44,0.8064516129032258,95,397,2,423624.62,95,0.005037783375314861,605.1400000001304,0.18000000926291818,5928.135994962217,Sunday,1,7
2020-07-13,2674159.75,2528820.54,85,36,0.8941176470588236,91,460,6,481348.77999999997,91,0.013043478260869565,145339.20999999996,0.18000000934873092,5813.390760869565,Monday,0,7
2020-07-14,2241406.69,2199143.63,85,35,0.8,85,378,14,403453.21,85,0.037037037037037035,42263.060000000056,0.18000000258766072,5929.647328042328,Tuesday,0,7
2020-07-15,2628917.79,2573366.47,98,38,0.8367346938775511,100,452,31,473205.18,100,0.06858407079646017,55551.31999999983,0.17999999155546054,5816.189800884956,Wednesday,0,7
2020-07-16,3496916.1,3417273.9,134,61,0.8059701492537313,142,631,19,629444.91,142,0.030110935023771792,79642.20000000019,0.18000000343159506,5541.863866877971,Thursday,0,7
2020-07-17,2963494.21,2910103.21,112,52,0.8482142857142857,121,523,17,533428.94,121,0.032504780114722756,53391.0,0.1799999939935769,5666.336921606118,Friday,0,7
2020-07-18,2167217.41,2102740.45,88,41,0.7840909090909091,90,383,26,390099.11,90,0.06788511749347259,64476.95999999996,0.17999998901817607,5658.531096605744,Saturday,1,7
2020-07-19,2598183.41,2439859.2,80,31,0.825,81,388,0,313985.62,81,0.0,158324.20999999996,0.12084813519766104,6696.348994845362,Sunday,1,7
2020-07-20,2378509.49,2153084.64,73,35,0.8082191780821918,79,401,20,188246.1,79,0.04987531172069826,225424.8500000001,0.07914456544800247,5931.445112219452,Monday,0,7
2020-07-21,3060145.15,2555988.41,97,41,0.8041237113402062,104,492,7,88034.55,104,0.014227642276422764,504156.73999999976,0.0287680961800129,6219.807215447155,Tuesday,0,7
2020-07-22,3102912.51,2421357.03,101,44,0.8613861386138614,105,454,15,7492.09,105,0.03303964757709251,681555.48,0.002414534723700605,6834.609052863436,Wednesday,0,7
2020-07-23,3882974.91,3066175.92,136,56,0.7867647058823529,145,649,21,0.0,145,0.032357473035439135,816798.9900000002,0.0,5983.012187981511,Thursday,0,7
2020-07-24,3897982.79,3118044.81,139,59,0.8129496402877698,146,640,12,0.0,146,0.01875,779937.98,0.0,6090.598109375,Friday,0,7
2020-07-25,2726776.18,2185291.86,84,31,0.7619047619047619,90,417,12,0.0,90,0.02877697841726619,541484.3200000003,0.0,6539.031606714629,Saturday,1,7
2020-07-26,2852671.37,2228931.73,83,40,0.6987951807228916,83,391,39,0.0,83,0.09974424552429667,623739.6400000001,0.0,7295.834705882353,Sunday,1,7
2020-07-27,2831486.13,2289596.5,96,41,0.8020833333333334,102,453,15,0.0,102,0.033112582781456956,541889.6299999999,0.0,6250.521258278145,Monday,0,7
2020-07-28,2395619.59,1857411.18,76,38,0.7894736842105263,79,361,9,0.0,79,0.024930747922437674,538208.4099999999,0.0,6636.065346260388,Tuesday,0,7
2020-07-29,3158908.2,2317187.54,99,45,0.7777777777777778,101,451,23,0.0,101,0.050997782705099776,841720.6600000001,0.0,7004.231042128604,Wednesday,0,7
2020-07-30,4151632.35,3350026.58,133,62,0.8045112781954887,139,631,49,0.0,139,0.07765451664025357,801605.77,0.0,6579.449049128368,Thursday,0,7
2020-07-31,5610491.95,4496247.74,198,91,0.8080808080808081,205,876,53,0.0,205,0.06050228310502283,1114244.21,0.0,6404.671175799087,Friday,0,7
2020-08-01,6132541.37,4909626.33,176,84,0.7670454545454546,183,845,32,0.0,183,0.0378698224852071,1222915.04,0.0,7257.445408284024,Saturday,1,8
2020-08-02,5345584.67,4186394.94,173,60,0.7687861271676301,177,772,18,0.0,177,0.023316062176165803,1159189.73,0.0,6924.332474093264,Sunday,1,8
2020-08-03,4397713.48,3443554.44,138,70,0.6884057971014492,143,660,47,0.0,143,0.07121212121212121,954159.0400000005,0.0,6663.202242424243,Monday,0,8
2020-08-04,3298352.62,2591360.98,115,52,0.7739130434782608,119,505,22,0.0,119,0.04356435643564356,706991.6400000001,0.0,6531.391326732673,Tuesday,0,8
2020-08-05,2223462.81,1734678.05,64,34,0.828125,68,346,4,0.0,68,0.011560693641618497,488784.76,0.0,6426.19309248555,Wednesday,0,8
2020-08-06,2991469.99,2308279.85,91,29,0.8351648351648352,96,422,4,0.0,96,0.009478672985781991,683190.1400000001,0.0,7088.791445497631,Thursday,0,8
2020-08-07,3277756.91,2547914.06,92,30,0.782608695652174,99,419,5,0.0,99,0.011933174224343675,729842.8500000001,0.0,7822.808854415275,Friday,0,8
2020-08-08,2449651.51,2088845.7,68,33,0.8676470588235294,71,331,19,0.0,71,0.05740181268882175,360805.8099999998,0.0,7400.759848942597,Saturday,1,8
2020-08-09,2935305.67,2352528.07,69,33,0.8115942028985508,72,340,21,0.0,72,0.061764705882352944,582777.6000000001,0.0,8633.251970588235,Sunday,1,8
2020-08-10,2914723.92,2318822.04,81,35,0.7777777777777778,87,405,17,0.0,87,0.04197530864197531,595901.8799999999,0.0,7196.849185185185,Monday,0,8
2020-08-11,2533038.45,2110648.66,93,35,0.8494623655913979,98,392,13,0.0,98,0.03316326530612245,422389.79000000004,0.0,6461.832780612245,Tuesday,0,8
2020-08-12,4245177.97,3574622.62,105,41,0.7333333333333333,109,499,15,0.0,109,0.03006012024048096,670555.3499999996,0.0,8507.370681362725,Wednesday,0,8
2020-08-13,3438121.83,2662240.38,107,52,0.8037383177570093,109,473,27,0.0,109,0.05708245243128964,775881.4500000002,0.0,7268.7565116279075,Thursday,0,8
2020-08-14,3685522.51,2879232.79,103,41,0.7281553398058253,108,484,21,0.0,108,0.04338842975206612,806289.7199999997,0.0,7614.715929752066,Friday,0,8
2020-08-15,2556409.43,2072000.19,88,32,0.7840909090909091,91,402,12,0.0,91,0.029850746268656716,484409.2400000002,0.0,6359.227437810946,Saturday,1,8
2020-08-16,2596444.46,2077063.06,79,35,0.7974683544303798,85,417,29,0.0,85,0.06954436450839328,519381.3999999999,0.0,6226.48551558753,Sunday,1,8
2020-08-17,3646382.12,2892437.08,95,42,0.8526315789473684,101,456,16,0.0,101,0.03508771929824561,753945.04,0.0,7996.45201754386,Monday,0,8
2020-08-18,3240488.83,2493505.46,103,55,0.8737864077669902,107,467,10,0.0,107,0.021413276231263382,746983.3700000001,0.0,6938.94824411135,Tuesday,0,8
2020-08-19,3279887.27,2543910.75,98,45,0.7959183673469388,102,503,26,0.0,102,0.05168986083499006,735976.52,0.0,6520.650636182902,Wednesday,0,8
2020-08-20,3569013.59,2909846.44,119,51,0.7478991596638656,126,548,15,0.0,126,0.02737226277372263,659167.1499999999,0.0,6512.79852189781,Thursday,0,8
2020-08-21,3939388.46,3133654.06,122,59,0.819672131147541,127,568,15,0.0,127,0.02640845070422535,805734.3999999999,0.0,6935.543063380282,Friday,0,8
2020-08-22,2465099.71,2000862.66,72,35,0.75,76,348,15,0.0,76,0.04310344827586207,464237.05000000005,0.0,7083.619856321839,Saturday,1,8
2020-08-23,2832425.22,2280579.88,90,37,0.8,93,400,17,0.0,93,0.0425,551845.3400000003,0.0,7081.063050000001,Sunday,1,8
2020-08-24,3217603.07,2631929.43,96,44,0.71875,101,440,21,0.0,101,0.04772727272727273,585673.6399999997,0.0,7312.7342499999995,Monday,0,8
2020-08-25,2428315.18,1917538.84,83,42,0.8072289156626506,87,384,11,0.0,87,0.028645833333333332,510776.3400000001,0.0,6323.737447916667,Tuesday,0,8
2020-08-26,3194953.82,2616197.98,96,36,0.8541666666666666,99,428,32,0.0,99,0.07476635514018691,578755.8399999999,0.0,7464.845373831776,Wednesday,0,8
2020-08-27,4445347.68,3675387.97,136,71,0.8014705882352942,150,666,23,0.0,150,0.03453453453453453,769959.7099999995,0.0,6674.696216216215,Thursday,0,8
2020-08-28,7296538.72,5928088.7,232,108,0.7974137931034483,249,1069,50,0.0,249,0.04677268475210477,1368450.0199999996,0.0,6825.574106641721,Friday,0,8
2020-08-29,7517051.79,6089417.86,229,119,0.7685589519650655,245,1118,30,0.0,245,0.026833631484794274,1427633.9299999997,0.0,6723.659919499106,Saturday,1,8
2020-08-30,8480394.59,6775599.46,251,105,0.8167330677290837,267,1210,56,73207.7,267,0.04628099173553719,1704795.13,0.00863258180065416,7008.590570247934,Sunday,1,8
2020-08-31,7490849.71,6294569.34,210,86,0.8380952380952381,232,1085,98,85034.15000000001,232,0.09032258064516129,1196280.37,0.011351736223793497,6904.008949308755,Monday,0,8
2020-09-01,6047477.92,5072223.86,179,75,0.8324022346368715,191,816,24,107664.34,191,0.029411764705882353,975254.0599999996,0.01780318033802759,7411.124901960784,Tuesday,0,9
2020-09-02,1434923.77,1282633.72,41,16,0.7804878048780488,43,202,13,99661.47,43,0.06435643564356436,152290.05000000005,0.06945419128432168,7103.58301980198,Wednesday,0,9
2020-09-03,1557705.54,1435356.63,41,20,0.9024390243902439,43,200,10,155770.58,43,0.05,122348.91000000015,0.10000001669121622,7788.527700000001,Thursday,0,9
2020-09-04,1425115.38,1249060.77,48,25,0.7708333333333334,50,212,2,142511.56,50,0.009433962264150943,176054.60999999987,0.10000001543734656,6722.2423584905655,Friday,0,9
2020-09-05,1581867.47,1449235.72,54,26,0.8518518518518519,59,264,15,158186.78,59,0.056818181818181816,132631.75,0.10000002086141895,5991.922234848485,Saturday,1,9
2020-09-06,2654105.11,2377874.42,75,37,0.8,77,373,15,265410.55,77,0.040214477211796246,276230.68999999994,0.10000001469421835,7115.563297587131,Sunday,1,9
2020-09-07,2479133.84,2159138.36,83,33,0.7831325301204819,87,383,15,247913.37,87,0.0391644908616188,319995.48,0.09999999435286641,6472.934308093994,Monday,0,9
2020-09-08,2542645.13,2183405.0,90,43,0.8222222222222222,96,388,4,254264.52,96,0.010309278350515464,359240.1299999999,0.10000000275303852,6553.209097938144,Tuesday,0,9
2020-09-09,1979410.07,1799215.01,69,31,0.8695652173913043,72,313,4,197941.03,72,0.012779552715654952,180195.06000000006,0.10000001161962362,6323.993833865815,Wednesday,0,9
2020-09-10,3146008.14,2761931.92,82,34,0.7317073170731707,83,426,21,314600.82,83,0.04929577464788732,384076.2200000002,0.1000000019071788,7384.995633802817,Thursday,0,9
2020-09-11,1990335.39,1821328.74,72,30,0.8055555555555556,74,345,5,199033.54,74,0.014492753623188406,169006.6499999999,0.1000000005024279,5769.088086956522,Friday,0,9
2020-09-12,2806228.3,2605429.08,79,30,0.7848101265822784,80,404,30,280622.83,80,0.07425742574257425,200799.21999999974,0.1,6946.109653465346,Saturday,1,9
2020-09-13,2240095.92,1957201.32,88,34,0.7386363636363636,95,418,13,224009.57,95,0.03110047846889952,282894.59999999986,0.09999999017899198,5359.081148325358,Sunday,1,9
2020-09-14,2832905.03,2603630.98,101,44,0.8316831683168316,104,459,20,283290.49,104,0.04357298474945534,229274.0499999998,0.09999999541107102,6171.906383442265,Monday,0,9
2020-09-15,2914536.51,2476205.19,107,47,0.794392523364486,114,543,11,291453.64,114,0.020257826887661142,438331.31999999983,0.099999996225815,5367.470552486187,Tuesday,0,9
2020-09-16,1994638.41,1821831.75,57,33,0.8421052631578947,59,285,0,199463.83000000002,59,0.0,172806.65999999992,0.099999994485216,6998.731263157894,Wednesday,0,9
2020-09-17,1827659.24,1626961.14,62,24,0.8548387096774194,66,267,20,182765.89,66,0.0749063670411985,200698.1000000001,0.09999998139696983,6845.165692883895,Thursday,0,9
2020-09-18,2600220.08,2233677.06,74,26,0.7702702702702703,76,346,24,260022.03,76,0.06936416184971098,366543.02,0.10000000846082228,7515.086936416185,Friday,0,9
2020-09-19,1806587.98,1582702.76,61,30,0.8032786885245902,65,293,8,180658.8,65,0.027303754266211604,223885.21999999997,0.10000000110705928,6165.82928327645,Saturday,1,9
2020-09-20,2334885.81,2132834.58,67,26,0.746268656716418,69,353,33,233488.58000000002,69,0.09348441926345609,202051.22999999998,0.09999999957171353,6614.407393767706,Sunday,1,9
2020-09-21,3082015.84,2723671.97,101,42,0.8118811881188119,104,491,7,308201.56,104,0.014256619144602852,358343.86999999965,0.09999999221288883,6277.018004073319,Monday,0,9
2020-09-22,2827707.7,2426080.5,93,39,0.7526881720430108,103,456,11,282770.78,103,0.02412280701754386,401627.2000000002,0.10000000353643342,6201.113377192983,Tuesday,0,9
2020-09-23,2254030.17,2095482.45,72,28,0.75,77,346,19,225403.05,77,0.05491329479768786,158547.71999999997,0.1000000146404429,6514.538063583815,Wednesday,0,9
2020-09-24,2021614.99,1879290.21,71,28,0.8028169014084507,77,327,19,202161.5,77,0.0581039755351682,142324.78000000003,0.10000000049465403,6182.308837920489,Thursday,0,9
2020-09-25,2587034.31,2341681.4,77,33,0.8441558441558441,82,335,16,258703.45,82,0.04776119402985075,245352.91000000015,0.10000000734431698,7722.49047761194,Friday,0,9
2020-09-26,2219447.23,2025784.18,71,35,0.7746478873239436,76,354,24,221944.69,76,0.06779661016949153,193663.05000000005,0.09999998513143293,6269.624943502825,Saturday,1,9
2020-09-27,3907778.93,3495826.9,138,66,0.8260869565217391,141,600,37,390778.05,141,0.06166666666666667,411952.03000000026,0.10000004017627476,6512.964883333334,Sunday,1,9
2020-09-28,4681424.38,4163962.01,155,72,0.8129032258064516,161,792,28,468142.48,161,0.03535353535353535,517462.3700000001,0.10000000897162842,5910.889368686869,Monday,0,9
2020-09-29,3862957.51,3418321.41,135,61,0.8518518518518519,148,642,13,351224.01,148,0.020249221183800622,444636.0999999996,0.09092101300384224,6017.067772585669,Tuesday,0,9
2020-09-30,3185317.6,2835582.57,100,40,0.84,104,467,8,293335.84,104,0.017130620985010708,349735.03000000026,0.09208998185926578,6820.808565310493,Wednesday,0,9
2020-10-01,2053948.94,1801442.13,78,36,0.8076923076923077,79,326,25,139744.02,79,0.07668711656441718,252506.81000000006,0.06803675460403606,6300.456871165644,Thursday,0,10
2020-10-02,844947.12,672777.16,19,12,0.6842105263157895,20,94,1,0.0,20,0.010638297872340425,172169.95999999996,0.0,8988.79914893617,Friday,0,10
2020-10-03,1819620.17,1400911.62,46,22,0.8478260869565217,47,212,6,0.0,47,0.02830188679245283,418708.5499999998,0.0,8583.114009433963,Saturday,1,10
2020-10-04,1305849.84,1031248.84,39,24,0.6410256410256411,40,167,6,0.0,40,0.03592814371257485,274601.0000000001,0.0,7819.46011976048,Sunday,1,10
2020-10-05,1476045.28,1106750.78,47,24,0.7659574468085106,48,208,7,0.0,48,0.03365384615384615,369294.5,0.0,7096.371538461539,Monday,0,10
2020-10-06,2225510.95,1785750.97,64,31,0.71875,66,270,14,0.0,66,0.05185185185185185,439759.9800000002,0.0,8242.633148148148,Tuesday,0,10
2020-10-07,2084609.48,1633404.7,64,33,0.828125,66,291,21,0.0,66,0.07216494845360824,451204.78,0.0,7163.6064604811,Wednesday,0,10
2020-10-08,1798621.9,1415449.28,52,20,0.8076923076923077,58,248,23,0.0,58,0.09274193548387097,383172.6199999999,0.0,7252.507661290322,Thursday,0,10
2020-10-09,1682037.65,1404182.57,46,24,0.7608695652173914,52,232,8,0.0,52,0.034482758620689655,277855.07999999984,0.0,7250.162284482758,Friday,0,10
2020-10-10,2023437.43,1582185.76,53,22,0.7735849056603774,55,264,10,0.0,55,0.03787878787878788,441251.6699999999,0.0,7664.53571969697,Saturday,1,10
2020-10-11,1446988.51,1177371.98,46,22,0.8695652173913043,46,180,1,0.0,46,0.005555555555555556,269616.53,0.0,8038.825055555556,Sunday,1,10
2020-10-12,1856496.7,1470316.91,57,21,0.8070175438596491,60,261,24,0.0,60,0.09195402298850575,386179.79000000004,0.0,7113.01417624521,Monday,0,10
2020-10-13,3071390.97,2435896.58,92,43,0.8586956521739131,99,450,50,0.0,99,0.1111111111111111,635494.3900000001,0.0,6825.313266666667,Tuesday,0,10
2020-10-14,2627129.58,2030216.9,72,33,0.8611111111111112,73,343,17,0.0,73,0.04956268221574344,596912.6800000002,0.0,7659.269912536443,Wednesday,0,10
2020-10-15,1826480.99,1499468.55,44,27,0.8409090909090909,47,219,7,0.0,47,0.0319634703196347,327012.43999999994,0.0,8340.09584474886,Thursday,0,10
2020-10-16,2213689.11,1814772.4,67,34,0.6119402985074627,72,296,24,0.0,72,0.08108108108108109,398916.70999999996,0.0,7478.679425675675,Friday,0,10
2020-10-17,2024181.52,1623856.95,61,20,0.7540983606557377,66,306,26,0.0,66,0.08496732026143791,400324.57000000007,0.0,6614.9722875817,Saturday,1,10
2020-10-18,2416150.55,2000897.4,62,34,0.8225806451612904,66,309,30,0.0,66,0.0970873786407767,415253.1499999999,0.0,7819.2574433656955,Sunday,1,10
2020-10-19,1798941.77,1455468.16,46,17,0.7608695652173914,48,198,9,0.0,48,0.045454545454545456,343473.6100000001,0.0,9085.564494949494,Monday,0,10
2020-10-20,2361849.87,1800189.76,77,40,0.7662337662337663,80,337,42,0.0,80,0.12462908011869436,561660.1100000001,0.0,7008.456587537093,Tuesday,0,10
2020-10-21,2168284.88,1762213.02,72,38,0.7916666666666666,74,361,19,0.0,74,0.05263157894736842,406071.85999999987,0.0,6006.329307479224,Wednesday,0,10
2020-10-22,2384359.77,1939167.59,61,25,0.8360655737704918,62,297,26,0.0,62,0.08754208754208755,445192.17999999993,0.0,8028.1473737373735,Thursday,0,10
2020-10-23,1313373.58,984874.54,53,26,0.8490566037735849,57,239,12,0.0,57,0.0502092050209205,328499.04000000004,0.0,5495.286945606695,Friday,0,10
2020-10-24,2435210.66,1935814.16,71,30,0.8169014084507042,76,321,10,0.0,76,0.03115264797507788,499396.50000000023,0.0,7586.326043613708,Saturday,1,10
2020-10-25,2045855.5,1595051.09,63,30,0.7619047619047619,68,305,17,0.0,68,0.05573770491803279,450804.4099999999,0.0,6707.722950819672,Sunday,1,10
2020-10-26,2383306.02,1881515.76,75,37,0.8133333333333334,84,362,54,0.0,84,0.14917127071823205,501790.26,0.0,6583.718287292818,Monday,0,10
2020-10-27,3242319.66,2668015.76,101,49,0.8613861386138614,116,537,38,0.0,116,0.07076350093109869,574303.9000000004,0.0,6037.8392178770955,Tuesday,0,10
2020-10-28,4138715.4,3246854.44,122,52,0.7786885245901639,132,589,24,0.0,132,0.04074702886247878,891860.96,0.0,7026.681494057725,Wednesday,0,10
2020-10-29,3361148.04,2777298.73,109,40,0.8715596330275229,117,516,34,0.0,117,0.06589147286821706,583849.31,0.0,6513.852790697674,Thursday,0,10
2020-10-30,2606337.42,2045887.36,87,35,0.8045977011494253,93,408,23,0.0,93,0.056372549019607844,560450.0599999998,0.0,6388.081911764706,Friday,0,10
2020-10-31,3099623.67,2419274.6,96,41,0.875,105,462,20,0.0,105,0.04329004329004329,680349.0699999998,0.0,6709.142142857143,Saturday,1,10
2020-11-01,2000351.9,1651707.88,56,27,0.75,58,280,24,0.0,58,0.08571428571428572,348644.02,0.0,7144.113928571428,Sunday,1,11
2020-11-02,1609265.54,1276568.22,47,19,0.8297872340425532,49,243,21,0.0,49,0.08641975308641975,332697.32000000007,0.0,6622.491934156379,Monday,0,11
2020-11-03,1148970.3,951051.1,37,14,0.8108108108108109,40,150,24,0.0,40,0.16,197919.20000000007,0.0,7659.802000000001,Tuesday,0,11
2020-11-04,1475675.48,1140886.92,48,22,0.8333333333333334,51,195,8,0.0,51,0.041025641025641026,334788.56000000006,0.0,7567.566564102564,Wednesday,0,11
2020-11-05,1340308.97,1063954.02,47,24,0.7872340425531915,49,208,7,0.0,49,0.03365384615384615,276354.94999999995,0.0,6443.793125,Thursday,0,11
2020-11-06,717152.89,537123.9,27,16,0.7407407407407407,29,132,7,0.0,29,0.05303030303030303,180028.99,0.0,5432.9764393939395,Friday,0,11
2020-11-07,1261006.58,1012158.51,38,20,0.6842105263157895,43,195,14,0.0,43,0.07179487179487179,248848.07000000007,0.0,6466.700410256411,Saturday,1,11
2020-11-08,1462906.75,1152752.12,48,21,0.8958333333333334,51,221,20,0.0,51,0.09049773755656108,310154.6299999999,0.0,6619.487556561086,Sunday,1,11
2020-11-09,1841341.67,1500031.86,58,29,0.7931034482758621,64,305,39,0.0,64,0.12786885245901639,341309.8099999998,0.0,6037.185803278689,Monday,0,11
2020-11-10,1423817.05,1131446.53,50,21,0.8,54,224,28,0.0,54,0.125,292370.52,0.0,6356.326116071429,Tuesday,0,11
2020-11-11,1850484.56,1510899.02,47,26,0.8085106382978723,48,219,33,0.0,48,0.1506849315068493,339585.54000000004,0.0,8449.701187214612,Wednesday,0,11
2020-11-12,1742209.81,1490266.12,50,25,0.88,56,224,6,0.0,56,0.026785714285714284,251943.68999999994,0.0,7777.722366071429,Thursday,0,11
2020-11-13,1874908.56,1475799.13,54,31,0.7962962962962963,55,239,3,0.0,55,0.012552301255230125,399109.43000000017,0.0,7844.805690376569,Friday,0,11
2020-11-14,1505407.33,1170919.18,39,20,0.7435897435897436,43,199,14,0.0,43,0.07035175879396985,334488.15000000014,0.0,7564.86095477387,Saturday,1,11
2020-11-15,1822943.34,1452200.16,51,17,0.7058823529411765,54,250,50,0.0,54,0.2,370743.18000000017,0.0,7291.77336,Sunday,1,11
2020-11-16,1677772.33,1289405.39,58,27,0.8793103448275862,62,297,17,0.0,62,0.05723905723905724,388366.9400000002,0.0,5649.065084175085,Monday,0,11
2020-11-17,1698265.63,1375791.27,59,29,0.7457627118644068,62,301,35,0.0,62,0.11627906976744186,322474.35999999987,0.0,5642.0785049833885,Tuesday,0,11
2020-11-18,1708292.62,1460231.18,51,19,0.8235294117647058,54,264,39,19076.75,54,0.14772727272727273,248061.44000000018,0.01116714418633969,6470.805378787879,Wednesday,0,11
2020-11-19,1389140.38,1147069.41,48,24,0.7916666666666666,50,196,12,62470.87,50,0.061224489795918366,242070.96999999997,0.04497088336025479,7087.450918367346,Thursday,0,11
2020-11-20,1761075.99,1653768.63,61,30,0.7868852459016393,65,299,25,201161.04,65,0.08361204013377926,107307.3600000001,0.11422621235100708,5889.886254180602,Friday,0,11
2020-11-21,1277317.49,1191035.2,55,23,0.8181818181818182,60,259,37,220387.29,60,0.14285714285714285,86282.29000000004,0.17253916252254559,4931.72776061776,Saturday,1,11
2020-11-22,1402812.95,1422457.39,56,24,0.7857142857142857,57,268,28,280562.61,57,0.1044776119402985,-19644.439999999944,0.20000001425706826,5234.376679104477,Sunday,1,11
2020-11-23,1254495.47,1331674.56,55,19,0.8545454545454545,58,256,58,250899.07,58,0.2265625,-77179.09000000008,0.199999980868803,4900.3729296875,Monday,0,11
2020-11-24,1234768.03,1251831.61,46,22,0.8043478260869565,50,251,13,246953.6,50,0.05179282868525897,-17063.580000000075,0.1999999951407877,4919.394541832669,Tuesday,0,11
2020-11-25,1016787.85,1011073.66,34,10,0.8529411764705882,38,181,6,203357.57,38,0.03314917127071823,5714.189999999944,0.2,5617.612430939226,Wednesday,0,11
2020-11-26,1003033.14,1066907.31,39,18,0.6923076923076923,44,206,9,200606.61000000002,44,0.043689320388349516,-63874.17000000004,0.19999998205443142,4869.09291262136,Thursday,0,11
2020-11-27,2064673.72,2076697.24,83,39,0.7590361445783133,98,420,23,412934.74,98,0.05476190476190476,-12023.520000000019,0.19999999806264787,4915.889809523809,Friday,0,11
2020-11-28,2102733.52,2118368.35,76,42,0.8552631578947368,84,386,18,420546.71,84,0.046632124352331605,-15634.830000000075,0.20000000285342862,5447.496165803109,Saturday,1,11
2020-11-29,1696662.48,1642786.66,77,29,0.7792207792207793,91,410,34,339332.49,91,0.08292682926829269,53875.820000000065,0.1999999964636455,4138.201170731707,Sunday,1,11
2020-11-30,1376299.12,1423882.94,68,25,0.7647058823529411,79,328,26,275259.84,79,0.07926829268292683,-47583.81999999983,0.2000000116253798,4196.033902439025,Monday,0,11
2020-12-01,1160032.88,1083886.83,65,31,0.8,75,318,36,232006.58,75,0.11320754716981132,76146.04999999981,0.20000000344817814,3647.9021383647796,Tuesday,0,12
2020-12-02,370653.23,366277.85,20,10,0.7,22,101,5,74130.64,22,0.04950495049504951,4375.380000000005,0.19999998381236284,3669.8339603960394,Wednesday,0,12
2020-12-03,528608.48,509665.44,25,11,0.76,29,137,15,105721.72,29,0.10948905109489052,18943.03999999998,0.20000004540222285,3858.4560583941607,Thursday,0,12
2020-12-04,645703.05,632473.93,27,11,0.8518518518518519,32,140,0,129140.59,32,0.0,13229.119999999995,0.1999999690260097,4612.164642857143,Friday,0,12
2020-12-05,653591.96,700683.81,34,16,0.8823529411764706,38,169,7,130718.39,38,0.04142011834319527,-47091.85000000009,0.19999999693998685,3867.408047337278,Saturday,1,12
2020-12-06,755648.75,731905.7,33,20,0.8181818181818182,39,179,19,151129.74,39,0.10614525139664804,23743.050000000047,0.19999998676633818,4221.501396648045,Sunday,1,12
2020-12-07,832522.38,856716.78,45,16,0.7555555555555555,50,224,22,166504.46,50,0.09821428571428571,-24194.400000000023,0.19999998078129744,3716.617767857143,Monday,0,12
2020-12-08,1297656.34,1226584.15,60,21,0.8833333333333333,65,299,11,259531.24,65,0.03678929765886288,71072.19000000018,0.19999997842263845,4339.9877591973245,Tuesday,0,12
2020-12-09,1154833.63,1135523.17,63,29,0.873015873015873,67,286,22,230966.78,67,0.07692307692307693,19310.459999999963,0.20000004675998223,4037.879825174825,Wednesday,0,12
2020-12-10,696601.42,694712.49,40,21,0.8,40,176,28,139320.3,40,0.1590909090909091,1888.9300000000512,0.2000000229686583,3957.962613636364,Thursday,0,12
2020-12-11,708701.4,714731.83,44,21,0.7954545454545454,48,175,17,141740.25,48,0.09714285714285714,-6030.429999999935,0.19999995766905498,4049.722285714286,Friday,0,12
2020-12-12,1122552.93,1114505.97,67,29,0.8507462686567164,75,304,29,224510.59,75,0.09539473684210527,8046.959999999963,0.20000000356330638,3692.608322368421,Saturday,1,12
2020-12-13,937152.62,894184.44,56,25,0.9107142857142857,69,304,27,187430.55000000002,69,0.08881578947368421,42968.18000000005,0.20000002774361345,3082.7388815789473,Sunday,1,12
2020-12-14,1601200.69,1536265.51,84,40,0.8214285714285714,93,397,15,320240.19,93,0.037783375314861464,64935.179999999935,0.20000003247562928,4033.2511083123422,Monday,0,12
2020-12-15,1355809.66,1345601.61,83,31,0.7831325301204819,92,418,31,271161.91,92,0.07416267942583732,10208.049999999814,0.1999999837735335,3243.563779904306,Tuesday,0,12
2020-12-16,1368150.26,1378715.06,70,33,0.8,75,316,18,273630.06,75,0.056962025316455694,-10564.800000000047,0.20000000584731095,4329.589430379747,Wednesday,0,12
2020-12-17,1104685.57,1105268.19,46,21,0.8043478260869565,55,234,4,220937.08000000002,55,0.017094017094017096,-582.6199999998789,0.1999999692220113,4720.878504273504,Thursday,0,12
2020-12-18,1251306.12,1173503.24,57,25,0.8245614035087719,61,284,17,250261.21,61,0.05985915492957746,77802.88000000012,0.1999999888116906,4406.007464788733,Friday,0,12
2020-12-19,1648432.09,1604918.15,67,34,0.8656716417910447,76,332,22,329686.44,76,0.06626506024096386,43513.94000000018,0.20000001334601536,4965.156897590362,Saturday,1,12
2020-12-20,1777867.4,1748875.07,82,29,0.8292682926829268,95,442,26,355573.51,95,0.058823529411764705,28992.32999999984,0.20000001687414934,4022.32443438914,Sunday,1,12
2020-12-21,2040125.86,2025685.77,99,41,0.8181818181818182,113,473,41,408025.22000000003,113,0.08668076109936575,14440.090000000084,0.20000002352796017,4313.162494714588,Monday,0,12
2020-12-22,2050706.5,1957791.36,117,52,0.7863247863247863,135,609,62,410141.31,135,0.10180623973727422,92915.1399999999,0.2000000048763682,3367.3341543513957,Tuesday,0,12
2020-12-23,1964805.24,2036033.68,82,30,0.7926829268292683,96,472,30,392961.04,96,0.0635593220338983,-71228.43999999994,0.1999999959283496,4162.7229661016945,Wednesday,0,12
2020-12-24,1223063.47,1196024.1,69,32,0.7536231884057971,81,398,24,244612.67,81,0.06030150753768844,27039.36999999988,0.19999998037714267,3073.023793969849,Thursday,0,12
2020-12-25,1200258.49,1181002.97,59,29,0.9322033898305084,72,350,7,240051.66,72,0.02,19255.52000000002,0.19999996834015313,3429.3099714285713,Friday,0,12
2020-12-26,1099988.0,1121806.33,78,36,0.7948717948717948,90,386,12,219997.63,90,0.031088082901554404,-21818.330000000075,0.2000000272730248,2849.7098445595857,Saturday,1,12
2020-12-27,1517374.4,1548752.98,89,37,0.8314606741573034,95,406,41,303474.92,95,0.10098522167487685,-31378.580000000075,0.2000000263613252,3737.375369458128,Sunday,1,12
2020-12-28,3627797.75,3660309.96,179,79,0.8100558659217877,206,923,55,725559.57,206,0.059588299024918745,-32512.209999999963,0.20000000551298647,3930.4417659804985,Monday,0,12
2020-12-29,2940732.69,2915164.04,154,72,0.8116883116883117,181,815,68,588146.57,181,0.0834355828220859,25568.649999999907,0.20000001088164188,3608.2609693251534,Tuesday,0,12
2020-12-30,2881135.64,2881761.18,124,58,0.8145161290322581,141,616,54,570244.81,141,0.08766233766233766,-625.5400000000373,0.1979236250050345,4677.168246753247,Wednesday,0,12
2020-12-31,2153864.87,2157011.11,89,39,0.7752808988764045,103,477,23,420231.49,103,0.04821802935010482,-3146.239999999758,0.19510578210043417,4515.439979035639,Thursday,0,12
2021-01-01,1553431.51,1547553.58,69,33,0.8405797101449275,74,341,20,262550.96,74,0.05865102639296188,5877.929999999935,0.16901354086734086,4555.517624633431,Friday,0,1
2021-01-02,378420.41,311258.46,17,13,0.8235294117647058,17,55,1,0.0,17,0.01818181818181818,67161.94999999995,0.0,6880.3710909090905,Saturday,1,1
2021-01-03,677894.56,516308.19,22,7,0.8636363636363636,26,120,5,0.0,26,0.041666666666666664,161586.37000000005,0.0,5649.1213333333335,Sunday,1,1
2021-01-04,819877.04,631242.67,26,10,0.7307692307692307,28,118,8,0.0,28,0.06779661016949153,188634.37,0.0,6948.110508474577,Monday,0,1
2021-01-05,1174326.91,961163.6,42,20,0.6904761904761905,45,206,24,0.0,45,0.11650485436893204,213163.30999999994,0.0,5700.616067961165,Tuesday,0,1
2021-01-06,1114251.05,906466.26,22,10,0.7727272727272727,22,116,10,0.0,22,0.08620689655172414,207784.79000000004,0.0,9605.612500000001,Wednesday,0,1
2021-01-07,837846.02,690390.14,30,14,0.8333333333333334,33,143,9,0.0,33,0.06293706293706294,147455.88,0.0,5859.0630769230775,Thursday,0,1
2021-01-08,1023293.14,849565.94,32,13,0.75,36,167,6,0.0,36,0.03592814371257485,173727.20000000007,0.0,6127.503832335329,Friday,0,1
2021-01-09,853729.27,699954.28,23,11,0.6956521739130435,26,121,18,0.0,26,0.1487603305785124,153774.99,0.0,7055.613801652893,Saturday,1,1
2021-01-10,1180728.66,984866.85,36,17,0.8333333333333334,38,175,8,0.0,38,0.045714285714285714,195861.80999999994,0.0,6747.020914285714,Sunday,1,1
2021-01-11,1515387.6,1201417.37,39,17,0.8205128205128205,42,210,22,0.0,42,0.10476190476190476,313970.23,0.0,7216.131428571429,Monday,0,1
2021-01-12,1062807.64,869052.09,35,18,0.7714285714285715,37,167,15,0.0,37,0.08982035928143713,193755.54999999993,0.0,6364.117604790418,Tuesday,0,1
2021-01-13,1070756.5,856031.34,33,17,0.7878787878787878,36,152,0,0.0,36,0.0,214725.16000000003,0.0,7044.450657894737,Wednesday,0,1
2021-01-14,764427.24,629061.31,30,19,0.8333333333333334,30,116,3,0.0,30,0.02586206896551724,135365.92999999993,0.0,6589.89,Thursday,0,1
2021-01-15,977003.78,779003.57,29,15,0.8275862068965517,34,157,14,0.0,34,0.08917197452229299,198000.21000000008,0.0,6222.954012738854,Friday,0,1
2021-01-16,1185774.61,916210.38,32,17,0.875,35,154,6,0.0,35,0.03896103896103896,269564.2300000001,0.0,7699.835129870131,Saturday,1,1
2021-01-17,1224098.2,966990.57,37,16,0.8648648648648649,38,162,1,0.0,38,0.006172839506172839,257107.63,0.0,7556.161728395062,Sunday,1,1
2021-01-18,2502006.18,1916159.06,61,29,0.7377049180327869,65,313,8,0.0,65,0.025559105431309903,585847.1200000001,0.0,7993.629968051118,Monday,0,1
2021-01-19,2011018.39,1652010.17,64,36,0.734375,71,303,22,0.0,71,0.07260726072607261,359008.22,0.0,6637.024389438943,Tuesday,0,1
2021-01-20,1595354.2,1216527.62,38,16,0.7368421052631579,40,207,19,0.0,40,0.09178743961352658,378826.57999999984,0.0,7707.025120772947,Wednesday,0,1
2021-01-21,1698207.91,1250048.47,46,20,0.6956521739130435,47,227,9,0.0,47,0.039647577092511016,448159.43999999994,0.0,7481.092114537445,Thursday,0,1
2021-01-22,1620041.5,1267935.48,40,19,0.775,47,218,5,0.0,47,0.022935779816513763,352106.02,0.0,7431.383027522936,Friday,0,1
2021-01-23,1744298.27,1412867.08,58,25,0.7586206896551724,63,287,29,0.0,63,0.10104529616724739,331431.18999999994,0.0,6077.694320557492,Saturday,1,1
2021-01-24,1862707.42,1491339.57,60,29,0.7833333333333333,65,294,25,0.0,65,0.08503401360544217,371367.84999999986,0.0,6335.739523809523,Sunday,1,1
2021-01-25,2346216.5,1913189.53,71,44,0.8309859154929577,74,324,38,0.0,74,0.11728395061728394,433026.97,0.0,7241.408950617284,Monday,0,1
2021-01-26,2993616.58,2282478.29,78,37,0.7307692307692307,82,380,2,0.0,82,0.005263157894736842,711138.29,0.0,7877.9383684210525,Tuesday,0,1
2021-01-27,2258351.94,1690062.59,65,34,0.6461538461538462,69,266,14,0.0,69,0.05263157894736842,568289.3499999999,0.0,8490.044887218044,Wednesday,0,1
2021-01-28,2405871.45,1845885.39,67,31,0.6865671641791045,70,302,23,0.0,70,0.076158940397351,559986.0600000003,0.0,7966.461754966888,Thursday,0,1
2021-01-29,2246568.53,1778946.6,64,30,0.75,69,290,17,0.0,69,0.05862068965517241,467621.9299999997,0.0,7746.788034482758,Friday,0,1
2021-01-30,2167603.39,1754979.72,55,23,0.8363636363636363,57,249,3,6477.9800000000005,57,0.012048192771084338,412623.67000000016,0.0029885448739771533,8705.234497991969,Saturday,1,1
2021-01-31,1607178.02,1317474.79,51,23,0.7843137254901961,55,237,27,15993.83,55,0.11392405063291139,289703.23,0.009951498714498347,6781.341856540084,Sunday,1,1
2021-02-01,1551374.11,1281321.59,55,28,0.8181818181818182,56,218,24,12026.17,56,0.11009174311926606,270052.52,0.007751947078709467,7116.395,Monday,0,2
2021-02-02,958876.9,764858.08,35,16,0.7714285714285715,41,188,13,30009.08,41,0.06914893617021277,194018.82000000007,0.03129607147695392,5100.409042553191,Tuesday,0,2
2021-02-03,1095535.11,933310.92,39,19,0.7692307692307693,40,181,27,21434.23,40,0.14917127071823205,162224.19000000006,0.01956507811055001,6052.680165745857,Wednesday,0,2
2021-02-04,1345207.17,1009834.12,37,20,0.7027027027027027,39,172,8,19954.96,39,0.046511627906976744,335373.04999999993,0.01483411659187038,7820.97191860465,Thursday,0,2
2021-02-05,1749418.05,1399602.15,47,21,0.8085106382978723,48,234,7,15216.03,48,0.029914529914529916,349815.90000000014,0.008697766665892124,7476.145512820513,Friday,0,2
2021-02-06,1240787.91,940727.48,38,15,0.7631578947368421,38,177,2,15442.44,38,0.011299435028248588,300060.42999999993,0.01244567252432368,7010.101186440677,Saturday,1,2
2021-02-07,1814367.53,1394396.68,47,20,0.7446808510638298,49,248,21,29403.56,49,0.0846774193548387,419970.8500000001,0.016205955802130124,7315.99810483871,Sunday,1,2
2021-02-08,1325809.68,1131072.08,44,21,0.75,48,198,31,33269.45,48,0.15656565656565657,194737.59999999986,0.025093684638054534,6696.008484848485,Monday,0,2
2021-02-09,1448124.96,1194857.77,52,26,0.6730769230769231,57,244,27,50488.52,57,0.11065573770491803,253267.18999999994,0.034864753660485207,5934.938360655738,Tuesday,0,2
2021-02-10,1851743.73,1575581.32,54,22,0.7037037037037037,60,278,6,42868.42,60,0.02158273381294964,276162.4099999999,0.023150298448695164,6660.948669064748,Wednesday,0,2
2021-02-11,1689417.95,1396084.38,47,23,0.6808510638297872,51,255,0,25097.39,51,0.0,293333.57000000007,0.014855643033744256,6625.168431372549,Thursday,0,2
2021-02-12,1983824.96,1679342.84,55,26,0.6,60,270,19,48075.47,60,0.07037037037037037,304482.1199999999,0.024233725741609785,7347.499851851851,Friday,0,2
2021-02-13,1986462.63,1556559.62,63,30,0.746031746031746,70,330,21,52611.35,70,0.06363636363636363,429903.0099999998,0.026484943238021044,6019.583727272727,Saturday,1,2
2021-02-14,2942830.48,2472928.79,75,37,0.76,78,376,13,27376.44,78,0.034574468085106384,469901.68999999994,0.009302758071202252,7826.676808510639,Sunday,1,2
2021-02-15,3142099.08,2531323.24,93,44,0.7634408602150538,100,459,28,53091.56,100,0.06100217864923747,610775.8399999999,0.016896844640557927,6845.531764705883,Monday,0,2
2021-02-16,1874868.49,1645455.89,69,29,0.8115942028985508,70,290,37,37751.58,70,0.12758620689655173,229412.6000000001,0.020135588283314743,6465.063758620689,Tuesday,0,2
2021-02-17,2468895.03,1948858.13,74,37,0.6891891891891891,82,340,3,31040.260000000002,82,0.008823529411764706,520036.8999999999,0.012572531283357157,7261.455970588235,Wednesday,0,2
2021-02-18,1729200.62,1374282.0,60,21,0.7833333333333333,65,264,7,20454.02,65,0.026515151515151516,354918.6200000001,0.011828598581002128,6550.002348484849,Thursday,0,2
2021-02-19,2485137.46,1894234.27,63,21,0.6984126984126984,68,324,21,35187.11,68,0.06481481481481481,590903.19,0.01415901959805475,7670.177345679012,Friday,0,2
2021-02-20,2510521.11,1978226.96,70,36,0.7857142857142857,75,330,8,20750.69,75,0.024242424242424242,532294.1499999999,0.008265491143390544,7607.639727272727,Saturday,1,2
2021-02-21,2673937.37,2158355.9,82,33,0.7195121951219512,85,369,29,36022.0,85,0.07859078590785908,515581.4700000002,0.013471519716260219,7246.442737127371,Sunday,1,2
2021-02-22,3295922.4,2680528.93,106,46,0.8113207547169812,110,471,26,28490.97,110,0.055201698513800426,615393.4699999997,0.008644308494641744,6997.712101910828,Monday,0,2
2021-02-23,4952064.84,3886168.63,123,47,0.8617886178861789,130,613,35,65344.37,130,0.057096247960848286,1065896.21,0.013195378516085828,8078.409200652528,Tuesday,0,2
2021-02-24,2880648.13,2377495.5,86,42,0.7674418604651163,87,417,10,15161.82,87,0.023980815347721823,503152.6299999999,0.005263336345074537,6908.029088729017,Wednesday,0,2
2021-02-25,5675843.97,4598510.35,165,79,0.7333333333333333,177,815,57,89313.26,177,0.06993865030674846,1077333.62,0.01573567921741161,6964.225730061349,Thursday,0,2
2021-02-26,3813868.44,3118356.14,120,55,0.7416666666666667,125,615,30,63586.38,125,0.04878048780487805,695512.2999999998,0.016672410441090097,6201.412097560976,Friday,0,2
2021-02-27,3241854.71,2733660.27,102,53,0.7941176470588235,110,500,21,65359.06,110,0.042,508194.43999999994,0.02016100838769545,6483.70942,Saturday,1,2
2021-02-28,2348995.75,1901704.24,75,41,0.8533333333333334,82,340,9,46548.07,82,0.026470588235294117,447291.51,0.019816157606926278,6908.811029411765,Sunday,1,2
2021-03-01,1942260.67,1595206.21,68,33,0.6764705882352942,72,334,28,42739.979999999996,72,0.08383233532934131,347054.45999999996,0.022005274915029814,5815.151706586827,Monday,0,3
2021-03-02,679248.37,536287.19,14,9,0.7142857142857143,15,79,0,0.0,15,0.0,142961.18000000005,0.0,8598.080632911393,Tuesday,0,3
2021-03-03,1202803.22,982110.07,42,18,0.8571428571428571,45,202,19,0.0,45,0.09405940594059406,220693.15000000002,0.0,5954.4713861386135,Wednesday,0,3
2021-03-04,2188811.67,1718125.54,77,34,0.7402597402597403,82,367,13,0.0,82,0.035422343324250684,470686.1299999999,0.0,5964.064495912807,Thursday,0,3
2021-03-05,1350969.16,1101818.84,55,24,0.7454545454545455,56,224,10,0.0,56,0.044642857142857144,249150.31999999983,0.0,6031.112321428571,Friday,0,3
2021-03-06,1702498.76,1385168.73,58,25,0.8620689655172413,62,285,10,0.0,62,0.03508771929824561,317330.03,0.0,5973.679859649123,Saturday,1,3
2021-03-07,2475099.15,2022240.35,87,41,0.7586206896551724,94,408,16,0.0,94,0.0392156862745098,452858.7999999998,0.0,6066.419485294117,Sunday,1,3
2021-03-08,2765984.78,2054703.58,89,37,0.7191011235955056,97,427,26,0.0,97,0.06088992974238876,711281.1999999997,0.0,6477.716112412178,Monday,0,3
2021-03-09,2910840.37,2318282.64,88,41,0.7727272727272727,94,402,33,0.0,94,0.08208955223880597,592557.73,0.0,7240.89644278607,Tuesday,0,3
2021-03-10,2793536.43,2183321.72,103,44,0.7766990291262136,109,464,32,0.0,109,0.06896551724137931,610214.71,0.0,6020.55265086207,Wednesday,0,3
2021-03-11,4291688.17,3434300.04,131,57,0.8091603053435115,140,635,42,0.0,140,0.06614173228346457,857388.1299999999,0.0,6758.564047244095,Thursday,0,3
2021-03-12,4134860.06,3361961.81,137,52,0.781021897810219,148,648,28,0.0,148,0.043209876543209874,772898.25,0.0,6380.956882716049,Friday,0,3
2021-03-13,2417371.88,1968099.73,87,45,0.7816091954022989,99,447,27,0.0,99,0.06040268456375839,449272.1499999999,0.0,5407.990782997763,Saturday,1,3
2021-03-14,2889680.59,2334076.0,97,47,0.8247422680412371,101,452,21,0.0,101,0.046460176991150445,555604.5899999999,0.0,6393.098650442477,Sunday,1,3
2021-03-15,3654509.31,2866925.36,117,58,0.7948717948717948,121,548,14,0.0,121,0.025547445255474453,787583.9500000002,0.0,6668.812609489051,Monday,0,3
2021-03-16,4008350.11,3320217.27,122,54,0.7459016393442623,128,574,6,0.0,128,0.010452961672473868,688132.8399999999,0.0,6983.188344947735,Tuesday,0,3
2021-03-17,4400411.89,3480694.63,141,67,0.7872340425531915,154,647,36,0.0,154,0.05564142194744977,919717.2599999998,0.0,6801.25485316847,Wednesday,0,3
2021-03-18,5516765.31,4537155.51,189,81,0.8042328042328042,196,889,36,108884.23,196,0.04049493813273341,979609.7999999998,0.019736969742510217,6205.585275590551,Thursday,0,3
2021-03-19,3614457.51,2975958.79,138,57,0.8043478260869565,148,659,20,141622.13,148,0.030349013657056147,638498.7199999997,0.03918212611662435,5484.761016691958,Friday,0,3
2021-03-20,3232018.55,2766387.35,103,49,0.7378640776699029,111,554,26,169443.16,111,0.04693140794223827,465631.1999999997,0.05242641939663373,5833.968501805054,Saturday,1,3
2021-03-21,2822145.24,2475231.8,103,50,0.7475728155339806,107,444,22,259518.63,107,0.04954954954954955,346913.4400000004,0.09195792843035959,6356.182972972973,Sunday,1,3
2021-03-22,3923103.49,3698730.81,143,59,0.7552447552447552,149,652,31,470772.45,149,0.04754601226993865,224372.68000000017,0.12000000795288732,6017.029892638037,Monday,0,3
2021-03-23,4222620.69,3768846.71,147,66,0.7755102040816326,152,692,24,506714.47,152,0.03468208092485549,453773.98000000045,0.11999999696870711,6102.053020231215,Tuesday,0,3
2021-03-24,4003647.57,3639438.17,141,50,0.7730496453900709,155,648,20,480437.68,155,0.030864197530864196,364209.3999999999,0.11999999290646854,6178.468472222222,Wednesday,0,3
2021-03-25,4847687.37,4322456.49,189,97,0.8253968253968254,200,934,32,581722.45,200,0.034261241970021415,525230.8799999999,0.11999999290383281,5190.243436830835,Thursday,0,3
2021-03-26,4034615.27,3623284.41,162,69,0.7901234567901234,172,770,40,484153.83,172,0.05194805194805195,411330.85999999987,0.11999999940514774,5239.760090909091,Friday,0,3
2021-03-27,3612774.77,3405524.2,135,63,0.725925925925926,144,617,39,433532.99,144,0.06320907617504051,207250.56999999983,0.12000000487160177,5855.388606158833,Saturday,1,3
2021-03-28,3528929.89,3193051.24,147,69,0.7687074829931972,164,698,22,423471.64,164,0.03151862464183381,335878.6499999999,0.1200000150753916,5055.773481375359,Sunday,1,3
2021-03-29,4090090.6,3735223.94,180,85,0.7944444444444444,200,884,48,490810.73,200,0.05429864253393665,354866.66000000015,0.11999996528194265,4626.799321266968,Monday,0,3
2021-03-30,10795905.35,9875208.04,368,163,0.7364130434782609,399,1841,116,1295508.63,399,0.06300923411189571,920697.3100000005,0.11999999888846746,5864.152824551874,Tuesday,0,3
2021-03-31,9220320.43,8547874.84,348,161,0.8419540229885057,391,1761,114,1106438.5,391,0.06473594548551959,672445.5899999999,0.12000000524927527,5235.843515048268,Wednesday,0,3
2021-04-01,9027075.84,8225391.38,338,147,0.7307692307692307,366,1615,87,1083249.15,366,0.05386996904024768,801684.46,0.12000000545026993,5589.520643962848,Thursday,0,4
2021-04-02,7866035.23,7228630.89,307,142,0.749185667752443,340,1513,51,943924.21,340,0.033707865168539325,637404.3400000008,0.11999999776253226,5198.965783212161,Friday,0,4
2021-04-03,7594752.42,7064149.71,253,98,0.8181818181818182,270,1225,54,911370.3,270,0.044081632653061226,530602.71,0.12000000126403068,6199.797893877551,Saturday,1,4
2021-04-04,1720555.46,1597615.49,61,28,0.9180327868852459,64,300,28,206466.61,64,0.09333333333333334,122939.96999999997,0.1199999737294141,5735.1848666666665,Sunday,1,4
2021-04-05,2665962.66,2489752.36,87,38,0.735632183908046,88,371,25,319915.51,88,0.0673854447439353,176210.30000000028,0.11999999654908895,7185.883180592992,Monday,0,4
2021-04-06,2627509.32,2395678.58,76,38,0.8421052631578947,82,394,18,315301.11,82,0.04568527918781726,231830.73999999976,0.11999999680305606,6668.80538071066,Tuesday,0,4
2021-04-07,3504391.02,3200078.0,114,56,0.7017543859649122,127,562,53,420526.89999999997,127,0.09430604982206406,304313.02,0.11999999360801922,6235.571209964412,Wednesday,0,4
2021-04-08,3026850.22,2768519.33,95,38,0.7578947368421053,100,486,14,363222.06,100,0.02880658436213992,258330.89000000013,0.12000001110064837,6228.0868724279835,Thursday,0,4
2021-04-09,3110153.27,2714930.73,93,38,0.8387096774193549,99,442,18,373218.36,99,0.04072398190045249,395222.54000000004,0.11999998958250697,7036.545859728507,Friday,0,4
2021-04-10,2505766.01,2142941.81,88,38,0.8409090909090909,93,426,20,300691.91,93,0.046948356807511735,362824.1999999997,0.11999999553030892,5882.079835680751,Saturday,1,4
2021-04-11,2755337.37,2528446.54,97,45,0.7731958762886598,105,479,16,330640.51,105,0.033402922755741124,226890.83000000007,0.12000000929105825,5752.270083507307,Sunday,1,4
2021-04-12,3206411.87,3006280.88,116,51,0.8362068965517241,124,514,15,384769.41,124,0.029182879377431907,200130.99000000022,0.11999999550899865,6238.155389105059,Monday,0,4
2021-04-13,3231903.43,2897501.76,121,63,0.7355371900826446,127,539,22,387828.45,127,0.04081632653061224,334401.6700000004,0.12000001188154313,5996.11025974026,Tuesday,0,4
2021-04-14,5218947.03,4826353.96,166,58,0.7710843373493976,176,769,23,507626.4,176,0.02990897269180754,392593.0700000003,0.0972660571341342,6786.667139141743,Wednesday,0,4
2021-04-15,4270735.63,3783812.65,141,68,0.8156028368794326,149,684,18,316865.81,149,0.02631578947368421,486922.98,0.07419466748870147,6243.765540935672,Thursday,0,4
2021-04-16,3735241.12,3308841.35,109,48,0.7889908256880734,111,526,30,226395.08000000002,111,0.057034220532319393,426399.77,0.06061056642040823,7101.21885931559,Friday,0,4
2021-04-17,3800876.52,3259298.49,113,56,0.7787610619469026,118,510,11,63303.73,118,0.021568627450980392,541578.0299999998,0.016655034612910815,7452.699058823529,Saturday,1,4
2021-04-18,4448113.81,3495208.68,120,48,0.8166666666666667,125,591,6,0.0,125,0.01015228426395939,952905.1299999994,0.0,7526.419306260575,Sunday,1,4
2021-04-19,3468512.12,2925337.15,109,53,0.7614678899082569,116,503,19,0.0,116,0.03777335984095427,543174.9700000002,0.0,6895.650337972167,Monday,0,4
2021-04-20,4030055.78,3186833.6,128,55,0.7578125,137,598,20,0.0,137,0.033444816053511704,843222.1799999997,0.0,6739.223712374582,Tuesday,0,4
2021-04-21,5244905.44,4141247.89,152,61,0.8092105263157895,160,740,21,0.0,160,0.02837837837837838,1103657.5500000003,0.0,7087.710054054055,Wednesday,0,4
2021-04-22,4635126.49,3691630.05,138,60,0.7608695652173914,147,659,11,0.0,147,0.01669195751138088,943496.4400000004,0.0,7033.575857359636,Thursday,0,4
2021-04-23,2503702.41,1966755.8,96,45,0.7604166666666666,97,390,10,0.0,97,0.02564102564102564,536946.6100000001,0.0,6419.74976923077,Friday,0,4
2021-04-24,3966260.92,3199689.13,126,64,0.8015873015873016,129,563,19,0.0,129,0.03374777975133215,766571.79,0.0,7044.868419182948,Saturday,1,4
2021-04-25,4545990.29,3630097.75,131,54,0.7786259541984732,137,655,16,0.0,137,0.024427480916030534,915892.54,0.0,6940.443190839695,Sunday,1,4
2021-04-26,4718077.11,3814996.18,140,76,0.7857142857142857,152,672,3,0.0,152,0.004464285714285714,903080.9300000002,0.0,7020.948080357143,Monday,0,4
2021-04-27,5303542.87,4355535.28,160,59,0.75625,167,811,24,0.0,167,0.029593094944512947,948007.5899999999,0.0,6539.510320591862,Tuesday,0,4
2021-04-28,5606431.49,4335482.99,193,93,0.7979274611398963,205,908,12,0.0,205,0.013215859030837005,1270948.5,0.0,6174.484019823789,Wednesday,0,4
2021-04-29,9535515.05,7714922.63,272,116,0.7904411764705882,285,1278,17,0.0,285,0.013302034428794992,1820592.4200000009,0.0,7461.279381846636,Thursday,0,4
2021-04-30,6962149.33,5622679.65,206,101,0.8155339805825242,219,1030,36,0.0,219,0.03495145631067961,1339469.6799999997,0.0,6759.368281553398,Friday,0,4
2021-05-01,6555221.49,5276005.92,182,93,0.8186813186813187,189,886,17,0.0,189,0.019187358916478554,1279215.5700000003,0.0,7398.669853273138,Saturday,1,5
2021-05-02,5301495.07,4383106.98,167,69,0.7844311377245509,178,747,33,0.0,178,0.04417670682730924,918388.0899999999,0.0,7097.048286479251,Sunday,1,5
2021-05-03,3778243.02,3051862.47,119,40,0.8235294117647058,122,554,22,0.0,122,0.039711191335740074,726380.5499999998,0.0,6819.933249097473,Monday,0,5
2021-05-04,1930133.97,1605646.92,60,31,0.7833333333333333,66,312,8,0.0,66,0.02564102564102564,324487.05000000005,0.0,6186.326826923077,Tuesday,0,5
2021-05-05,2491751.76,1992920.65,75,36,0.7066666666666667,76,356,0,0.0,76,0.0,498831.10999999987,0.0,6999.302696629213,Wednesday,0,5
2021-05-06,3090364.98,2462408.5,101,41,0.7722772277227723,109,517,3,0.0,109,0.005802707930367505,627956.48,0.0,5977.495125725339,Thursday,0,5
2021-05-07,3099539.75,2583097.98,82,34,0.7560975609756098,87,402,1,0.0,87,0.0024875621890547263,516441.77,0.0,7710.297885572139,Friday,0,5
2021-05-08,2448108.31,2024581.03,79,39,0.7974683544303798,82,357,0,0.0,82,0.0,423527.28,0.0,6857.4462464986,Saturday,1,5
2021-05-09,3801718.87,3192875.3,104,42,0.75,111,494,9,0.0,111,0.018218623481781375,608843.5700000003,0.0,7695.787186234818,Sunday,1,5
2021-05-10,3546216.71,2807669.46,106,48,0.7830188679245284,110,506,10,0.0,110,0.019762845849802372,738547.25,0.0,7008.333418972332,Monday,0,5
2021-05-11,3323078.36,2752138.51,100,45,0.83,104,480,26,0.0,104,0.05416666666666667,570939.8500000001,0.0,6923.079916666667,Tuesday,0,5
2021-05-12,4782841.68,3847828.01,147,69,0.8503401360544217,157,687,17,0.0,157,0.024745269286754003,935013.6699999999,0.0,6961.923842794759,Wednesday,0,5
2021-05-13,5666923.8,4709813.19,184,80,0.7717391304347826,188,825,19,0.0,188,0.02303030303030303,957110.6099999994,0.0,6868.998545454545,Thursday,0,5
2021-05-14,5250104.11,4258778.21,164,74,0.7804878048780488,169,767,42,0.0,169,0.054758800521512385,991325.9000000004,0.0,6844.9858018252935,Friday,0,5
2021-05-15,3858160.76,3146686.62,114,59,0.7894736842105263,118,539,7,0.0,118,0.012987012987012988,711474.1399999997,0.0,7157.997699443414,Saturday,1,5
2021-05-16,3981359.06,3199505.04,125,60,0.792,131,594,11,0.0,131,0.018518518518518517,781854.02,0.0,6702.624680134681,Sunday,1,5
2021-05-17,4684806.7,3826508.17,134,58,0.7910447761194029,140,624,16,0.0,140,0.02564102564102564,858298.5300000003,0.0,7507.703044871795,Monday,0,5
2021-05-18,3549112.31,2889339.05,109,51,0.7798165137614679,113,490,12,0.0,113,0.024489795918367346,659773.2600000002,0.0,7243.086346938776,Tuesday,0,5
2021-05-19,4795038.58,3840346.57,135,54,0.7407407407407407,142,688,30,0.0,142,0.0436046511627907,954692.0100000002,0.0,6969.532819767442,Wednesday,0,5
2021-05-20,5057797.75,4088691.43,156,66,0.7435897435897436,162,761,36,0.0,162,0.04730617608409987,969106.3199999998,0.0,6646.25197109067,Thursday,0,5
2021-05-21,5434543.62,4271132.76,157,74,0.8152866242038217,160,762,13,0.0,160,0.01706036745406824,1163410.8600000003,0.0,7131.947007874016,Friday,0,5
2021-05-22,4310539.38,3526722.84,128,58,0.7890625,132,543,25,0.0,132,0.04604051565377532,783816.54,0.0,7938.378232044199,Saturday,1,5
2021-05-23,3846392.54,3086892.89,122,51,0.8032786885245902,125,527,14,0.0,125,0.026565464895635674,759499.6499999999,0.0,7298.657571157495,Sunday,1,5
2021-05-24,3987573.28,3177252.48,113,41,0.7168141592920354,119,550,19,0.0,119,0.034545454545454546,810320.7999999998,0.0,7250.133236363636,Monday,0,5
2021-05-25,3822459.48,3142554.15,109,50,0.8532110091743119,113,532,10,0.0,113,0.018796992481203006,679905.3300000001,0.0,7185.074210526316,Tuesday,0,5
2021-05-26,4915453.17,4056932.97,151,77,0.7748344370860927,160,727,44,0.0,160,0.06052269601100413,858520.1999999997,0.0,6761.283590096286,Wednesday,0,5
2021-05-27,7320510.07,6048379.93,206,88,0.7815533980582524,219,1014,31,0.0,219,0.03057199211045365,1272130.1400000006,0.0,7219.437938856016,Thursday,0,5
2021-05-28,6925957.27,5561587.62,201,86,0.746268656716418,213,920,42,0.0,213,0.04565217391304348,1364369.6499999994,0.0,7528.214423913043,Friday,0,5
2021-05-29,4630943.52,3787091.31,139,61,0.7122302158273381,146,623,31,0.0,146,0.04975922953451043,843852.2099999995,0.0,7433.2961797752805,Saturday,1,5
2021-05-30,8887935.6,7274840.31,265,103,0.7886792452830189,289,1321,32,0.0,289,0.024224072672218017,1613095.29,0.0,6728.187433762301,Sunday,1,5
2021-05-31,7996369.9,6466327.4,233,95,0.7510729613733905,254,1118,40,0.0,254,0.03577817531305903,1530042.5,0.0,7152.388103756709,Monday,0,5
2021-06-01,7479521.04,6141761.22,214,99,0.794392523364486,233,1067,18,0.0,233,0.016869728209934397,1337759.8200000003,0.0,7009.860393626992,Tuesday,0,6
2021-06-02,6960798.21,5572082.02,214,104,0.7523364485981309,229,1022,23,0.0,229,0.022504892367906065,1388716.1900000004,0.0,6810.957152641879,Wednesday,0,6
2021-06-03,6367799.03,5139667.32,188,84,0.7553191489361702,199,900,18,0.0,199,0.02,1228131.71,0.0,7075.332255555556,Thursday,0,6
2021-06-04,2524112.16,2097669.41,70,33,0.8428571428571429,73,348,7,0.0,73,0.020114942528735632,426442.75,0.0,7253.195862068966,Friday,0,6
2021-06-05,2884765.01,2262050.61,87,39,0.7701149425287356,90,373,0,0.0,90,0.0,622714.3999999999,0.0,7733.954450402144,Saturday,1,6
2021-06-06,3795966.84,3084551.9,107,48,0.7663551401869159,113,512,12,0.0,113,0.0234375,711414.94,0.0,7413.997734375,Sunday,1,6
2021-06-07,3757477.99,3136794.28,116,54,0.7327586206896551,121,539,16,0.0,121,0.029684601113172542,620683.7100000004,0.0,6971.202207792208,Monday,0,6
2021-06-08,3948452.32,3177527.58,105,37,0.819047619047619,112,534,38,0.0,112,0.07116104868913857,770924.7399999998,0.0,7394.105468164794,Tuesday,0,6
2021-06-09,3733884.76,3009506.21,124,56,0.6854838709677419,128,526,17,0.0,128,0.03231939163498099,724378.5499999998,0.0,7098.640228136882,Wednesday,0,6
2021-06-10,3994102.54,3220973.51,120,54,0.7833333333333333,129,600,24,0.0,129,0.04,773129.0300000003,0.0,6656.837566666667,Thursday,0,6
2021-06-11,3221511.31,2622379.46,91,34,0.8351648351648352,98,437,14,0.0,98,0.032036613272311214,599131.8500000001,0.0,7371.87942791762,Friday,0,6
2021-06-12,3618435.07,2920008.48,116,51,0.8189655172413793,122,541,11,0.0,122,0.02033271719038817,698426.5899999999,0.0,6688.419722735674,Saturday,1,6
2021-06-13,3349171.43,2778202.9,99,44,0.7676767676767676,101,465,12,0.0,101,0.025806451612903226,570968.5300000003,0.0,7202.519204301076,Sunday,1,6
2021-06-14,4007931.92,3159812.63,116,55,0.8879310344827587,120,542,18,0.0,120,0.033210332103321034,848119.29,0.0,7394.708339483394,Monday,0,6
2021-06-15,4162142.95,3326425.2,127,50,0.7637795275590551,131,585,32,0.0,131,0.0547008547008547,835717.75,0.0,7114.774273504274,Tuesday,0,6
2021-06-16,4740156.23,3752544.13,155,68,0.7741935483870968,158,698,29,0.0,158,0.04154727793696275,987612.1000000006,0.0,6791.05477077364,Wednesday,0,6
2021-06-17,5807751.43,4698668.17,160,75,0.75625,163,741,4,0.0,163,0.005398110661268556,1109083.2599999998,0.0,7837.721228070175,Thursday,0,6
2021-06-18,4316861.14,3463681.18,110,52,0.7727272727272727,116,530,10,0.0,116,0.018867924528301886,853179.9599999995,0.0,8145.021018867924,Friday,0,6
2021-06-19,3596996.21,3016398.92,101,49,0.7227722772277227,105,465,15,0.0,105,0.03225806451612903,580597.29,0.0,7735.475720430108,Saturday,1,6
2021-06-20,3113780.62,2502341.31,99,34,0.8181818181818182,101,452,7,0.0,101,0.015486725663716814,611439.31,0.0,6888.895176991151,Sunday,1,6
2021-06-21,3454322.45,2831163.45,100,44,0.83,100,443,18,0.0,100,0.040632054176072234,623159.0,0.0,7797.567607223476,Monday,0,6
2021-06-22,3814525.81,3072656.32,113,58,0.7699115044247787,115,477,28,0.0,115,0.05870020964360587,741869.4900000002,0.0,7996.909454926625,Tuesday,0,6
2021-06-23,5129834.24,4258385.56,155,69,0.8193548387096774,159,656,21,230152.01,159,0.03201219512195122,871448.6800000006,0.04486538925671017,7819.869268292683,Wednesday,0,6
2021-06-24,5015283.26,4491924.42,140,62,0.7785714285714286,145,703,32,304759.66000000003,145,0.04551920341394026,523358.83999999985,0.060766190901049934,7134.115590327169,Thursday,0,6
2021-06-25,3255836.16,2807033.14,108,63,0.7870370370370371,114,526,15,313145.62,114,0.028517110266159697,448803.02,0.09617978442748175,6189.8025855513315,Friday,0,6
2021-06-26,3202321.56,2946230.91,118,48,0.7711864406779662,124,504,16,372818.38,124,0.031746031746031744,256090.6499999999,0.11642128156549025,6353.81261904762,Saturday,1,6
2021-06-27,3938214.81,3832008.26,135,55,0.762962962962963,141,631,9,708878.72,141,0.014263074484944533,106206.55000000028,0.1800000137625809,6241.227908082409,Sunday,1,6
2021-06-28,4255543.96,4082242.05,150,74,0.7466666666666667,152,662,1,765997.89,152,0.0015105740181268882,173301.91000000015,0.17999999464228306,6428.31413897281,Monday,0,6
2021-06-29,5907160.01,5911751.11,216,91,0.7638888888888888,227,1012,21,1063288.84,227,0.020750988142292492,-4591.100000000559,0.18000000646672853,5837.1146343873515,Tuesday,0,6
2021-06-30,5094915.79,4949985.1,209,88,0.7272727272727273,221,913,23,917084.85,221,0.025191675794085433,144930.6900000004,0.18000000153093795,5580.411599123768,Wednesday,0,6
2021-07-01,4975867.15,5024857.74,197,102,0.7715736040609137,208,858,25,895656.08,208,0.029137529137529136,-48990.58999999985,0.17999999859321,5799.378962703963,Thursday,0,7
2021-07-02,4397949.68,4326458.07,172,81,0.7848837209302325,180,779,28,791630.94,180,0.03594351732991014,71491.6099999994,0.17999999945429115,5645.6350192554555,Friday,0,7
2021-07-03,3132513.38,3101143.37,116,46,0.7758620689655172,120,523,17,563852.41,120,0.032504780114722756,31370.009999999776,0.18000000051077197,5989.509330783939,Saturday,1,7
2021-07-04,730601.15,647312.84,28,13,0.8571428571428571,29,110,0,131508.19,29,0.0,83288.31000000006,0.17999997673149024,6641.828636363636,Sunday,1,7
2021-07-05,1878817.85,1927429.12,64,26,0.71875,64,284,7,338187.2,64,0.02464788732394366,-48611.27000000002,0.17999999308075554,6615.5558098591555,Monday,0,7
2021-07-06,1616214.16,1626948.22,56,21,0.8035714285714286,59,242,0,290918.56,59,0.0,-10734.060000000056,0.18000000692977472,6678.570909090909,Tuesday,0,7
2021-07-07,1741509.6,1715092.93,64,25,0.765625,67,302,9,313471.73,67,0.029801324503311258,26416.67000000016,0.1800000011484289,5766.588079470199,Wednesday,0,7
2021-07-08,2563149.38,2518109.42,86,45,0.8023255813953488,90,393,6,461366.88,90,0.015267175572519083,45039.95999999996,0.17999999672278172,6522.008600508905,Thursday,0,7
2021-07-09,2685812.87,2706650.91,98,46,0.7040816326530612,106,455,8,483446.38,106,0.017582417582417582,-20838.040000000037,0.18000002360551648,5902.885428571429,Friday,0,7
2021-07-10,2524108.8,2448068.41,91,39,0.7472527472527473,95,436,19,454339.58,95,0.04357798165137615,76040.38999999966,0.17999999841528228,5789.240366972476,Saturday,1,7
2021-07-11,2592712.85,2553763.2,86,37,0.8023255813953488,88,412,3,466688.28,88,0.007281553398058253,38949.64999999991,0.17999998727201896,6292.992354368932,Sunday,1,7
2021-07-12,3123873.5,3108780.0,95,41,0.7789473684210526,104,480,0,562297.22,104,0.0,15093.5,0.17999999679884604,6508.069791666667,Monday,0,7
2021-07-13,2650746.43,2549076.58,85,44,0.788235294117647,91,428,12,477134.36,91,0.028037383177570093,101669.8500000001,0.18000000098085578,6193.332780373832,Tuesday,0,7
2021-07-14,2970833.54,2785803.91,104,51,0.75,113,500,16,534750.0,113,0.032,185029.6299999999,0.17999998747826174,5941.66708,Wednesday,0,7
2021-07-15,3628282.86,3639556.87,126,55,0.7698412698412699,130,591,21,653090.9,130,0.03553299492385787,-11274.010000000242,0.17999999592093546,6139.226497461928,Thursday,0,7
2021-07-16,2768513.94,2780496.25,103,46,0.7864077669902912,106,430,22,498332.54,106,0.05116279069767442,-11982.310000000056,0.180000011125102,6438.404511627907,Friday,0,7
2021-07-17,2453122.24,2399937.97,94,41,0.8085106382978723,97,402,10,441562.02,97,0.024875621890547265,53184.27000000002,0.18000000684841533,6102.294129353234,Saturday,1,7
2021-07-18,2827723.47,2930478.35,95,51,0.7578947368421053,97,413,14,508990.26,97,0.03389830508474576,-102754.87999999989,0.18000001251890446,6846.788062953996,Sunday,1,7
2021-07-19,2859598.56,2696150.18,92,44,0.782608695652174,94,418,22,348632.94,94,0.05263157894736842,163448.3799999999,0.12191674204787682,6841.144880382775,Monday,0,7
2021-07-20,3389960.06,3045138.98,94,42,0.776595744680851,95,450,35,277359.48,95,0.07777777777777778,344821.0800000001,0.08181791970729,7533.2445777777775,Tuesday,0,7
2021-07-21,3336465.66,2928248.05,99,48,0.8383838383838383,100,460,0,128538.73,100,0.0,408217.61000000034,0.03852541674293749,7253.186217391305,Wednesday,0,7
2021-07-22,4388007.92,3796262.13,131,62,0.816793893129771,137,588,17,137770.65,137,0.02891156462585034,591745.79,0.03139708325777133,7462.59850340136,Thursday,0,7
2021-07-23,4385215.41,3753800.99,109,58,0.7981651376146789,113,553,21,0.0,113,0.0379746835443038,631414.4199999999,0.0,7929.865117540688,Friday,0,7
2021-07-24,2294305.45,1930929.33,79,35,0.6075949367088608,81,348,17,0.0,81,0.04885057471264368,363376.1200000001,0.0,6592.831752873563,Saturday,1,7
2021-07-25,2549303.61,2173412.06,68,30,0.7647058823529411,69,302,2,0.0,69,0.006622516556291391,375891.5499999998,0.0,8441.402682119206,Sunday,1,7
2021-07-26,3676952.36,2918564.14,102,52,0.803921568627451,109,511,4,0.0,109,0.007827788649706457,758388.2199999997,0.0,7195.601487279843,Monday,0,7
2021-07-27,3460197.23,2857159.07,86,33,0.7790697674418605,88,414,13,0.0,88,0.03140096618357488,603038.1600000001,0.0,8357.964323671498,Tuesday,0,7
2021-07-28,4046860.27,3235448.81,112,52,0.7589285714285714,118,556,33,0.0,118,0.05935251798561151,811411.46,0.0,7278.525665467626,Wednesday,0,7
2021-07-29,5547857.68,4566302.38,148,75,0.7702702702702703,157,728,11,0.0,157,0.01510989010989011,981555.2999999998,0.0,7620.683626373626,Thursday,0,7
2021-07-30,6548042.77,6322433.77,217,103,0.815668202764977,221,989,35,12300.0,221,0.03538928210313448,225609.0,0.0018784238942898658,6620.872366026289,Friday,0,7
2021-07-31,5256382.47,5446793.9,195,97,0.7487179487179487,203,884,22,14000.0,203,0.024886877828054297,-190411.43000000063,0.002663428713550215,5946.134015837104,Saturday,1,7
2021-08-01,3652376.75,4109973.08,149,71,0.785234899328859,154,708,29,15700.0,154,0.04096045197740113,-457596.3300000001,0.004298570786817104,5158.724223163842,Sunday,1,8
2021-08-02,4399616.65,4886236.3,159,79,0.779874213836478,165,731,41,15750.0,165,0.0560875512995896,-486619.64999999944,0.00357985734961704,6018.627428180575,Monday,0,8
2021-08-03,2422462.49,3359505.36,121,51,0.768595041322314,123,557,20,20100.0,123,0.03590664272890485,-937042.8699999996,0.008297342098370323,4349.124757630162,Tuesday,0,8
2021-08-04,1157658.1,1697391.73,65,28,0.8923076923076924,65,274,2,8700.0,65,0.0072992700729927005,-539733.6299999999,0.007515172225720184,4225.0295620437955,Wednesday,0,8
2021-08-05,1482037.52,2026425.65,76,32,0.75,80,340,2,10450.0,80,0.0058823529411764705,-544388.1299999999,0.007051103537513679,4358.9338823529415,Thursday,0,8
2021-08-06,1591502.8,2374360.64,81,44,0.7037037037037037,87,381,12,12400.0,87,0.031496062992125984,-782857.8400000001,0.007791378061037656,4177.172703412074,Friday,0,8
2021-08-07,1632328.25,2336736.46,70,30,0.7857142857142857,73,363,27,11150.0,73,0.0743801652892562,-704408.21,0.00683073395317394,4496.772038567493,Saturday,1,8
2021-08-08,1411882.22,1918090.72,68,27,0.8382352941176471,71,338,9,9750.0,71,0.026627218934911243,-506208.5,0.0069056751773529665,4177.166331360947,Sunday,1,8
2021-08-09,1376421.76,2167285.81,64,23,0.765625,65,294,0,11650.0,65,0.0,-790864.05,0.008463975460544884,4681.706666666667,Monday,0,8
2021-08-10,1581357.61,2246981.07,84,38,0.8809523809523809,87,376,9,12950.0,87,0.023936170212765957,-665623.4599999997,0.008189166016660835,4205.738324468085,Tuesday,0,8
2021-08-11,1740229.21,2604985.61,86,48,0.7674418604651163,88,394,14,13650.0,88,0.03553299492385787,-864756.3999999999,0.00784379432408217,4416.8254060913705,Wednesday,0,8
2021-08-12,2480973.68,3548924.53,117,57,0.7435897435897436,126,592,10,17950.0,126,0.016891891891891893,-1067950.8499999996,0.0072350626468556485,4190.833918918919,Thursday,0,8
2021-08-13,2199306.57,3444159.74,99,53,0.7777777777777778,102,442,4,18250.0,102,0.00904977375565611,-1244853.1700000004,0.008298070059418775,4975.806719457013,Friday,0,8
2021-08-14,1494099.71,1993428.41,82,35,0.7560975609756098,85,372,16,11400.0,85,0.043010752688172046,-499328.69999999995,0.007630012859048075,4016.397069892473,Saturday,1,8
2021-08-15,1862118.62,2645589.05,82,30,0.7560975609756098,88,416,4,13800.0,88,0.009615384615384616,-783470.4299999997,0.0074109134894961735,4476.246682692308,Sunday,1,8
2021-08-16,2220064.67,3319453.91,91,48,0.7252747252747253,92,452,22,16900.0,92,0.048672566371681415,-1099389.2400000002,0.007612390858866287,4911.6475,Monday,0,8
2021-08-17,2263302.37,3320429.89,97,36,0.6907216494845361,102,497,20,16700.0,102,0.04024144869215292,-1057127.52,0.007378598733142315,4553.928309859155,Tuesday,0,8
2021-08-18,1875383.97,2630473.94,84,40,0.7619047619047619,93,436,14,14500.0,93,0.03211009174311927,-755089.97,0.0077317499946424305,4301.339380733945,Wednesday,0,8
2021-08-19,2535597.13,3644326.12,128,59,0.7734375,134,562,35,18600.0,134,0.06227758007117438,-1108728.9900000002,0.007335550186555071,4511.738665480427,Thursday,0,8
2021-08-20,2553183.49,3860236.79,120,50,0.75,126,602,30,19600.0,126,0.04983388704318937,-1307053.2999999998,0.0076766907183784105,4241.168588039867,Friday,0,8
2021-08-21,1453356.23,2098001.94,81,37,0.7901234567901234,84,347,12,10150.0,84,0.0345821325648415,-644645.71,0.006983834926692405,4188.346484149856,Saturday,1,8
2021-08-22,1640268.07,2295711.5,92,47,0.8369565217391305,95,391,43,12100.0,95,0.10997442455242967,-655443.4299999999,0.007376842981525574,4195.059002557545,Sunday,1,8
2021-08-23,1883869.71,2626041.33,96,42,0.78125,102,478,30,14200.0,102,0.06276150627615062,-742171.6200000001,0.007537676265308178,3941.150020920502,Monday,0,8
2021-08-24,1836322.27,2808012.6,92,46,0.782608695652174,94,412,0,14650.0,94,0.0,-971690.3300000001,0.007977902484404331,4457.092888349514,Tuesday,0,8
2021-08-25,1939866.54,2821994.79,110,46,0.8090909090909091,115,446,4,15450.0,115,0.008968609865470852,-882128.25,0.007964465431730164,4349.476547085202,Wednesday,0,8
2021-08-26,1886569.08,2959216.09,95,44,0.7157894736842105,102,436,4,16000.0,102,0.009174311926605505,-1072647.0099999998,0.008481004045714563,4326.993302752294,Thursday,0,8
2021-08-27,1662732.77,2371412.62,93,40,0.7741935483870968,95,432,14,14050.0,95,0.032407407407407406,-708679.8500000001,0.008449944725633813,3848.918449074074,Friday,0,8
2021-08-28,1664938.51,2453257.65,75,46,0.7866666666666666,81,353,13,11350.0,81,0.036827195467422094,-788319.1399999999,0.006817068577505604,4716.539688385269,Saturday,1,8
2021-08-29,4443078.33,6342118.62,216,106,0.8055555555555556,226,1055,35,31600.0,226,0.03317535545023697,-1899040.29,0.007112186113540789,4211.448654028436,Sunday,1,8
2021-08-30,3996164.3,5499176.03,183,74,0.825136612021858,191,859,22,54668.51,191,0.025611175785797437,-1503011.7300000004,0.013680245829732277,4652.11210710128,Monday,0,8
2021-08-31,3940957.44,5240978.22,169,75,0.7692307692307693,182,845,33,88377.7,182,0.03905325443786982,-1300020.7799999998,0.022425438829402837,4663.854958579882,Tuesday,0,8
2021-09-01,3579634.39,4583108.31,162,70,0.7654320987654321,169,762,16,125978.9,169,0.02099737532808399,-1003473.9199999995,0.03519323100480102,4697.6829265091865,Wednesday,0,9
2021-09-02,3917618.96,4722341.9,160,63,0.775,171,797,19,156215.44,171,0.02383939774153074,-804722.9400000004,0.039875098011063335,4915.456662484316,Thursday,0,9
2021-09-03,1070973.42,1003268.02,36,11,0.8333333333333334,37,150,0,107097.35,37,0.0,67705.3999999999,0.10000000746983993,7139.8228,Friday,0,9
2021-09-04,1839742.83,1710231.68,48,27,0.75,48,218,3,183974.31,48,0.013761467889908258,129511.15000000014,0.10000001467596424,8439.187293577981,Saturday,1,9
2021-09-05,1682890.37,1626164.36,45,19,0.8222222222222222,45,187,10,168289.02,45,0.053475935828877004,56726.01000000001,0.09999998989833186,8999.413743315508,Sunday,1,9
2021-09-06,2097434.58,1931198.13,68,26,0.7058823529411765,74,329,8,209743.48,74,0.0243161094224924,166236.4500000002,0.10000001048900414,6375.181094224924,Monday,0,9
2021-09-07,2244132.38,1986738.71,69,35,0.8260869565217391,73,327,11,224413.32,73,0.03363914373088685,257393.66999999993,0.10000003653973391,6862.790152905199,Tuesday,0,9
2021-09-08,3716975.63,3437593.72,100,44,0.81,109,522,14,371697.58,109,0.02681992337164751,279381.9099999997,0.10000000457361084,7120.642969348659,Wednesday,0,9
2021-09-09,2187074.96,2082447.03,57,28,0.6666666666666666,59,274,3,218707.49,59,0.010948905109489052,104627.92999999993,0.0999999972566098,7982.025401459854,Thursday,0,9
2021-09-10,1980857.12,1821707.08,64,32,0.671875,67,307,8,198085.73,67,0.026058631921824105,159150.04000000004,0.10000000908697544,6452.30332247557,Friday,0,9
2021-09-11,1547495.48,1455524.4,51,20,0.8627450980392157,59,262,15,154749.55,59,0.05725190839694656,91971.08000000007,0.10000000129241088,5906.471297709923,Saturday,1,9
2021-09-12,2102573.99,1909199.54,71,27,0.7183098591549296,75,313,5,210257.43,75,0.01597444089456869,193374.4500000002,0.10000001474383309,6717.4887859424925,Sunday,1,9
2021-09-13,2488502.06,2265837.09,82,39,0.7926829268292683,83,369,12,248850.24,83,0.032520325203252036,222664.9700000002,0.10000001366283778,6743.908021680217,Monday,0,9
2021-09-14,2715006.68,2532491.32,96,42,0.7708333333333334,102,403,1,271500.68,102,0.0024813895781637717,182515.36000000034,0.10000000441987862,6736.989280397022,Tuesday,0,9
2021-09-15,3275643.47,3007258.03,96,44,0.7083333333333334,98,449,20,327564.35,98,0.044543429844097995,268385.4400000004,0.10000000091585058,7295.419755011137,Wednesday,0,9
2021-09-16,1853200.26,1657780.29,65,32,0.7692307692307693,67,308,1,185320.02,67,0.003246753246753247,195419.96999999997,0.09999999676235745,6016.883961038961,Thursday,0,9
2021-09-17,2031900.2,1889074.28,68,23,0.7205882352941176,73,326,7,203189.96,73,0.02147239263803681,142825.91999999993,0.09999997047099066,6232.822699386503,Friday,0,9
2021-09-18,1910747.73,1785651.61,68,33,0.7794117647058824,72,326,8,191074.78,72,0.024539877300613498,125096.11999999988,0.10000000366348728,5861.189355828221,Saturday,1,9
2021-09-19,1952437.84,1794752.16,58,28,0.8103448275862069,65,300,16,195243.77,65,0.05333333333333334,157685.68000000017,0.09999999282947722,6508.126133333333,Sunday,1,9
2021-09-20,2307149.39,2140377.91,81,32,0.6790123456790124,85,381,15,230714.95,85,0.03937007874015748,166771.47999999998,0.10000000476778835,6055.510209973753,Monday,0,9
2021-09-21,3210995.34,2839955.92,95,46,0.7789473684210526,99,467,23,321099.58,99,0.04925053533190578,371039.4199999999,0.10000001432577602,6875.793019271949,Tuesday,0,9
2021-09-22,2518917.94,2299264.05,84,39,0.8571428571428571,89,374,7,251891.81,89,0.01871657754010695,219653.89000000013,0.1000000063519338,6735.074705882353,Wednesday,0,9
2021-09-23,2220736.52,2001371.7,67,26,0.835820895522388,72,314,15,222073.67,72,0.04777070063694268,219364.82000000007,0.10000000810541901,7072.4092993630575,Thursday,0,9
2021-09-24,2008968.22,1790130.16,62,31,0.8064516129032258,65,280,11,200896.79,65,0.039285714285714285,218838.06000000006,0.09999998407142549,7174.8865,Friday,0,9
2021-09-25,2281967.32,2112780.84,70,36,0.7142857142857143,73,340,3,228196.73,73,0.008823529411764706,169186.47999999998,0.09999999912356328,6711.668588235294,Saturday,1,9
2021-09-26,1602075.57,1461503.99,58,25,0.8103448275862069,60,248,17,160207.55,60,0.06854838709677419,140571.58000000007,0.09999999563066803,6459.982137096775,Sunday,1,9
2021-09-27,3058684.14,2864098.57,95,48,0.6842105263157895,101,432,4,305868.46,101,0.009259259259259259,194585.5700000003,0.10000001503914686,7080.287361111112,Monday,0,9
2021-09-28,4749132.81,4287087.43,139,63,0.7266187050359713,152,694,17,474913.32,152,0.024495677233429394,462045.3799999999,0.10000000821202557,6843.130850144092,Tuesday,0,9
2021-09-29,3184253.74,2793067.38,116,49,0.7413793103448276,129,542,19,318425.33,129,0.03505535055350553,391186.36000000034,0.0999999861820057,5875.006900369004,Wednesday,0,9
2021-09-30,3504126.92,3102295.47,100,49,0.72,102,487,11,323772.57,102,0.022587268993839837,401831.4499999997,0.09239750083024961,7195.332484599589,Thursday,0,9
2021-10-01,2465559.4,2269641.63,83,32,0.8554216867469879,90,393,12,215159.99,90,0.030534351145038167,195917.77000000002,0.08726619606082092,6273.688040712468,Friday,0,10
2021-10-02,2584886.96,2309451.71,80,39,0.6625,87,377,7,215354.65,87,0.01856763925729443,275435.25,0.08331298557055664,6856.464084880637,Saturday,1,10
2021-10-03,920334.15,789349.71,23,9,0.8260869565217391,24,98,3,0.0,24,0.030612244897959183,130984.44000000006,0.0,9391.164795918368,Sunday,1,10
2021-10-04,1043382.83,864297.5,37,17,0.7027027027027027,39,161,4,0.0,39,0.024844720496894408,179085.32999999996,0.0,6480.638695652174,Monday,0,10
2021-10-05,1440909.2,1238586.01,44,19,0.7272727272727273,50,221,13,0.0,50,0.058823529411764705,202323.18999999994,0.0,6519.951131221719,Tuesday,0,10
2021-10-06,1793088.31,1465294.6,57,20,0.7192982456140351,63,259,0,0.0,63,0.0,327793.70999999996,0.0,6923.120888030889,Wednesday,0,10
2021-10-07,1826196.69,1497790.82,44,23,0.8181818181818182,50,265,11,0.0,50,0.04150943396226415,328405.8699999999,0.0,6891.308264150944,Thursday,0,10
2021-10-08,1613264.94,1325310.58,48,21,0.7083333333333334,52,253,7,0.0,52,0.02766798418972332,287954.35999999987,0.0,6376.5412648221345,Friday,0,10
2021-10-09,1794510.68,1447840.15,49,24,0.8367346938775511,53,243,1,0.0,53,0.00411522633744856,346670.53,0.0,7384.817613168724,Saturday,1,10
2021-10-10,1883117.98,1559914.53,45,18,0.8666666666666667,47,219,11,0.0,47,0.0502283105022831,323203.44999999995,0.0,8598.712237442922,Sunday,1,10
2021-10-11,2300450.29,1848634.77,61,31,0.7377049180327869,61,283,14,0.0,61,0.04946996466431095,451815.52,0.0,8128.7996113074205,Monday,0,10
2021-10-12,1567144.44,1334199.42,43,23,0.7674418604651163,44,210,3,0.0,44,0.014285714285714285,232945.02000000002,0.0,7462.592571428571,Tuesday,0,10
2021-10-13,1918678.27,1624278.45,63,27,0.8253968253968254,68,277,13,0.0,68,0.04693140794223827,294399.82000000007,0.0,6926.636353790614,Wednesday,0,10
2021-10-14,2148334.67,1733671.89,63,33,0.8571428571428571,69,317,11,0.0,69,0.03470031545741325,414662.78,0.0,6777.080977917981,Thursday,0,10
2021-10-15,1900056.41,1665667.16,48,20,0.6666666666666666,52,237,8,0.0,52,0.03375527426160337,234389.25,0.0,8017.1156540084385,Friday,0,10
2021-10-16,2106301.79,1750771.11,55,22,0.7454545454545455,57,263,4,0.0,57,0.015209125475285171,355530.67999999993,0.0,8008.7520532319395,Saturday,1,10
2021-10-17,2495144.25,2124471.09,67,29,0.7014925373134329,72,337,19,0.0,72,0.05637982195845697,370673.16000000015,0.0,7403.988872403561,Sunday,1,10
2021-10-18,2029589.44,1714394.15,57,29,0.7719298245614035,60,249,10,0.0,60,0.040160642570281124,315195.29000000004,0.0,8150.9616064257025,Monday,0,10
2021-10-19,1794195.22,1443278.64,54,18,0.8333333333333334,59,294,14,0.0,59,0.047619047619047616,350916.5800000001,0.0,6102.704829931973,Tuesday,0,10
2021-10-20,2748359.42,2249708.28,80,37,0.75,89,411,19,0.0,89,0.046228710462287104,498651.14000000013,0.0,6687.005888077859,Wednesday,0,10
2021-10-21,1715238.6,1425166.31,51,26,0.8431372549019608,54,236,12,0.0,54,0.05084745762711865,290072.29000000004,0.0,7267.960169491525,Thursday,0,10
2021-10-22,2513749.87,2045877.61,65,32,0.8307692307692308,71,320,1,0.0,71,0.003125,467872.26,0.0,7855.468343750001,Friday,0,10
2021-10-23,1853822.02,1521941.02,47,22,0.7659574468085106,49,236,0,0.0,49,0.0,331881.0,0.0,7855.178050847458,Saturday,1,10
2021-10-24,2201542.06,1879343.83,69,28,0.6666666666666666,75,300,23,0.0,75,0.07666666666666666,322198.23,0.0,7338.473533333334,Sunday,1,10
2021-10-25,2021989.32,1646748.37,52,22,0.7307692307692307,55,239,2,0.0,55,0.008368200836820083,375240.94999999995,0.0,8460.206359832637,Monday,0,10
2021-10-26,2162674.08,1776598.49,52,21,0.6923076923076923,54,286,7,0.0,54,0.024475524475524476,386075.5900000001,0.0,7561.797482517482,Tuesday,0,10
2021-10-27,2151921.73,1803290.61,56,21,0.8571428571428571,60,250,6,0.0,60,0.024,348631.1199999999,0.0,8607.68692,Wednesday,0,10
2021-10-28,2489853.45,2036708.17,69,29,0.7391304347826086,74,321,11,0.0,74,0.03426791277258567,453145.28000000026,0.0,7756.552803738318,Thursday,0,10
2021-10-29,3746325.95,3090953.59,103,52,0.7961165048543689,109,506,10,0.0,109,0.019762845849802372,655372.3600000003,0.0,7403.806225296443,Friday,0,10
2021-10-30,3434826.63,2965454.49,80,34,0.7875,86,414,18,0.0,86,0.043478260869565216,469372.13999999966,0.0,8296.68268115942,Saturday,1,10
2021-10-31,3026687.11,2545466.76,86,42,0.7209302325581395,91,406,28,0.0,91,0.06896551724137931,481220.3500000001,0.0,7454.894359605911,Sunday,1,10
2021-11-01,2926691.09,2398381.34,83,33,0.7951807228915663,87,398,20,0.0,87,0.05025125628140704,528309.75,0.0,7353.495201005025,Monday,0,11
2021-11-02,3072730.67,2536221.43,82,47,0.7439024390243902,90,397,41,0.0,90,0.10327455919395466,536509.2399999998,0.0,7739.8757430730475,Tuesday,0,11
2021-11-03,1262904.96,1055921.75,45,20,0.6222222222222222,50,184,20,0.0,50,0.10869565217391304,206983.20999999996,0.0,6863.613913043478,Wednesday,0,11
2021-11-04,1344901.28,1136391.76,39,20,0.8974358974358975,42,200,7,0.0,42,0.035,208509.52000000002,0.0,6724.5064,Thursday,0,11
2021-11-05,1257605.18,1084704.98,41,14,0.7804878048780488,46,194,11,0.0,46,0.05670103092783505,172900.19999999995,0.0,6482.500927835051,Friday,0,11
2021-11-06,2093872.9,1714441.6,58,25,0.8448275862068966,63,293,26,0.0,63,0.08873720136518772,379431.2999999998,0.0,7146.323890784983,Saturday,1,11
2021-11-07,942802.49,782264.44,36,20,0.7777777777777778,38,166,10,0.0,38,0.060240963855421686,160538.05000000005,0.0,5679.533072289157,Sunday,1,11
2021-11-08,2064680.43,1687466.21,51,24,0.8823529411764706,55,253,2,0.0,55,0.007905138339920948,377214.22,0.0,8160.7922134387345,Monday,0,11
2021-11-09,2462296.67,2100076.52,66,26,0.7727272727272727,69,321,27,0.0,69,0.08411214953271028,362220.1499999999,0.0,7670.706137071651,Tuesday,0,11
2021-11-10,1774844.23,1518855.62,50,22,0.78,54,227,34,0.0,54,0.14977973568281938,255988.60999999987,0.0,7818.69704845815,Wednesday,0,11
2021-11-11,1412638.65,1123822.69,40,19,0.75,45,214,40,0.0,45,0.18691588785046728,288815.95999999996,0.0,6601.1151869158875,Thursday,0,11
2021-11-12,1777590.33,1460783.5,50,22,0.74,56,282,10,0.0,56,0.03546099290780142,316806.8300000001,0.0,6303.511808510639,Friday,0,11
2021-11-13,1291079.97,1073274.92,44,20,0.7727272727272727,50,205,6,0.0,50,0.02926829268292683,217805.05000000005,0.0,6297.951073170731,Saturday,1,11
2021-11-14,1228705.01,1065683.97,45,22,0.7333333333333333,46,179,10,0.0,46,0.055865921787709494,163021.04000000004,0.0,6864.273798882682,Sunday,1,11
2021-11-15,1206377.91,983743.19,41,15,0.6829268292682927,43,172,19,0.0,43,0.11046511627906977,222634.71999999997,0.0,7013.825058139534,Monday,0,11
2021-11-16,2106714.51,1725304.97,60,29,0.7,65,304,16,0.0,65,0.05263157894736842,381409.5399999998,0.0,6929.981940789473,Tuesday,0,11
2021-11-17,1531889.09,1349321.43,44,21,0.7272727272727273,48,203,7,0.0,48,0.034482758620689655,182567.66000000015,0.0,7546.251674876848,Wednesday,0,11
2021-11-18,1661241.07,1433114.76,47,24,0.6382978723404256,49,232,11,21992.07,49,0.04741379310344827,228126.31000000006,0.013238337527978403,7160.5218534482765,Thursday,0,11
2021-11-19,1253389.32,1095039.04,41,22,0.7073170731707317,44,181,3,54667.229999999996,44,0.016574585635359115,158350.28000000003,0.043615522430014,6924.802872928177,Friday,0,11
2021-11-20,1071404.44,1040227.2,29,16,0.8275862068965517,30,136,6,122211.21,30,0.04411764705882353,31177.23999999999,0.11406636507871856,7877.973823529412,Saturday,1,11
2021-11-21,1222908.7,1238315.19,40,20,0.675,42,180,7,215895.92,42,0.03888888888888889,-15406.48999999999,0.17654295860353272,6793.937222222222,Sunday,1,11
2021-11-22,1558297.56,1613383.51,66,26,0.7727272727272727,68,312,26,311659.51,68,0.08333333333333333,-55085.94999999995,0.19999999871654808,4994.543461538462,Monday,0,11
2021-11-23,1613168.79,1629011.23,60,29,0.8,63,304,11,322633.74,63,0.03618421052631579,-15842.439999999944,0.19999998884183717,5306.476282894737,Tuesday,0,11
2021-11-24,1665269.85,1709718.17,50,25,0.74,54,235,17,333053.97,54,0.07234042553191489,-44448.31999999983,0.19999999999999998,7086.254680851064,Wednesday,0,11
2021-11-25,1278003.36,1305823.05,47,24,0.7872340425531915,52,233,25,255600.68,52,0.1072961373390558,-27819.689999999944,0.20000000625976444,5484.992961373391,Thursday,0,11
2021-11-26,970756.2,1019443.98,42,19,0.8571428571428571,46,173,7,194151.23,46,0.04046242774566474,-48687.78000000003,0.1999999896987524,5611.307514450867,Friday,0,11
2021-11-27,1407280.07,1519826.79,55,24,0.8,58,228,31,281456.02,58,0.13596491228070176,-112546.71999999997,0.20000000426354364,6172.28100877193,Saturday,1,11
2021-11-28,2359645.42,2324536.28,108,44,0.7777777777777778,127,548,26,471929.06,127,0.04744525547445255,35109.14000000013,0.19999998982898032,4305.9222992700725,Sunday,1,11
2021-11-29,1830856.99,1894919.03,67,30,0.746268656716418,77,340,30,366171.38,77,0.08823529411764706,-64062.04000000004,0.1999999901685385,5384.8735,Monday,0,11
2021-11-30,2987950.32,3045686.15,103,42,0.8349514563106796,118,554,23,597590.06,118,0.04151624548736462,-57735.830000000075,0.19999999866128967,5393.412129963898,Tuesday,0,11
2021-12-01,1881588.13,1920538.46,78,28,0.7051282051282052,89,411,7,376317.63,89,0.0170316301703163,-38950.330000000075,0.20000000212586377,4578.073309002433,Wednesday,0,12
2021-12-02,1911470.99,1996362.17,75,32,0.7466666666666667,85,395,31,382294.15,85,0.07848101265822785,-84891.17999999993,0.19999997488844967,4839.167063291139,Thursday,0,12
2021-12-03,586748.17,626899.33,22,11,0.8636363636363636,23,108,11,117349.67,23,0.10185185185185185,-40151.159999999916,0.20000006135511253,5432.853425925926,Friday,0,12
2021-12-04,819389.63,787101.35,38,19,0.8947368421052632,46,222,4,163877.93,46,0.018018018018018018,32288.280000000028,0.20000000488168246,3690.9442792792793,Saturday,1,12
2021-12-05,1101768.07,1082761.55,42,19,0.7857142857142857,49,208,10,220353.62,49,0.04807692307692308,19006.52000000002,0.20000000544579222,5296.961875,Sunday,1,12
2021-12-06,1167887.5,1132700.46,43,16,0.7906976744186046,48,228,7,233577.49,48,0.03070175438596491,35187.04000000004,0.19999999143753144,5122.313596491228,Monday,0,12
2021-12-07,708706.53,724333.47,34,16,0.7352941176470589,41,159,11,141741.29,41,0.06918238993710692,-15626.939999999944,0.1999999774236594,4457.273773584906,Tuesday,0,12
2021-12-08,919265.14,968146.91,42,23,0.7857142857142857,50,234,26,183853.03,50,0.1111111111111111,-48881.77000000002,0.20000000217565087,3928.4835042735044,Wednesday,0,12
2021-12-09,999032.78,1047782.72,42,21,0.8095238095238095,47,214,20,199806.54,47,0.09345794392523364,-48749.939999999944,0.1999999839845095,4668.3774766355145,Thursday,0,12
2021-12-10,1214991.34,1243394.6,54,24,0.6851851851851852,63,274,9,242998.28,63,0.032846715328467155,-28403.26000000001,0.2000000098766136,4434.27496350365,Friday,0,12
2021-12-11,948995.31,997983.77,50,21,0.88,63,270,2,189799.07,63,0.007407407407407408,-48988.45999999996,0.2000000084299679,3514.797444444445,Saturday,1,12
2021-12-12,1285064.15,1307106.22,48,21,0.7708333333333334,53,234,2,257012.83,53,0.008547008547008548,-22042.070000000065,0.2,5491.727136752136,Sunday,1,12
2021-12-13,1112918.62,1168775.11,52,26,0.7884615384615384,62,265,1,222583.7,62,0.0037735849056603774,-55856.48999999999,0.19999997843508088,4199.692905660378,Monday,0,12
2021-12-14,1821860.68,1884666.84,71,36,0.8169014084507042,78,364,13,364372.14,78,0.03571428571428571,-62806.16000000015,0.20000000219555758,5005.111758241758,Tuesday,0,12
2021-12-15,1773908.51,1816537.46,72,35,0.7361111111111112,85,399,11,354781.69,85,0.02756892230576441,-42628.94999999995,0.19999999323527684,4445.885989974938,Wednesday,0,12
2021-12-16,1771984.63,1846296.05,77,39,0.8051948051948052,88,372,14,354396.89,88,0.03763440860215054,-74311.42000000016,0.1999999796837967,4763.3995430107525,Thursday,0,12
2021-12-17,1463605.82,1523555.95,68,31,0.7941176470588235,84,389,29,292721.14,84,0.07455012853470437,-59950.12999999989,0.19999998360214227,3762.4828277634965,Friday,0,12
2021-12-18,1214550.47,1217310.4,58,34,0.7413793103448276,69,321,0,242910.09,69,0.0,-2759.929999999935,0.19999999670660043,3783.646323987539,Saturday,1,12
2021-12-19,1546435.59,1510053.63,66,31,0.696969696969697,72,331,16,309287.11,72,0.04833836858006042,36381.960000000196,0.1999999948268133,4672.010845921451,Sunday,1,12
2021-12-20,1676753.39,1642291.41,74,37,0.8108108108108109,89,405,19,335350.68,89,0.04691358024691358,34461.97999999998,0.20000000119278125,4140.131827160493,Monday,0,12
2021-12-21,2017237.85,2127476.27,87,34,0.735632183908046,96,443,27,403447.55,96,0.060948081264108354,-110238.41999999993,0.19999999008545272,4553.584311512415,Tuesday,0,12
2021-12-22,2327738.57,2283587.28,111,61,0.8108108108108109,128,576,33,465547.69,128,0.057291666666666664,44151.29000000004,0.1999999896895638,4041.2127951388884,Wednesday,0,12
2021-12-23,2415914.18,2480623.5,111,41,0.7747747747747747,126,563,40,483182.9,126,0.07104795737122557,-64709.31999999983,0.20000002649100723,4291.144191829485,Thursday,0,12
2021-12-24,1448810.25,1505101.29,64,25,0.796875,70,317,10,289762.01,70,0.031545741324921134,-56291.04000000004,0.19999997239113956,4570.3793375394325,Friday,0,12
2021-12-25,1120986.7,1156338.1,54,22,0.7037037037037037,60,275,15,224197.32,60,0.05454545454545454,-35351.40000000014,0.19999998215857515,4076.3152727272727,Saturday,1,12
2021-12-26,1317218.46,1338753.3,70,27,0.8571428571428571,79,345,15,263443.77,79,0.043478260869565216,-21534.840000000084,0.20000005921569003,3818.0245217391303,Sunday,1,12
2021-12-27,1025037.51,986082.95,51,21,0.8431372549019608,62,272,12,205007.47,62,0.04411764705882353,38954.560000000056,0.19999996878163023,3768.5202573529414,Monday,0,12
2021-12-28,1855064.19,1847193.9,83,35,0.6867469879518072,100,463,18,371012.85,100,0.038876889848812095,7870.290000000037,0.20000000646877886,4006.618120950324,Tuesday,0,12
2021-12-29,4065184.9,4208667.7,159,70,0.8176100628930818,188,908,31,813037.01,188,0.034140969162995596,-143482.80000000028,0.20000000737973814,4477.075881057269,Wednesday,0,12
2021-12-30,3842586.5,3948015.94,166,87,0.7469879518072289,181,817,31,768517.33,181,0.037943696450428395,-105429.43999999994,0.20000000780724128,4703.288249694003,Thursday,0,12
2021-12-31,3041203.79,3121467.33,124,54,0.717741935483871,145,665,48,581582.21,145,0.07218045112781955,-80263.54000000004,0.19123421189738815,4573.238781954888,Friday,0,12
2022-01-01,2932155.47,3019583.5,112,46,0.7410714285714286,130,594,30,557790.14,130,0.050505050505050504,-87428.0299999998,0.19023211617083863,4936.28867003367,Saturday,1,1
2022-01-02,2361965.0,2368851.11,90,52,0.8111111111111111,105,490,20,374350.29,105,0.04081632653061224,-6886.10999999987,0.15849104029907302,4820.336734693878,Sunday,1,1
2022-01-03,545563.72,476501.31,19,7,0.6842105263157895,20,84,8,0.0,20,0.09523809523809523,69062.40999999997,0.0,6494.80619047619,Monday,0,1
2022-01-04,1242319.38,1057834.07,39,12,0.7435897435897436,41,188,14,0.0,41,0.07446808510638298,184485.30999999982,0.0,6608.0818085106375,Tuesday,0,1
2022-01-05,809977.6,684605.3,27,15,0.7777777777777778,28,112,14,0.0,28,0.125,125372.29999999993,0.0,7231.942857142857,Wednesday,0,1
2022-01-06,993048.62,827696.4,31,14,0.7419354838709677,34,163,14,0.0,34,0.08588957055214724,165352.21999999997,0.0,6092.322822085889,Thursday,0,1
2022-01-07,1294963.64,1109631.82,31,14,0.8064516129032258,36,173,27,0.0,36,0.15606936416184972,185331.81999999983,0.0,7485.338959537572,Friday,0,1
2022-01-08,1641747.05,1369252.03,38,23,0.7105263157894737,41,188,13,0.0,41,0.06914893617021277,272495.02,0.0,8732.697074468086,Saturday,1,1
2022-01-09,1706485.37,1491356.56,46,22,0.8695652173913043,48,216,24,0.0,48,0.1111111111111111,215128.81000000006,0.0,7900.395231481482,Sunday,1,1
2022-01-10,2569113.21,2158709.88,50,22,0.7,52,250,12,0.0,52,0.048,410403.3300000001,0.0,10276.45284,Monday,0,1
2022-01-11,1640806.35,1336967.26,52,27,0.7692307692307693,57,248,22,0.0,57,0.08870967741935484,303839.0900000001,0.0,6616.154637096774,Tuesday,0,1
2022-01-12,1775526.5,1506945.6,50,29,0.7,52,232,15,0.0,52,0.06465517241379311,268580.8999999999,0.0,7653.131465517241,Wednesday,0,1
2022-01-13,1173172.99,946254.56,35,15,0.7714285714285715,36,162,23,0.0,36,0.1419753086419753,226918.42999999993,0.0,7241.808580246913,Thursday,0,1
2022-01-14,1548726.82,1300219.1,42,16,0.7380952380952381,44,202,20,0.0,44,0.09900990099009901,248507.71999999997,0.0,7666.964455445544,Friday,0,1
2022-01-15,1461990.71,1263054.33,44,19,0.7272727272727273,48,209,13,0.0,48,0.06220095693779904,198936.3799999999,0.0,6995.170861244019,Saturday,1,1
2022-01-16,2064339.13,1781850.02,59,27,0.8305084745762712,66,291,26,0.0,66,0.08934707903780069,282489.10999999987,0.0,7093.948900343642,Sunday,1,1
2022-01-17,1621773.2,1340632.16,48,23,0.8541666666666666,57,252,28,0.0,57,0.1111111111111111,281141.04000000004,0.0,6435.607936507937,Monday,0,1
2022-01-18,1861205.18,1606509.55,53,19,0.7547169811320755,59,263,22,0.0,59,0.08365019011406843,254695.6299999999,0.0,7076.82577946768,Tuesday,0,1
2022-01-19,2020862.53,1738187.82,65,30,0.8307692307692308,72,292,31,0.0,72,0.10616438356164383,282674.70999999996,0.0,6920.762089041096,Wednesday,0,1
2022-01-20,1249233.56,1043117.49,43,17,0.813953488372093,47,210,29,0.0,47,0.1380952380952381,206116.07000000007,0.0,5948.731238095238,Thursday,0,1
2022-01-21,1580948.85,1245282.02,48,20,0.8333333333333334,50,245,15,0.0,50,0.061224489795918366,335666.8300000001,0.0,6452.852448979592,Friday,0,1
2022-01-22,1758593.8,1468639.94,40,19,0.825,43,202,20,0.0,43,0.09900990099009901,289953.8600000001,0.0,8705.9099009901,Saturday,1,1
2022-01-23,1785338.17,1512426.38,43,16,0.7674418604651163,46,232,16,0.0,46,0.06896551724137931,272911.79000000004,0.0,7695.423146551724,Sunday,1,1
2022-01-24,1915906.28,1601822.71,55,23,0.8,56,251,12,0.0,56,0.04780876494023904,314083.57000000007,0.0,7633.092749003984,Monday,0,1
2022-01-25,2471179.3,1957064.07,65,26,0.8,70,331,10,0.0,70,0.030211480362537766,514115.22999999975,0.0,7465.798489425982,Tuesday,0,1
2022-01-26,2278973.82,1903209.07,69,36,0.855072463768116,74,297,27,0.0,74,0.09090909090909091,375764.74999999977,0.0,7673.312525252525,Wednesday,0,1
2022-01-27,1604489.99,1290075.13,41,17,0.7317073170731707,44,197,32,0.0,44,0.16243654822335024,314414.8600000001,0.0,8144.61923857868,Thursday,0,1
2022-01-28,2792317.48,2306948.5,78,37,0.8333333333333334,82,358,39,0.0,82,0.10893854748603352,485368.98,0.0,7799.769497206704,Friday,0,1
2022-01-29,3897632.5,3247780.03,116,45,0.75,128,558,44,0.0,128,0.07885304659498207,649852.4700000002,0.0,6985.004480286739,Saturday,1,1
2022-01-30,3903300.55,3262713.48,103,42,0.6699029126213593,106,480,14,0.0,106,0.029166666666666667,640587.0699999998,0.0,8131.876145833333,Sunday,1,1
2022-01-31,3159829.55,2627738.4,87,41,0.735632183908046,92,427,35,0.0,92,0.08196721311475409,532091.1499999999,0.0,7400.069203747073,Monday,0,1
2022-02-01,3672475.88,3092119.13,102,50,0.7941176470588235,112,501,42,0.0,112,0.08383233532934131,580356.75,0.0,7330.29117764471,Tuesday,0,2
2022-02-02,3072419.17,2457270.01,78,33,0.8076923076923077,81,402,30,0.0,81,0.07462686567164178,615149.1600000001,0.0,7642.833756218905,Wednesday,0,2
2022-02-03,1056919.3,915391.24,29,18,0.6896551724137931,31,138,13,0.0,31,0.09420289855072464,141528.06000000006,0.0,7658.835507246377,Thursday,0,2
2022-02-04,1135262.35,959597.02,30,8,0.7333333333333333,31,132,8,0.0,31,0.06060606060606061,175665.33000000007,0.0,8600.47234848485,Friday,0,2
2022-02-05,1325806.77,1094262.79,49,24,0.7142857142857143,52,199,9,0.0,52,0.04522613065326633,231543.97999999998,0.0,6662.345577889448,Saturday,1,2
2022-02-06,1360544.32,1086414.25,39,18,0.8205128205128205,41,187,6,0.0,41,0.03208556149732621,274130.07000000007,0.0,7275.6380748663105,Sunday,1,2
2022-02-07,1777072.87,1505671.69,51,25,0.8235294117647058,52,241,25,0.0,52,0.1037344398340249,271401.18000000017,0.0,7373.746348547718,Monday,0,2
2022-02-08,2324022.32,1858719.97,74,37,0.8108108108108109,77,334,7,0.0,77,0.020958083832335328,465302.34999999986,0.0,6958.1506586826345,Tuesday,0,2
2022-02-09,2087968.13,1716217.3,66,41,0.803030303030303,71,314,19,0.0,71,0.06050955414012739,371750.82999999984,0.0,6649.580031847134,Wednesday,0,2
2022-02-10,1681958.09,1377183.24,49,23,0.7959183673469388,53,241,5,0.0,53,0.02074688796680498,304774.8500000001,0.0,6979.079211618257,Thursday,0,2
2022-02-11,1868277.55,1450465.3,53,27,0.7924528301886793,57,260,8,0.0,57,0.03076923076923077,417812.25,0.0,7185.682884615385,Friday,0,2
2022-02-12,2483675.48,2002526.57,67,36,0.8656716417910447,72,319,17,0.0,72,0.05329153605015674,481148.9099999999,0.0,7785.816551724138,Saturday,1,2
2022-02-13,2471088.82,2037847.39,69,38,0.8115942028985508,77,347,11,0.0,77,0.03170028818443804,433241.42999999993,0.0,7121.293429394812,Sunday,1,2
2022-02-14,2477651.08,2066561.36,66,32,0.8636363636363636,70,326,17,0.0,70,0.05214723926380368,411089.72,0.0,7600.156687116565,Monday,0,2
2022-02-15,2911470.49,2304155.38,84,42,0.8452380952380952,88,403,14,0.0,88,0.034739454094292806,607315.1100000003,0.0,7224.49253101737,Tuesday,0,2
2022-02-16,3189077.73,2624063.44,78,41,0.8333333333333334,82,392,12,0.0,82,0.030612244897959183,565014.29,0.0,8135.40237244898,Wednesday,0,2
2022-02-17,2365001.98,1930644.21,68,37,0.6911764705882353,72,298,11,0.0,72,0.03691275167785235,434357.77,0.0,7936.248255033557,Thursday,0,2
2022-02-18,2218074.92,1902787.38,64,26,0.765625,68,285,13,0.0,68,0.0456140350877193,315287.54000000004,0.0,7782.719017543859,Friday,0,2
2022-02-19,2497284.24,2073056.25,66,34,0.7575757575757576,71,297,20,0.0,71,0.06734006734006734,424227.9900000002,0.0,8408.364444444445,Saturday,1,2
2022-02-20,3274514.0,2808978.4,80,37,0.7875,85,409,16,0.0,85,0.039119804400977995,465535.6000000001,0.0,8006.146699266504,Sunday,1,2
2022-02-21,3231879.49,2662096.96,93,34,0.7741935483870968,99,447,10,0.0,99,0.02237136465324385,569782.5300000003,0.0,7230.155458612976,Monday,0,2
2022-02-22,3646117.64,3080342.28,106,54,0.7358490566037735,113,494,1,0.0,113,0.0020242914979757085,565775.3600000003,0.0,7380.8049392712555,Tuesday,0,2
2022-02-23,3297595.34,2768284.27,95,43,0.8,100,452,25,0.0,100,0.05530973451327434,529311.0699999998,0.0,7295.564911504424,Wednesday,0,2
2022-02-24,2768850.97,2337359.85,79,34,0.7215189873417721,85,374,9,0.0,85,0.02406417112299465,431491.1200000001,0.0,7403.344839572193,Thursday,0,2
2022-02-25,2943786.98,2445090.2,78,31,0.7435897435897436,82,377,15,0.0,82,0.03978779840848806,498696.7799999998,0.0,7808.453527851459,Friday,0,2
2022-02-26,6304749.98,4896174.07,166,84,0.8132530120481928,180,794,27,0.0,180,0.03400503778337532,1408575.9100000001,0.0,7940.491158690177,Saturday,1,2
2022-02-27,5652340.75,4889448.26,141,55,0.75177304964539,151,694,39,0.0,151,0.056195965417867436,762892.4900000002,0.0,8144.583213256484,Sunday,1,2
2022-02-28,6007208.86,4942844.92,162,67,0.8209876543209876,173,796,18,0.0,173,0.022613065326633167,1064363.9400000004,0.0,7546.744798994975,Monday,0,2
2022-03-01,4532724.33,3774772.1,134,60,0.7910447761194029,140,606,13,0.0,140,0.02145214521452145,757952.23,0.0,7479.743118811882,Tuesday,0,3
2022-03-02,5221766.09,4446394.75,139,68,0.7553956834532374,152,665,27,0.0,152,0.0406015037593985,775371.3399999999,0.0,7852.279834586466,Wednesday,0,3
2022-03-03,1113577.08,936517.95,37,17,0.7567567567567568,37,171,24,0.0,37,0.14035087719298245,177059.13000000012,0.0,6512.146666666667,Thursday,0,3
2022-03-04,1265611.41,1001621.35,38,20,0.8157894736842105,39,147,5,0.0,39,0.034013605442176874,263990.05999999994,0.0,8609.601428571428,Friday,0,3
2022-03-05,1917604.21,1671253.56,47,22,0.8297872340425532,49,243,2,0.0,49,0.00823045267489712,246350.6499999999,0.0,7891.375349794239,Saturday,1,3
2022-03-06,2406752.08,1881208.83,74,31,0.7162162162162162,78,323,3,0.0,78,0.009287925696594427,525543.25,0.0,7451.244829721362,Sunday,1,3
2022-03-07,3077438.94,2603663.56,79,32,0.7341772151898734,85,424,15,0.0,85,0.03537735849056604,473775.3799999999,0.0,7258.11070754717,Monday,0,3
2022-03-08,3777839.97,3199498.52,101,49,0.7524752475247525,105,512,30,0.0,105,0.05859375,578341.4500000002,0.0,7378.59369140625,Tuesday,0,3
2022-03-09,4138590.91,3354044.48,115,47,0.7391304347826086,123,556,30,0.0,123,0.0539568345323741,784546.4300000002,0.0,7443.508830935252,Wednesday,0,3
2022-03-10,3544992.79,2897669.69,114,50,0.8771929824561403,120,549,42,0.0,120,0.07650273224043716,647323.1000000001,0.0,6457.181766848817,Thursday,0,3
2022-03-11,3499825.21,2868355.02,98,49,0.7959183673469388,103,451,28,0.0,103,0.06208425720620843,631470.19,0.0,7760.144589800443,Friday,0,3
2022-03-12,3731020.06,3230097.43,101,51,0.7920792079207921,103,475,31,0.0,103,0.06526315789473684,500922.6299999999,0.0,7854.779073684211,Saturday,1,3
2022-03-13,4026635.22,3346220.86,112,54,0.7678571428571429,120,577,22,0.0,120,0.038128249566724434,680414.3600000003,0.0,6978.570571923744,Sunday,1,3
2022-03-14,4709281.9,3928279.43,121,54,0.7355371900826446,126,575,9,0.0,126,0.01565217391304348,781002.4700000002,0.0,8190.055478260871,Monday,0,3
2022-03-15,4619237.89,3907599.13,130,62,0.7769230769230769,137,606,27,0.0,137,0.04455445544554455,711638.7599999998,0.0,7622.504768976897,Tuesday,0,3
2022-03-16,4519934.96,3787149.37,145,64,0.6896551724137931,152,635,23,0.0,152,0.03622047244094488,732785.5899999999,0.0,7118.007811023622,Wednesday,0,3
2022-03-17,5222281.22,4421275.88,136,67,0.8382352941176471,146,633,18,0.0,146,0.02843601895734597,801005.3399999999,0.0,8250.049320695101,Thursday,0,3
2022-03-18,4426435.98,3648313.01,126,56,0.7857142857142857,128,627,21,20491.78,128,0.03349282296650718,778122.9700000007,0.004629408420812628,7059.706507177034,Friday,0,3
2022-03-19,4313906.61,3587200.12,116,52,0.8275862068965517,124,602,21,180455.76,124,0.03488372093023256,726706.4900000002,0.041831169822195105,7165.9578239202665,Saturday,1,3
2022-03-20,4198964.15,3744253.09,130,57,0.6615384615384615,135,591,16,267891.28,135,0.02707275803722504,454711.0600000005,0.06379937299536124,7104.846277495771,Sunday,1,3
2022-03-21,4036051.82,3737447.21,127,50,0.7637795275590551,129,583,24,368890.92,129,0.0411663807890223,298604.60999999987,0.09139895532857653,6922.901921097769,Monday,0,3
2022-03-22,4626820.15,4342565.79,154,68,0.7532467532467533,161,740,62,555218.39,161,0.08378378378378379,284254.36000000034,0.11999999394832755,6252.459662162163,Tuesday,0,3
2022-03-23,5301842.45,4915987.31,203,93,0.729064039408867,210,878,43,636221.12,210,0.0489749430523918,385855.1400000006,0.1200000049039556,6038.54493166287,Wednesday,0,3
2022-03-24,5052034.89,4744310.26,180,84,0.7944444444444444,186,848,43,606244.22,186,0.05070754716981132,307724.6299999999,0.1200000065716094,5957.5883136792445,Thursday,0,3
2022-03-25,4122489.22,4014534.97,124,48,0.7016129032258065,128,596,16,494698.65,128,0.026845637583892617,107954.25,0.11999998631894543,6916.928221476511,Friday,0,3
2022-03-26,4325007.4,4010228.32,130,55,0.7769230769230769,133,609,17,519000.89,133,0.027914614121510674,314779.08000000054,0.12000000046242695,7101.8183908045985,Saturday,1,3
2022-03-27,5169170.11,4775502.11,171,67,0.7251461988304093,176,798,28,620300.41,176,0.03508771929824561,393668.0,0.11999999938094512,6477.656779448622,Sunday,1,3
2022-03-28,4855258.01,4607293.73,165,84,0.7878787878787878,174,782,23,582630.91,174,0.029411764705882353,247964.27999999933,0.11999998945473138,6208.76983375959,Monday,0,3
2022-03-29,4908504.49,4613958.54,168,74,0.7976190476190477,184,831,29,589020.59,184,0.03489771359807461,294545.9500000002,0.12000001043087564,5906.744271961493,Tuesday,0,3
2022-03-30,11643208.73,10896036.48,394,189,0.7969543147208121,424,1945,51,1397184.98,424,0.02622107969151671,747172.25,0.11999999419404035,5986.225568123394,Wednesday,0,3
2022-03-31,9233141.0,8773718.15,322,138,0.7795031055900621,343,1528,88,1107976.85,343,0.05759162303664921,459422.8499999996,0.11999999241861466,6042.6315445026175,Thursday,0,3
2022-04-01,8299060.74,8041756.19,312,137,0.7692307692307693,335,1499,78,995887.39,335,0.05203468979319546,257304.5499999998,0.12000001219415102,5536.398092061374,Friday,0,4
2022-04-02,8289456.22,7808017.19,272,111,0.7058823529411765,296,1351,52,994734.84,296,0.0384900074019245,481439.02999999933,0.12000001129145237,6135.792908956329,Saturday,1,4
2022-04-03,6547965.12,6148445.74,238,119,0.7983193277310925,253,1167,72,785755.85,253,0.061696658097686374,399519.3799999999,0.12000000543680354,5610.9384061696655,Sunday,1,4
2022-04-04,1974536.55,1802524.97,61,28,0.7377049180327869,65,291,11,236944.37,65,0.037800687285223365,172011.58000000007,0.11999999189683269,6785.348969072165,Monday,0,4
2022-04-05,3017582.3,2782222.29,90,45,0.8333333333333334,96,443,7,362109.86,96,0.01580135440180587,235360.00999999978,0.11999999469774196,6811.698194130925,Tuesday,0,4
2022-04-06,2934004.6,2645021.55,93,43,0.8172043010752689,96,457,0,352080.62,96,0.0,288983.0500000003,0.12000002317651444,6420.141356673961,Wednesday,0,4
2022-04-07,1947894.58,1833343.52,65,29,0.7230769230769231,70,302,8,233747.35,70,0.026490066225165563,114551.06000000006,0.12000000020534993,6449.982052980133,Thursday,0,4
2022-04-08,2516364.3,2311523.71,89,39,0.7303370786516854,89,357,0,301963.72,89,0.0,204840.58999999985,0.12000000158959495,7048.639495798318,Friday,0,4
2022-04-09,3523261.24,3380510.41,110,39,0.8,122,582,7,422791.38,122,0.012027491408934709,142750.83000000007,0.1200000088554319,6053.713470790379,Saturday,1,4
2022-04-10,3747690.93,3511278.1,123,56,0.7886178861788617,130,571,19,449722.92,130,0.03327495621716287,236412.83000000007,0.12000000224138012,6563.381663747811,Sunday,1,4
2022-04-11,4187283.4,3982564.11,139,57,0.7266187050359713,145,685,32,502474.02999999997,145,0.04671532846715328,204719.29000000004,0.1200000052540031,6112.822481751825,Monday,0,4
2022-04-12,4300020.35,4061975.74,161,76,0.7763975155279503,169,712,26,516002.46,169,0.03651685393258427,238044.6099999994,0.12000000418602672,6039.354424157303,Tuesday,0,4
2022-04-13,4888627.31,4546028.85,168,74,0.7738095238095238,178,802,25,586635.35,178,0.03117206982543641,342598.45999999996,0.12000001489170588,6095.545274314214,Wednesday,0,4
2022-04-14,4670014.27,4407778.78,156,70,0.8205128205128205,162,713,5,555435.38,162,0.0070126227208976155,262235.4899999993,0.1189365487741861,6549.809635343618,Thursday,0,4
2022-04-15,4908291.49,4288050.23,146,62,0.7808219178082192,155,717,18,341602.6,155,0.02510460251046025,620241.2599999998,0.06959704832037185,6845.594825662482,Friday,0,4
2022-04-16,5147946.06,4540748.11,158,57,0.7911392405063291,163,729,29,262694.57,163,0.039780521262002745,607197.9499999993,0.051029005925520524,7061.65440329218,Saturday,1,4
2022-04-17,4470361.38,3877207.22,130,52,0.7846153846153846,134,612,17,150431.33,134,0.027777777777777776,593154.1599999997,0.033650820864956556,7304.5120588235295,Sunday,1,4
2022-04-18,3680888.01,2995894.73,114,48,0.7719298245614035,120,527,26,0.0,120,0.04933586337760911,684993.2799999998,0.0,6984.607229601517,Monday,0,4
2022-04-19,4426735.65,3630694.51,153,69,0.8104575163398693,159,702,40,0.0,159,0.05698005698005698,796041.1400000006,0.0,6305.89123931624,Tuesday,0,4
2022-04-20,4874458.71,4017615.85,151,66,0.7549668874172185,156,724,9,0.0,156,0.012430939226519336,856842.8599999999,0.0,6732.677776243094,Wednesday,0,4
2022-04-21,2926459.0,2418771.53,103,50,0.7184466019417476,109,475,33,0.0,109,0.06947368421052631,507687.4700000002,0.0,6160.966315789474,Thursday,0,4
2022-04-22,4609506.19,3890393.56,129,65,0.7751937984496124,138,643,1,0.0,138,0.0015552099533437014,719112.6300000004,0.0,7168.749906687403,Friday,0,4
2022-04-23,4709847.04,3925675.06,133,63,0.7744360902255639,144,669,21,0.0,144,0.03139013452914798,784171.98,0.0,7040.130104633782,Saturday,1,4
2022-04-24,5020542.99,4173556.86,129,56,0.7751937984496124,142,675,3,0.0,142,0.0044444444444444444,846986.1300000004,0.0,7437.841466666667,Sunday,1,4
2022-04-25,4873788.42,3954819.04,153,68,0.7973856209150327,163,711,6,0.0,163,0.008438818565400843,918969.3799999999,0.0,6854.836033755274,Monday,0,4
2022-04-26,5688161.6,4770812.83,182,92,0.7087912087912088,191,828,23,0.0,191,0.027777777777777776,917348.7699999996,0.0,6869.760386473429,Tuesday,0,4
2022-04-27,5361513.76,4376745.35,174,70,0.764367816091954,182,767,22,0.0,182,0.028683181225554105,984768.4100000001,0.0,6990.239582790091,Wednesday,0,4
2022-04-28,5590934.3,4645081.23,166,72,0.7048192771084337,175,764,9,0.0,175,0.011780104712041885,945853.0699999994,0.0,7317.976832460733,Thursday,0,4
2022-04-29,7579535.07,6187238.79,208,94,0.7451923076923077,218,989,35,0.0,218,0.03538928210313448,1392296.2800000003,0.0,7663.83728008089,Friday,0,4
2022-04-30,6592777.23,5405333.92,183,84,0.8032786885245902,189,885,44,0.0,189,0.04971751412429379,1187443.3100000005,0.0,7449.46579661017,Saturday,1,4
2022-05-01,5680859.44,4706859.17,145,63,0.7724137931034483,156,734,20,0.0,156,0.027247956403269755,974000.2700000005,0.0,7739.590517711173,Sunday,1,5
2022-05-02,4291036.44,3434252.59,137,57,0.7737226277372263,148,650,24,0.0,148,0.036923076923076927,856783.8500000006,0.0,6601.594523076924,Monday,0,5
2022-05-03,5504853.65,4531490.74,150,66,0.74,165,784,16,0.0,165,0.02040816326530612,973362.9100000001,0.0,7021.497002551021,Tuesday,0,5
2022-05-04,1792730.62,1492900.17,54,21,0.7222222222222222,57,278,4,0.0,57,0.014388489208633094,299830.4500000002,0.0,6448.67129496403,Wednesday,0,5
2022-05-05,3556300.98,2916616.09,93,52,0.7634408602150538,101,466,14,0.0,101,0.030042918454935622,639684.8900000001,0.0,7631.547167381974,Thursday,0,5
2022-05-06,2532060.94,2027456.78,90,43,0.8666666666666667,94,403,10,0.0,94,0.02481389578163772,504604.1599999999,0.0,6283.029627791563,Friday,0,5
2022-05-07,3620303.23,3000039.1,110,45,0.7727272727272727,115,507,33,0.0,115,0.0650887573964497,620264.1299999999,0.0,7140.637534516765,Saturday,1,5
2022-05-08,2468343.71,1923320.47,90,40,0.8111111111111111,94,398,19,0.0,94,0.04773869346733668,545023.24,0.0,6201.868618090452,Sunday,1,5
2022-05-09,2985986.67,2430054.67,86,39,0.7441860465116279,90,433,18,0.0,90,0.04157043879907621,555932.0,0.0,6896.04311778291,Monday,0,5
2022-05-10,3668495.19,2955983.75,108,53,0.8425925925925926,115,513,8,0.0,115,0.015594541910331383,712511.44,0.0,7151.062748538012,Tuesday,0,5
2022-05-11,4347378.73,3521156.43,126,68,0.8015873015873016,131,590,27,0.0,131,0.04576271186440678,826222.3000000003,0.0,7368.4385254237295,Wednesday,0,5
2022-05-12,4753134.02,3878195.49,142,63,0.7816901408450704,146,657,0,0.0,146,0.0,874938.5299999993,0.0,7234.602770167427,Thursday,0,5
2022-05-13,3479131.38,2953956.65,106,52,0.7641509433962265,110,449,43,0.0,110,0.0957683741648107,525174.73,0.0,7748.622227171492,Friday,0,5
2022-05-14,4406804.98,3730445.32,123,53,0.7560975609756098,129,578,13,0.0,129,0.02249134948096886,676359.6600000006,0.0,7624.230069204153,Saturday,1,5
2022-05-15,4455089.7,3604418.84,127,55,0.7716535433070866,130,572,31,0.0,130,0.05419580419580419,850670.8600000003,0.0,7788.618356643357,Sunday,1,5
2022-05-16,4323621.35,3469983.75,133,62,0.8120300751879699,139,587,21,0.0,139,0.03577512776831346,853637.5999999996,0.0,7365.624105621805,Monday,0,5
2022-05-17,4158982.96,3363524.3,136,61,0.75,144,630,18,0.0,144,0.02857142857142857,795458.6600000001,0.0,6601.560253968254,Tuesday,0,5
2022-05-18,6094171.87,4997123.61,182,77,0.7802197802197802,189,822,27,0.0,189,0.032846715328467155,1097048.2599999998,0.0,7413.834391727494,Wednesday,0,5
2022-05-19,5824908.18,4737898.72,158,59,0.740506329113924,164,734,17,0.0,164,0.02316076294277929,1087009.46,0.0,7935.842207084468,Thursday,0,5
2022-05-20,2226534.2,1797128.71,81,46,0.8271604938271605,82,363,9,0.0,82,0.024793388429752067,429405.4900000002,0.0,6133.703030303031,Friday,0,5
2022-05-21,4033154.28,3341369.82,126,54,0.8174603174603174,130,539,29,0.0,130,0.05380333951762523,691784.46,0.0,7482.661001855287,Saturday,1,5
2022-05-22,5000275.74,4124194.76,140,63,0.7714285714285715,147,638,38,0.0,147,0.05956112852664577,876080.9800000004,0.0,7837.422789968652,Sunday,1,5
2022-05-23,3647180.26,3055864.88,112,51,0.7857142857142857,122,517,7,0.0,122,0.013539651837524178,591315.3799999999,0.0,7054.507272727273,Monday,0,5
2022-05-24,4442598.36,3584450.45,135,72,0.7333333333333333,143,631,27,0.0,143,0.042789223454833596,858147.9100000001,0.0,7040.56792393027,Tuesday,0,5
2022-05-25,6573956.43,5501922.55,178,77,0.8033707865168539,188,879,16,0.0,188,0.01820250284414107,1072033.88,0.0,7478.9037883959045,Wednesday,0,5
2022-05-26,6284218.49,5141408.99,177,83,0.7740112994350282,188,784,29,0.0,188,0.036989795918367346,1142809.5,0.0,8015.5848086734695,Thursday,0,5
2022-05-27,3652675.9,2933129.2,110,49,0.8090909090909091,115,503,18,0.0,115,0.03578528827037773,719546.6999999997,0.0,7261.781113320079,Friday,0,5
2022-05-28,3223975.84,2664148.14,103,48,0.7281553398058253,107,475,3,0.0,107,0.00631578947368421,559827.6999999997,0.0,6787.317557894737,Saturday,1,5
2022-05-29,5327455.25,4413502.81,133,58,0.7368421052631579,140,695,5,0.0,140,0.007194244604316547,913952.4400000004,0.0,7665.403237410072,Sunday,1,5
2022-05-30,8158502.0,6931185.72,252,112,0.7857142857142857,260,1093,19,0.0,260,0.01738334858188472,1227316.2800000003,0.0,7464.32021957914,Monday,0,5
2022-05-31,8513166.37,6787523.6,233,93,0.7296137339055794,245,1097,21,0.0,245,0.019143117593436645,1725642.7699999996,0.0,7760.406900638103,Tuesday,0,5
2022-06-01,8373363.4,7038218.52,250,116,0.816,259,1161,29,0.0,259,0.024978466838931956,1335144.8800000008,0.0,7212.199310938846,Wednesday,0,6
2022-06-02,8325437.52,6796380.79,242,114,0.7975206611570248,256,1132,19,0.0,256,0.01678445229681979,1529056.7299999995,0.0,7354.626784452296,Thursday,0,6
2022-06-03,6585522.44,5345747.87,190,71,0.7421052631578947,200,863,31,0.0,200,0.03592120509849363,1239774.5700000003,0.0,7630.964588644265,Friday,0,6
2022-06-04,2998952.42,2492875.15,73,26,0.7808219178082192,79,380,8,0.0,79,0.021052631578947368,506077.27,0.0,7891.9800526315785,Saturday,1,6
2022-06-05,2945501.79,2481566.23,70,27,0.7142857142857143,71,356,20,0.0,71,0.056179775280898875,463935.56000000006,0.0,8273.88143258427,Sunday,1,6
2022-06-06,3100859.0,2519872.17,83,37,0.7108433734939759,85,406,26,0.0,85,0.06403940886699508,580986.8300000001,0.0,7637.583743842364,Monday,0,6
2022-06-07,3673238.8,3096187.02,109,49,0.7706422018348624,115,528,22,0.0,115,0.041666666666666664,577051.7799999998,0.0,6956.891666666666,Tuesday,0,6
2022-06-08,3686799.9,3086016.13,103,39,0.7087378640776699,106,482,8,0.0,106,0.016597510373443983,600783.77,0.0,7648.96244813278,Wednesday,0,6
2022-06-09,2619038.14,2169844.13,84,39,0.7738095238095238,85,389,26,0.0,85,0.06683804627249357,449194.01000000024,0.0,6732.74586118252,Thursday,0,6
2022-06-10,3369544.01,2830537.04,103,33,0.7378640776699029,108,474,10,0.0,108,0.02109704641350211,539006.9699999997,0.0,7108.742637130801,Friday,0,6
2022-06-11,4463584.56,3478666.52,111,40,0.7837837837837838,117,536,3,0.0,117,0.005597014925373134,984918.0399999996,0.0,8327.583134328357,Saturday,1,6
2022-06-12,4561669.81,3820200.11,117,54,0.7435897435897436,131,603,17,0.0,131,0.028192371475953566,741469.6999999997,0.0,7564.958225538971,Sunday,1,6
2022-06-13,4221162.05,3579316.15,128,63,0.8125,131,632,23,0.0,131,0.03639240506329114,641845.8999999999,0.0,6679.0538765822785,Monday,0,6
2022-06-14,4843640.76,3943051.0,143,71,0.7412587412587412,147,660,5,0.0,147,0.007575757575757576,900589.7599999998,0.0,7338.849636363636,Tuesday,0,6
2022-06-15,4969823.53,4197066.37,141,63,0.75177304964539,151,706,10,0.0,151,0.014164305949008499,772757.1600000001,0.0,7039.410099150142,Wednesday,0,6
2022-06-16,4143877.35,3546880.86,123,62,0.7560975609756098,131,549,13,0.0,131,0.023679417122040074,596996.4900000002,0.0,7548.046174863388,Thursday,0,6
2022-06-17,4914374.7,4127718.74,125,55,0.816,126,561,6,0.0,126,0.0106951871657754,786655.96,0.0,8760.026203208556,Friday,0,6
2022-06-18,4817780.87,3824360.06,134,62,0.7686567164179104,139,582,9,0.0,139,0.015463917525773196,993420.81,0.0,8277.974003436426,Saturday,1,6
2022-06-19,3795086.21,3161112.99,113,44,0.7433628318584071,117,511,7,0.0,117,0.0136986301369863,633973.2199999997,0.0,7426.783189823875,Sunday,1,6
2022-06-20,3323030.57,2753309.16,115,51,0.7478260869565218,121,511,5,0.0,121,0.009784735812133072,569721.4099999997,0.0,6502.995244618395,Monday,0,6
2022-06-21,4271838.09,3517936.59,130,64,0.7461538461538462,134,598,28,0.0,134,0.046822742474916385,753901.5,0.0,7143.541956521739,Tuesday,0,6
2022-06-22,5182306.11,4283552.22,141,72,0.8014184397163121,146,657,21,0.0,146,0.0319634703196347,898753.8900000006,0.0,7887.832739726028,Wednesday,0,6
2022-06-23,3276933.23,2698817.37,100,52,0.76,104,446,12,15917.619999999999,104,0.026905829596412557,578115.8599999999,0.0048574746211719425,7347.383923766816,Thursday,0,6
2022-06-24,4334289.08,3840132.24,120,58,0.8333333333333334,121,565,3,197391.11000000002,121,0.005309734513274336,494156.83999999985,0.045541750067118275,7671.3081061946905,Friday,0,6
2022-06-25,3650772.37,3465656.03,104,54,0.7788461538461539,106,507,15,377539.7,106,0.029585798816568046,185116.34000000032,0.10341365106803413,7200.734457593689,Saturday,1,6
2022-06-26,3313898.55,3251613.07,115,53,0.6869565217391305,120,566,38,495885.97,120,0.06713780918727916,62285.47999999998,0.1496382470730735,5854.944434628975,Sunday,1,6
2022-06-27,3481464.68,3545701.77,143,73,0.7622377622377622,150,605,33,626663.62,150,0.05454545454545454,-64237.08999999985,0.17999999356592639,5754.487074380166,Monday,0,6
2022-06-28,5799352.35,5797836.84,201,94,0.7512437810945274,208,950,45,1043883.38,208,0.04736842105263158,1515.5099999997765,0.17999999258537897,6104.581421052631,Tuesday,0,6
2022-06-29,7265484.49,7471904.08,251,115,0.749003984063745,264,1213,19,1307787.22,264,0.015663643858202802,-206419.58999999985,0.18000000162411742,5989.682184666117,Wednesday,0,6
2022-06-30,5503799.91,5548808.71,206,80,0.7621359223300971,216,877,36,990684.0,216,0.04104903078677309,-45008.799999999814,0.18000000294342094,6275.712554161916,Thursday,0,6
2022-07-01,5150082.22,5158929.6,185,82,0.7837837837837838,190,831,39,927014.85,190,0.04693140794223827,-8847.379999999888,0.18000000978625152,6197.451528279182,Friday,0,7
2022-07-02,4591824.74,4681370.69,158,75,0.759493670886076,168,781,17,826528.45,168,0.02176696542893726,-89545.95000000019,0.17999999930310928,5879.417080665813,Saturday,1,7
2022-07-03,3487232.0,3467227.39,126,60,0.7301587301587301,133,573,21,627701.72,133,0.03664921465968586,20004.60999999987,0.1799999885295845,6085.919720767888,Sunday,1,7
2022-07-04,1208545.64,1210803.29,37,16,0.6756756756756757,38,180,0,217538.19999999998,38,0.0,-2257.6500000001397,0.17999998742289947,6714.142444444444,Monday,0,7
2022-07-05,1079245.09,1067117.75,33,12,0.6363636363636364,36,173,11,194264.13,36,0.06358381502890173,12127.340000000084,0.18000001278671557,6238.410924855491,Tuesday,0,7
2022-07-06,2003115.26,1958001.67,72,43,0.7916666666666666,76,359,6,360560.74,76,0.016713091922005572,45113.590000000084,0.1799999966052877,5579.708245125348,Wednesday,0,7
2022-07-07,2178171.4,2191625.58,68,28,0.7205882352941176,68,309,5,392070.9,68,0.016181229773462782,-13454.180000000168,0.1800000220368333,7049.098381877023,Thursday,0,7
2022-07-08,1881078.1,1982500.01,58,30,0.8103448275862069,62,259,2,338594.04,62,0.007722007722007722,-101421.90999999992,0.1799999904310193,7262.849806949807,Friday,0,7
2022-07-09,1988747.3,2091746.39,73,39,0.8082191780821918,74,306,3,357974.51,74,0.00980392156862745,-102999.08999999985,0.17999999798868363,6499.174183006536,Saturday,1,7
2022-07-10,2250020.87,2249417.16,91,42,0.7692307692307693,92,397,11,405003.72,92,0.027707808564231738,603.7099999999627,0.1799999837334842,5667.558866498741,Sunday,1,7
2022-07-11,3085208.06,3120714.69,93,41,0.6881720430107527,96,428,20,555337.43,96,0.04672897196261682,-35506.62999999989,0.17999999325815325,7208.430046728972,Monday,0,7
2022-07-12,3275001.85,3465716.5,99,41,0.7878787878787878,101,459,1,589500.28,101,0.002178649237472767,-190714.6499999999,0.17999998381680304,7135.080283224401,Tuesday,0,7
2022-07-13,3331997.68,3265956.0,128,70,0.7734375,133,585,16,599759.55,133,0.02735042735042735,66041.68000000017,0.17999999027610367,5695.72252991453,Wednesday,0,7
2022-07-14,3428606.64,3482102.84,122,58,0.7950819672131147,129,585,7,617149.17,129,0.011965811965811967,-53496.19999999972,0.1799999926500755,5860.866051282052,Thursday,0,7
2022-07-15,3272104.3,3382105.17,117,67,0.7521367521367521,121,555,21,588978.74,121,0.03783783783783784,-110000.87000000011,0.1799999896091332,5895.683423423423,Friday,0,7
2022-07-16,3060600.17,3054594.29,103,51,0.7572815533980582,106,476,16,550908.04,106,0.03361344537815126,6005.879999999888,0.18000000307129305,6429.832289915967,Saturday,1,7
2022-07-17,3238870.01,3239433.47,107,53,0.7570093457943925,116,538,23,582996.65,116,0.04275092936802974,-563.4600000004284,0.18000001488173342,6020.204479553903,Sunday,1,7
2022-07-18,3305333.1,3363292.96,97,49,0.8144329896907216,101,477,23,594960.0,101,0.04821802935010482,-57959.85999999987,0.1800000127067375,6929.419496855347,Monday,0,7
2022-07-19,3101945.44,3019090.18,103,43,0.7475728155339806,106,462,11,395248.17,106,0.023809523809523808,82855.25999999978,0.12741944616537162,6714.167619047619,Tuesday,0,7
2022-07-20,3436240.82,3222539.9,112,57,0.7410714285714286,115,521,21,292122.54,115,0.04030710172744722,213700.91999999993,0.08501224311746579,6595.471823416507,Wednesday,0,7
2022-07-21,3596036.01,3119249.05,110,55,0.8181818181818182,114,499,19,206609.4,114,0.03807615230460922,476786.95999999996,0.05745476391934129,7206.484989979959,Thursday,0,7
2022-07-22,2771453.13,2364982.84,80,37,0.7125,81,353,14,78237.93,81,0.039660056657223795,406470.29000000004,0.028229930772814476,7851.142011331444,Friday,0,7
2022-07-23,4190232.53,3612754.83,101,41,0.7326732673267327,105,507,34,0.0,105,0.0670611439842209,577477.6999999997,0.0,8264.758441814596,Saturday,1,7
2022-07-24,3833852.9,3118207.38,99,44,0.7878787878787878,102,446,7,0.0,102,0.01569506726457399,715645.52,0.0,8596.08273542601,Sunday,1,7
2022-07-25,2614143.21,2099890.98,89,40,0.7303370786516854,94,449,11,0.0,94,0.024498886414253896,514252.23,0.0,5822.145233853006,Monday,0,7
2022-07-26,3176075.37,2651641.17,85,39,0.7411764705882353,87,428,11,0.0,87,0.02570093457943925,524434.2000000002,0.0,7420.736845794393,Tuesday,0,7
2022-07-27,4214912.76,3467925.47,109,54,0.7889908256880734,117,569,23,0.0,117,0.040421792618629174,746987.2899999996,0.0,7407.5795430579965,Wednesday,0,7
2022-07-28,4859620.98,3942867.94,142,65,0.7676056338028169,150,674,25,0.0,150,0.037091988130563795,916753.0400000005,0.0,7210.120148367953,Thursday,0,7
2022-07-29,3226100.81,2681143.22,106,44,0.7924528301886793,110,503,5,0.0,110,0.009940357852882704,544957.5899999999,0.0,6413.719304174951,Friday,0,7
2022-07-30,2682461.47,2137462.32,76,35,0.7368421052631579,77,348,14,0.0,77,0.040229885057471264,544999.1500000004,0.0,7708.22261494253,Saturday,1,7
2022-07-31,4622917.86,3735517.99,143,61,0.7832167832167832,154,683,14,0.0,154,0.020497803806734993,887399.8700000001,0.0,6768.547379209371,Sunday,1,7
2022-08-01,4081818.17,3201046.8,112,53,0.7142857142857143,117,531,31,0.0,117,0.0583804143126177,880771.3700000001,0.0,7687.039868173258,Monday,0,8
2022-08-02,4490226.96,3711709.11,141,46,0.7872340425531915,151,666,33,0.0,151,0.04954954954954955,778517.8500000001,0.0,6742.082522522523,Tuesday,0,8
2022-08-03,5085558.26,4209543.55,145,80,0.7517241379310344,149,682,27,0.0,149,0.039589442815249266,876014.71,0.0,7456.830293255131,Wednesday,0,8
2022-08-04,4345026.44,3614349.89,137,60,0.7518248175182481,143,618,61,0.0,143,0.09870550161812297,730676.5500000003,0.0,7030.787119741101,Thursday,0,8
2022-08-05,2114789.45,1780212.48,53,21,0.8113207547169812,54,260,11,0.0,54,0.04230769230769231,334576.9700000002,0.0,8133.805576923078,Friday,0,8
2022-08-06,2325289.52,2017328.21,61,23,0.8360655737704918,62,276,8,0.0,62,0.028985507246376812,307961.31000000006,0.0,8424.962028985507,Saturday,1,8
2022-08-07,2331541.43,1882527.46,71,40,0.7887323943661971,73,327,19,0.0,73,0.0581039755351682,449013.9700000002,0.0,7130.096116207952,Sunday,1,8
2022-08-08,3054473.91,2576748.48,76,37,0.631578947368421,77,368,13,0.0,77,0.035326086956521736,477725.43000000017,0.0,8300.200842391305,Monday,0,8
2022-08-09,2488386.71,1932711.49,77,33,0.7532467532467533,80,366,42,0.0,80,0.11475409836065574,555675.22,0.0,6798.870792349727,Tuesday,0,8
2022-08-10,2963483.62,2399743.47,90,38,0.6777777777777778,95,458,21,0.0,95,0.04585152838427948,563740.1499999999,0.0,6470.48825327511,Wednesday,0,8
2022-08-11,3674343.1,3109434.98,95,43,0.7263157894736842,101,487,14,0.0,101,0.028747433264887063,564908.1200000001,0.0,7544.852361396304,Thursday,0,8
2022-08-12,2787707.25,2241846.4,79,38,0.7848101265822784,83,400,24,0.0,83,0.06,545860.8500000001,0.0,6969.268125,Friday,0,8
2022-08-13,1789226.45,1446390.99,57,25,0.6491228070175439,61,292,0,0.0,61,0.0,342835.45999999996,0.0,6127.487842465754,Saturday,1,8
2022-08-14,2557373.24,2109123.95,78,33,0.7435897435897436,83,347,5,0.0,83,0.01440922190201729,448249.29000000004,0.0,7369.951700288185,Sunday,1,8
2022-08-15,3869248.63,3309171.5,111,51,0.7207207207207207,116,527,5,0.0,116,0.009487666034155597,560077.1299999999,0.0,7342.027760910816,Monday,0,8
2022-08-16,3139997.28,2622848.5,90,38,0.8888888888888888,93,415,19,0.0,93,0.04578313253012048,517148.7799999998,0.0,7566.258506024096,Tuesday,0,8
2022-08-17,3480892.06,2948849.64,111,40,0.8198198198198198,114,488,36,0.0,114,0.07377049180327869,532042.4199999999,0.0,7132.975532786885,Wednesday,0,8
2022-08-18,4171974.77,3471070.42,118,51,0.8220338983050848,122,534,37,0.0,122,0.06928838951310862,700904.3500000001,0.0,7812.686835205993,Thursday,0,8
2022-08-19,2011108.63,1643391.76,67,35,0.8059701492537313,69,292,13,0.0,69,0.04452054794520548,367716.8699999999,0.0,6887.358321917808,Friday,0,8
2022-08-20,2479005.37,2092133.98,77,30,0.7142857142857143,78,345,20,0.0,78,0.057971014492753624,386871.39000000013,0.0,7185.522811594204,Saturday,1,8
2022-08-21,2235990.02,1905397.24,67,43,0.9253731343283582,69,291,10,0.0,69,0.03436426116838488,330592.78,0.0,7683.814501718213,Sunday,1,8
2022-08-22,3743695.22,3095599.8,95,40,0.8210526315789474,103,456,21,0.0,103,0.046052631578947366,648095.4200000004,0.0,8209.857938596491,Monday,0,8
2022-08-23,2422220.1,1951701.71,85,42,0.7411764705882353,89,373,22,0.0,89,0.058981233243967826,470518.39000000013,0.0,6493.887667560322,Tuesday,0,8
2022-08-24,3292983.26,2679505.93,119,61,0.7394957983193278,132,590,26,0.0,132,0.04406779661016949,613477.3299999996,0.0,5581.327559322033,Wednesday,0,8
2022-08-25,3512475.16,2996327.54,93,45,0.7204301075268817,97,446,8,0.0,97,0.017937219730941704,516147.6200000001,0.0,7875.504843049328,Thursday,0,8
2022-08-26,3544046.7,2980867.4,97,42,0.8144329896907216,101,480,36,0.0,101,0.075,563179.3000000003,0.0,7383.430625,Friday,0,8
2022-08-27,2367664.33,1897436.06,76,34,0.6842105263157895,77,325,37,0.0,77,0.11384615384615385,470228.27,0.0,7285.121015384616,Saturday,1,8
2022-08-28,7051722.27,5879145.36,203,92,0.7783251231527094,207,910,41,0.0,207,0.045054945054945054,1172576.9099999992,0.0,7749.145351648352,Sunday,1,8
2022-08-29,7928796.83,6503005.43,213,92,0.7417840375586855,232,1109,58,0.0,232,0.05229936880072137,1425791.4000000004,0.0,7149.501199278629,Monday,0,8
2022-08-30,6574345.89,5482415.72,176,79,0.8011363636363636,188,837,27,0.0,188,0.03225806451612903,1091930.17,0.0,7854.654587813619,Tuesday,0,8
2022-08-31,7627532.44,6341793.09,204,93,0.7794117647058824,216,982,49,6936.5599999999995,216,0.04989816700610998,1285739.3500000006,0.0009094107504051466,7767.344643584522,Wednesday,0,8
2022-09-01,6284732.49,5155753.38,191,95,0.774869109947644,197,864,23,91642.01,197,0.02662037037037037,1128979.1100000003,0.01458168826530276,7273.9959375,Thursday,0,9
2022-09-02,1902817.9,1746845.19,46,21,0.5434782608695652,48,239,6,158883.6,48,0.02510460251046025,155972.70999999996,0.08349910939980122,7961.581171548117,Friday,0,9
2022-09-03,1443083.36,1319555.66,52,29,0.6923076923076923,54,223,14,144308.37,54,0.06278026905829596,123527.70000000019,0.10000002356066248,6471.225829596413,Saturday,1,9
2022-09-04,1814811.35,1668265.18,52,18,0.6346153846153846,53,234,0,181481.15,53,0.0,146546.17000000016,0.10000000826532189,7755.60405982906,Sunday,1,9
2022-09-05,2214621.47,2091481.45,69,28,0.7391304347826086,72,316,7,221462.18,72,0.022151898734177215,123140.02000000025,0.10000001490096634,7008.295791139241,Monday,0,9
2022-09-06,1440405.44,1324005.11,50,20,0.78,52,230,14,144040.52,52,0.06086956521739131,116400.32999999984,0.0999999833380246,6262.6323478260865,Tuesday,0,9
2022-09-07,1890879.55,1717460.94,62,20,0.7258064516129032,64,259,18,189087.95,64,0.0694980694980695,173418.6100000001,0.09999999735572793,7300.693243243243,Wednesday,0,9
2022-09-08,3137260.99,2854328.48,95,44,0.7157894736842105,96,431,12,313726.15,96,0.027842227378190254,282932.51000000024,0.10000001625621846,7279.027819025522,Thursday,0,9
2022-09-09,1905843.43,1773901.8,69,36,0.7971014492753623,70,292,43,190584.4,70,0.14726027397260275,131941.6299999999,0.1000000299080182,6526.8610616438355,Friday,0,9
2022-09-10,3003150.84,2629180.97,88,36,0.8181818181818182,90,424,17,300315.14,90,0.04009433962264151,373969.86999999965,0.10000001864708202,7082.902924528302,Saturday,1,9
2022-09-11,3574194.77,3355823.68,103,43,0.7669902912621359,105,490,29,357419.47,105,0.05918367346938776,218371.08999999985,0.09999999804151691,7294.2750408163265,Sunday,1,9
2022-09-12,3415849.51,3102681.39,110,50,0.8363636363636363,116,576,49,341584.99,116,0.08506944444444445,313168.11999999965,0.10000001141736482,5930.294288194444,Monday,0,9
2022-09-13,2521208.91,2449598.89,71,30,0.7464788732394366,73,333,14,252120.91,73,0.042042042042042045,71610.02000000002,0.10000000753606729,7571.1979279279285,Tuesday,0,9
2022-09-14,2125189.04,1992207.12,65,31,0.8769230769230769,66,281,34,212518.9,66,0.12099644128113879,132981.91999999993,0.09999999811781449,7562.950320284697,Wednesday,0,9
2022-09-15,3154006.65,2833555.37,96,41,0.75,105,505,29,315400.62,105,0.05742574257425743,320451.2799999998,0.09999998573243338,6245.557722772277,Thursday,0,9
2022-09-16,2557894.76,2402816.85,80,47,0.7875,82,353,15,255789.49,82,0.042492917847025496,155077.90999999968,0.10000000547325098,7246.160793201133,Friday,0,9
2022-09-17,1810510.0,1735920.18,65,33,0.7846153846153846,70,304,21,181051.03,70,0.06907894736842106,74589.82000000007,0.10000001656991676,5955.625,Saturday,1,9
2022-09-18,2355578.71,2098692.33,80,35,0.7125,81,382,50,235557.86,81,0.13089005235602094,256886.3799999999,0.09999999533023458,6166.436413612565,Sunday,1,9
2022-09-19,2832515.44,2618684.64,92,38,0.7717391304347826,94,439,51,283251.56,94,0.11617312072892938,213830.7999999998,0.10000000564868942,6452.199179954442,Monday,0,9
2022-09-20,1813002.77,1685796.46,63,31,0.7936507936507936,64,269,20,181300.28,64,0.07434944237918216,127206.31000000006,0.10000000165471341,6739.787249070632,Tuesday,0,9
2022-09-21,2262085.02,2156585.58,67,34,0.7910447761194029,73,331,12,226208.42,73,0.03625377643504532,105499.43999999994,0.09999996375025728,6834.093716012085,Wednesday,0,9
2022-09-22,3106149.95,2910964.29,85,42,0.6823529411764706,88,417,23,310615.0,88,0.05515587529976019,195185.66000000015,0.10000000160970979,7448.800839328537,Thursday,0,9
2022-09-23,2634119.24,2453809.45,90,36,0.8222222222222222,91,377,23,263411.96,91,0.0610079575596817,180309.79000000004,0.10000001366680727,6987.0536870026535,Friday,0,9
2022-09-24,2896411.14,2694695.72,82,32,0.7560975609756098,86,424,52,289641.14,86,0.12264150943396226,201715.41999999993,0.10000000897662616,6831.1583490566045,Saturday,1,9
2022-09-25,3041369.47,2753150.12,97,45,0.8247422680412371,102,461,31,304136.97,102,0.06724511930585683,288219.3500000001,0.10000000756238273,6597.330737527115,Sunday,1,9
2022-09-26,5205389.57,4849044.63,158,70,0.7531645569620253,172,773,80,520539.02,172,0.1034928848641656,356344.9400000004,0.10000001210284055,6734.009793014231,Monday,0,9
2022-09-27,4259834.95,3803492.23,130,59,0.7461538461538462,140,631,57,425983.5,140,0.09033280507131537,456342.7200000002,0.10000000117375439,6750.927020602219,Tuesday,0,9
2022-09-28,4257301.76,3860995.61,137,67,0.8321167883211679,140,636,38,425730.18,140,0.059748427672955975,396306.1499999999,0.10000000093956225,6693.870691823899,Wednesday,0,9
2022-09-29,4352754.23,4023586.93,121,52,0.8264462809917356,128,566,80,404281.48,128,0.1413427561837456,329167.3000000003,0.09287946404453898,7690.378498233216,Thursday,0,9
2022-09-30,2551313.88,2332362.64,77,36,0.7662337662337663,79,341,13,225355.79,79,0.03812316715542522,218951.23999999976,0.08832930819158952,7481.858885630498,Friday,0,9
2022-10-01,1469771.93,1293984.1,42,18,0.8809523809523809,45,197,24,57433.229999999996,45,0.1218274111675127,175787.82999999984,0.039076287162457916,7460.771218274112,Saturday,1,10
2022-10-02,1289798.82,1015484.47,41,15,0.7804878048780488,46,188,16,0.0,46,0.0851063829787234,274314.3500000001,0.0,6860.632021276596,Sunday,1,10
2022-10-03,2179072.88,1799910.69,58,21,0.7241379310344828,61,278,27,0.0,61,0.09712230215827339,379162.18999999994,0.0,7838.391654676258,Monday,0,10
2022-10-04,2751920.12,2302490.12,65,31,0.6923076923076923,68,301,28,0.0,68,0.09302325581395349,449430.0,0.0,9142.591760797342,Tuesday,0,10
2022-10-05,1527341.84,1209546.76,43,23,0.6511627906976745,45,196,21,0.0,45,0.10714285714285714,317795.0800000001,0.0,7792.5604081632655,Wednesday,0,10
2022-10-06,2026518.43,1678609.18,55,26,0.7636363636363637,57,266,8,0.0,57,0.03007518796992481,347909.25,0.0,7618.490338345864,Thursday,0,10
2022-10-07,1406363.3,1112130.94,39,17,0.7435897435897436,41,177,1,0.0,41,0.005649717514124294,294232.3600000001,0.0,7945.555367231638,Friday,0,10
2022-10-08,2137543.63,1805932.34,62,27,0.6935483870967742,63,281,28,0.0,63,0.099644128113879,331611.2899999998,0.0,7606.916832740213,Saturday,1,10
2022-10-09,1805775.79,1488842.7,56,26,0.8035714285714286,61,276,20,0.0,61,0.07246376811594203,316933.0900000001,0.0,6542.665905797102,Sunday,1,10
2022-10-10,2356440.12,1975941.69,75,28,0.84,80,365,40,0.0,80,0.1095890410958904,380498.43000000017,0.0,6456.000328767123,Monday,0,10
2022-10-11,2270162.6,1955651.17,67,29,0.835820895522388,73,334,27,0.0,73,0.08083832335329341,314511.43000000017,0.0,6796.894011976048,Tuesday,0,10
2022-10-12,1976207.14,1617749.24,52,22,0.7692307692307693,55,256,9,0.0,55,0.03515625,358457.8999999999,0.0,7719.559140625,Wednesday,0,10
2022-10-13,2430819.33,1940628.06,67,29,0.7910447761194029,68,318,37,0.0,68,0.11635220125786164,490191.27,0.0,7644.085943396227,Thursday,0,10
2022-10-14,1927818.67,1586067.15,51,20,0.7647058823529411,53,239,8,0.0,53,0.03347280334728033,341751.52,0.0,8066.18690376569,Friday,0,10
2022-10-15,1986495.19,1576156.75,63,35,0.746031746031746,64,253,11,0.0,64,0.043478260869565216,410338.43999999994,0.0,7851.7596442687745,Saturday,1,10
2022-10-16,1897952.11,1655869.65,65,29,0.7384615384615385,66,283,39,0.0,66,0.13780918727915195,242082.4600000002,0.0,6706.544558303887,Sunday,1,10
2022-10-17,2507328.8,2119354.36,72,29,0.7083333333333334,75,344,36,0.0,75,0.10465116279069768,387974.43999999994,0.0,7288.746511627906,Monday,0,10
2022-10-18,3170696.65,2645141.42,79,37,0.7721518987341772,82,388,47,0.0,82,0.1211340206185567,525555.23,0.0,8171.898582474227,Tuesday,0,10
2022-10-19,2324314.45,1931007.25,52,26,0.8846153846153846,54,242,10,0.0,54,0.04132231404958678,393307.2000000002,0.0,9604.605165289257,Wednesday,0,10
2022-10-20,2591151.06,2095872.66,61,28,0.7868852459016393,63,317,25,0.0,63,0.07886435331230283,495278.40000000014,0.0,8173.978107255521,Thursday,0,10
2022-10-21,2662328.56,2201489.2,69,36,0.8115942028985508,72,323,37,0.0,72,0.11455108359133127,460839.35999999987,0.0,8242.503281733747,Friday,0,10
2022-10-22,2407124.47,1949055.98,60,31,0.6833333333333333,65,294,15,0.0,65,0.05102040816326531,458068.4900000002,0.0,8187.498197278912,Saturday,1,10
2022-10-23,1971627.46,1628494.03,67,32,0.7761194029850746,70,281,22,0.0,70,0.07829181494661921,343133.42999999993,0.0,7016.467829181494,Sunday,1,10
2022-10-24,2678456.17,2245907.36,82,47,0.7560975609756098,84,339,2,0.0,84,0.0058997050147492625,432548.81000000006,0.0,7901.050648967552,Monday,0,10
2022-10-25,3003375.87,2373976.27,84,32,0.7023809523809523,88,396,61,0.0,88,0.15404040404040403,629399.6000000001,0.0,7584.2825,Tuesday,0,10
2022-10-26,2345490.55,1902512.75,66,30,0.7575757575757576,69,324,19,0.0,69,0.05864197530864197,442977.7999999998,0.0,7239.1683641975305,Wednesday,0,10
2022-10-27,2493935.72,2087492.57,69,33,0.7246376811594203,70,332,51,0.0,70,0.1536144578313253,406443.15000000014,0.0,7511.854578313254,Thursday,0,10
2022-10-28,4210212.53,3513694.7,106,43,0.7452830188679245,109,511,34,0.0,109,0.06653620352250489,696517.8300000001,0.0,8239.163463796478,Friday,0,10
2022-10-29,3626939.26,2918150.87,107,48,0.7663551401869159,114,507,60,0.0,114,0.11834319526627218,708788.3899999997,0.0,7153.726351084812,Saturday,1,10
2022-10-30,3130677.4,2518990.77,107,50,0.8037383177570093,113,479,80,0.0,113,0.16701461377870563,611686.6299999999,0.0,6535.860960334029,Sunday,1,10
2022-10-31,4630791.46,3823758.6,115,51,0.7391304347826086,120,584,63,0.0,120,0.10787671232876712,807032.8599999999,0.0,7929.437431506849,Monday,0,10
2022-11-01,3025164.28,2504688.31,92,42,0.782608695652174,95,407,46,0.0,95,0.11302211302211303,520475.96999999974,0.0,7432.8360687960685,Tuesday,0,11
2022-11-02,1338326.56,1136192.76,29,13,0.7586206896551724,29,133,13,0.0,29,0.09774436090225563,202133.80000000005,0.0,10062.605714285715,Wednesday,0,11
2022-11-03,1253721.23,994106.82,35,18,0.7142857142857143,36,152,17,0.0,36,0.1118421052631579,259614.41000000003,0.0,8248.165986842105,Thursday,0,11
2022-11-04,1065066.0,908402.36,34,19,0.7941176470588235,35,136,12,0.0,35,0.08823529411764706,156663.64,0.0,7831.367647058823,Friday,0,11
2022-11-05,1826120.07,1592683.79,48,17,0.8333333333333334,49,220,6,0.0,49,0.02727272727272727,233436.28000000003,0.0,8300.545772727273,Saturday,1,11
2022-11-06,2207719.98,1750011.7,57,26,0.8421052631578947,61,295,22,0.0,61,0.07457627118644068,457708.28,0.0,7483.796542372881,Sunday,1,11
2022-11-07,1655852.99,1340974.43,51,19,0.7254901960784313,56,258,7,0.0,56,0.027131782945736434,314878.56000000006,0.0,6418.03484496124,Monday,0,11
2022-11-08,1781413.12,1480654.53,47,19,0.6808510638297872,51,234,20,0.0,51,0.08547008547008547,300758.5900000001,0.0,7612.876581196581,Tuesday,0,11
2022-11-09,845358.47,699535.31,29,14,0.7586206896551724,30,147,22,0.0,30,0.14965986394557823,145823.15999999992,0.0,5750.737891156462,Wednesday,0,11
2022-11-10,2079598.87,1694276.76,47,19,0.723404255319149,48,240,16,0.0,48,0.06666666666666667,385322.1100000001,0.0,8664.995291666668,Thursday,0,11
2022-11-11,1581745.15,1307363.48,44,25,0.7954545454545454,48,212,17,0.0,48,0.08018867924528301,274381.6699999999,0.0,7461.062028301886,Friday,0,11
2022-11-12,1354235.95,1091940.76,49,23,0.8571428571428571,52,212,8,0.0,52,0.03773584905660377,262295.18999999994,0.0,6387.905424528301,Saturday,1,11
2022-11-13,2903552.41,2399414.44,75,36,0.8533333333333334,79,377,64,0.0,79,0.16976127320954906,504137.9700000002,0.0,7701.730530503979,Sunday,1,11
2022-11-14,1656739.7,1428653.75,50,24,0.8,54,238,22,0.0,54,0.09243697478991597,228085.94999999995,0.0,6961.091176470588,Monday,0,11
2022-11-15,1547150.37,1239694.48,37,20,0.7297297297297297,40,196,0,0.0,40,0.0,307455.89000000013,0.0,7893.624336734694,Tuesday,0,11
2022-11-16,1436853.58,1152791.3,37,17,0.7027027027027027,42,229,19,0.0,42,0.08296943231441048,284062.28,0.0,6274.469781659389,Wednesday,0,11
2022-11-17,1542318.91,1326508.48,50,21,0.76,54,253,19,0.0,54,0.07509881422924901,215810.42999999993,0.0,6096.122173913043,Thursday,0,11
2022-11-18,2067584.69,1767319.2,66,24,0.7424242424242424,72,341,27,101687.62,72,0.07917888563049853,300265.49,0.049181840285342796,6063.298211143695,Friday,0,11
2022-11-19,1496563.56,1377725.1,51,31,0.8235294117647058,56,270,23,100712.11,56,0.08518518518518518,118838.45999999996,0.0672955781443723,5542.828,Saturday,1,11
2022-11-20,1857748.24,1631718.89,63,32,0.6507936507936508,70,339,40,125464.56,70,0.11799410029498525,226029.3500000001,0.0675358249834757,5480.083303834808,Sunday,1,11
2022-11-21,1349907.06,1276634.29,47,22,0.7872340425531915,49,235,16,186633.6,49,0.06808510638297872,73272.77000000002,0.13825662931194685,5744.285361702128,Monday,0,11
2022-11-22,853188.02,904694.78,31,11,0.7741935483870968,33,154,5,170637.61,33,0.032467532467532464,-51506.76000000001,0.20000000703244752,5540.181948051948,Tuesday,0,11
2022-11-23,1060969.69,1157743.64,34,9,0.8823529411764706,36,176,35,212193.94,36,0.19886363636363635,-96773.94999999995,0.200000001885068,6028.236875,Wednesday,0,11
2022-11-24,1729664.2,1775190.25,61,29,0.7049180327868853,63,271,8,345932.85,63,0.02952029520295203,-45526.05000000005,0.200000005781469,6382.524723247232,Thursday,0,11
2022-11-25,1527923.9,1576795.62,69,33,0.7971014492753623,75,315,63,305584.78,75,0.2,-48871.720000000205,0.20000000000000004,4850.552063492063,Friday,0,11
2022-11-26,2035639.78,2105948.81,92,40,0.7282608695652174,100,382,35,407128.0,100,0.09162303664921466,-70309.03000000003,0.20000002161482616,5328.899947643979,Saturday,1,11
2022-11-27,3138619.13,3283279.48,131,64,0.7557251908396947,141,644,61,627723.79,141,0.09472049689440994,-144660.3500000001,0.19999998852998774,4873.632189440994,Sunday,1,11
2022-11-28,2104917.42,2152332.4,90,40,0.8,95,405,45,420983.48,95,0.1111111111111111,-47414.97999999998,0.1999999980996879,5197.326962962963,Monday,0,11
2022-11-29,2558728.79,2694391.19,96,41,0.7291666666666666,101,468,39,511745.75,101,0.08333333333333333,-135662.3999999999,0.19999999687344747,5467.36920940171,Tuesday,0,11
2022-11-30,1317689.52,1346354.39,61,32,0.819672131147541,63,231,15,263537.9,63,0.06493506493506493,-28664.86999999988,0.19999999696438356,5704.283636363636,Wednesday,0,11
2022-12-01,1668445.9,1683082.9,57,27,0.7894736842105263,64,331,16,333689.2,64,0.04833836858006042,-14637.0,0.20000001198720319,5040.622054380664,Thursday,0,12
2022-12-02,720381.04,726739.78,27,12,0.8518518518518519,29,112,0,144076.2,29,0.0,-6358.739999999991,0.19999998889476603,6431.973571428572,Friday,0,12
2022-12-03,753704.17,751384.0,38,17,0.7894736842105263,41,159,8,150740.85,41,0.050314465408805034,2320.170000000042,0.2000000212284881,4740.277798742139,Saturday,1,12
2022-12-04,664409.51,678890.04,34,13,0.6764705882352942,40,189,9,132881.9,40,0.047619047619047616,-14480.530000000028,0.19999999698980828,3515.394232804233,Sunday,1,12
2022-12-05,1607335.1,1688255.85,47,20,0.7872340425531915,50,233,23,321467.03,50,0.09871244635193133,-80920.75,0.20000000622147804,6898.4339055794,Monday,0,12
2022-12-06,1436188.44,1460346.38,61,29,0.7540983606557377,68,310,10,287237.69,68,0.03225806451612903,-24157.939999999944,0.20000000139257493,4632.865935483871,Tuesday,0,12
2022-12-07,760218.13,731672.82,37,18,0.8378378378378378,39,168,7,152043.61,39,0.041666666666666664,28545.310000000056,0.19999997895340904,4525.107916666667,Wednesday,0,12
2022-12-08,818209.67,832757.07,39,17,0.7435897435897436,44,191,7,163641.95,44,0.03664921465968586,-14547.399999999907,0.20000001955488989,4283.820261780105,Thursday,0,12
2022-12-09,1323267.85,1366777.35,57,23,0.7368421052631579,61,256,29,264653.6,61,0.11328125,-43509.5,0.200000022671147,5169.0150390625,Friday,0,12
2022-12-10,1598936.84,1616981.65,61,28,0.6721311475409836,64,293,37,319787.36,64,0.12627986348122866,-18044.809999999823,0.1999999949966754,5457.122320819113,Saturday,1,12
2022-12-11,1420910.74,1526398.5,69,34,0.7101449275362319,77,350,28,284182.13,77,0.08,-105487.76000000001,0.19999998733206845,4059.7449714285713,Sunday,1,12
2022-12-12,1983085.06,2071778.79,99,47,0.7373737373737373,116,510,62,396616.98,116,0.12156862745098039,-88693.72999999998,0.19999998386352624,3888.4020784313725,Monday,0,12
2022-12-13,1652309.19,1687562.98,94,46,0.7553191489361702,109,447,24,330461.83,109,0.053691275167785234,-35253.79000000004,0.19999999515829117,3696.441140939597,Tuesday,0,12
2022-12-14,1662243.59,1688191.22,69,29,0.7971014492753623,79,394,31,332448.72,79,0.07868020304568528,-25947.62999999989,0.20000000120319306,4218.892360406092,Wednesday,0,12
2022-12-15,1494318.64,1554407.68,68,31,0.7794117647058824,81,366,19,298863.8,81,0.05191256830601093,-60089.04000000004,0.20000004818249473,4082.83781420765,Thursday,0,12
2022-12-16,1482192.97,1521540.05,71,29,0.7464788732394366,76,291,23,296438.59,76,0.07903780068728522,-39347.080000000075,0.19999999730129608,5093.446632302405,Friday,0,12
2022-12-17,1302193.74,1321522.92,68,35,0.7647058823529411,79,318,24,260438.7,79,0.07547169811320754,-19329.179999999935,0.19999996313912552,4094.9488679245283,Saturday,1,12
2022-12-18,2201374.59,2308997.06,99,50,0.7272727272727273,107,513,55,440274.98,107,0.10721247563352826,-107622.4700000002,0.2000000281642208,4291.178538011695,Sunday,1,12
2022-12-19,2250767.39,2245767.23,125,54,0.736,142,602,49,450153.48,142,0.08139534883720931,5000.160000000149,0.2000000008885858,3738.816262458472,Monday,0,12
2022-12-20,2026810.08,2053084.16,100,43,0.77,117,515,30,405362.05,117,0.05825242718446602,-26274.07999999984,0.20000001677512871,3935.5535533980583,Tuesday,0,12
2022-12-21,1795395.02,1806884.57,80,38,0.825,92,420,49,359079.06,92,0.11666666666666667,-11489.550000000047,0.2000000311909075,4274.750047619048,Wednesday,0,12
2022-12-22,1791622.46,1773829.08,82,41,0.7195121951219512,96,437,21,358324.51,96,0.04805491990846682,17793.37999999989,0.20000001004675952,4099.822562929062,Thursday,0,12
2022-12-23,1501209.11,1499234.75,76,26,0.6052631578947368,80,333,38,300241.82,80,0.11411411411411411,1974.3600000001024,0.19999999866774057,4508.135465465466,Friday,0,12
2022-12-24,1390870.89,1401661.67,77,33,0.8051948051948052,88,395,31,278174.18,88,0.07848101265822785,-10790.780000000028,0.200000001437948,3521.1921265822784,Saturday,1,12
2022-12-25,1136772.53,1160100.63,69,30,0.855072463768116,82,374,51,227354.49,82,0.13636363636363635,-23328.09999999986,0.19999998592506452,3039.498743315508,Sunday,1,12
2022-12-26,2110830.12,2160963.69,101,48,0.7920792079207921,120,563,51,422165.95,120,0.0905861456483126,-50133.56999999983,0.19999996494270225,3749.2542095914746,Monday,0,12
2022-12-27,2100553.66,2184872.24,108,50,0.7962962962962963,125,599,42,420110.73,125,0.07011686143572621,-84318.58000000007,0.19999999904787005,3506.7673789649416,Tuesday,0,12
2022-12-28,3448729.2,3513621.0,164,77,0.7621951219512195,192,901,101,689745.86,192,0.1120976692563818,-64891.799999999814,0.20000000579923757,3827.6683684794675,Wednesday,0,12
2022-12-29,3083944.33,3170787.1,143,72,0.7622377622377622,159,684,60,616788.8,159,0.08771929824561403,-86842.77000000002,0.19999997859883548,4508.690540935672,Thursday,0,12
2022-12-30,2884668.76,3022292.15,106,49,0.8018867924528302,116,502,35,561274.89,116,0.0697211155378486,-137623.39000000013,0.19457169494912827,5746.352111553784,Friday,0,12
2022-12-31,2383037.48,2279288.13,74,34,0.9054054054054054,81,391,45,367055.45,81,0.11508951406649616,103749.3500000001,0.15402839992260633,6094.725012787724,Saturday,1,12
