date,sessions,unique_visitors,page_views,bounce_rate,avg_session_duration_sec,traffic_source,orders_n,revenue_net,conversion_rate,AOV
2013-01-01,9760,7253,39093,0.00514,102.9,organic_search,80.0,1501578.07,0.00819672131147541,18769.725875
2013-01-02,10456,8151,47611,0.00406,120.5,organic_search,18.0,766660.48,0.0017214996174445293,42592.24888888889
2013-01-03,10076,7458,36963,0.00401,263.6,direct,4.0,167151.91,0.0003969829297340214,41787.9775
2013-01-04,9973,8063,53078,0.00562,151.8,direct,5.0,130838.23000000001,0.000501353654868144,26167.646
2013-01-05,10223,7882,36790,0.00525,168.6,referral,8.0,258038.0,0.0007825491538687273,32254.75
2013-01-06,9545,6992,47160,0.00438,263.6,social_media,18.0,561389.4,0.0018858040859088528,31188.300000000003
2013-01-07,10203,7354,32749,0.00443,252.1,organic_search,31.0,783239.1699999999,0.003038322062138587,25265.779677419352
2013-01-08,9456,7459,31482,0.0044,192.4,paid_search,20.0,391454.32,0.0021150592216582064,19572.716
2013-01-09,9162,7108,46717,0.00409,312.8,organic_search,20.0,472313.68,0.0021829294913774284,23615.684
2013-01-10,9887,7878,38472,0.00544,285.4,organic_search,19.0,732652.89,0.0019217153838373621,38560.67842105263
2013-01-11,9412,7368,46916,0.00356,238.2,social_media,11.0,246806.58000000002,0.0011687207819804505,22436.96181818182
2013-01-12,8730,6136,33336,0.00386,193.3,paid_search,24.0,661139.5,0.0027491408934707906,27547.479166666668
2013-01-13,8818,6863,35427,0.00372,308.8,paid_search,23.0,668303.59,0.0026083012020866408,29056.677826086954
2013-01-14,8230,6203,35402,0.004,301.5,paid_search,32.0,581866.19,0.003888213851761847,18183.3184375
2013-01-15,8102,6179,39490,0.00445,314.0,direct,6.0,194718.83000000002,0.0007405578869414959,32453.138333333336
2013-01-16,9373,7503,37034,0.00446,284.4,paid_search,19.0,483125.01,0.002027099114477755,25427.632105263157
2013-01-17,9819,7503,48840,0.00495,162.5,social_media,13.0,272091.66000000003,0.0013239637437620938,20930.127692307695
2013-01-18,10041,7821,35761,0.00509,182.0,email_campaign,14.0,355391.4,0.0013942834379045911,25385.100000000002
2013-01-19,8746,6138,33440,0.00546,223.1,organic_search,27.0,657797.06,0.0030871255431054196,24362.854074074075
2013-01-20,10270,8030,35184,0.00501,283.9,email_campaign,9.0,190122.29,0.0008763388510223953,21124.698888888888
2013-01-21,10339,8283,40661,0.00429,152.6,paid_search,39.0,992774.24,0.0037721249637295675,25455.749743589742
2013-01-22,10100,7469,39597,0.00504,250.0,email_campaign,17.0,392820.6,0.0016831683168316831,23107.09411764706
2013-01-23,9307,7261,39117,0.00451,243.9,referral,14.0,361230.13,0.0015042441173310412,25802.152142857143
2013-01-24,9698,7034,36976,0.00503,144.4,organic_search,36.0,854274.23,0.003712105588781192,23729.839722222223
2013-01-25,10600,7868,42453,0.00385,195.6,email_campaign,21.0,310255.81,0.001981132075471698,14774.08619047619
2013-01-26,10226,8004,42655,0.00566,245.5,organic_search,23.0,470757.6,0.002249168785448856,20467.721739130433
2013-01-27,8604,6327,44601,0.00554,222.6,referral,14.0,250797.3,0.0016271501627150163,17914.092857142856
2013-01-28,9701,7636,51697,0.00447,258.0,direct,15.0,387283.65,0.001546232347180703,25818.91
2013-01-29,8638,6928,42663,0.00329,299.3,email_campaign,25.0,470214.04000000004,0.0028941884695531375,18808.5616
2013-01-30,8596,6245,30451,0.00394,173.9,paid_search,39.0,779059.99,0.004536993950674732,19975.89717948718
2013-01-31,8915,6530,47230,0.00344,109.4,paid_search,37.0,578210.44,0.0041503084688726865,15627.309189189187
2013-02-01,15758,11220,63433,0.00409,116.7,organic_search,46.0,1092565.31,0.0029191521766721664,23751.419782608697
2013-02-02,15027,12295,56597,0.0039,208.2,email_campaign,10.0,432807.55,0.0006654688227856524,43280.755
2013-02-03,14372,10507,72606,0.0043,215.7,social_media,26.0,686100.06,0.0018090731978847759,26388.46384615385
2013-02-04,15623,12726,62972,0.00524,194.6,organic_search,46.0,1032476.72,0.002944376880240671,22445.14608695652
2013-02-05,14177,11064,62917,0.00429,138.2,social_media,27.0,829050.45,0.001904493193200254,30705.57222222222
2013-02-06,14103,10525,66736,0.00367,286.6,referral,6.0,281988.42000000004,0.00042544139544777704,46998.07000000001
2013-02-07,14761,10967,66344,0.005,190.5,paid_search,26.0,627713.9,0.0017613982792493734,24142.84230769231
2013-02-08,14467,10993,59452,0.00549,227.1,social_media,13.0,328711.17000000004,0.0008985968065251952,25285.474615384617
2013-02-09,14578,10995,47223,0.00548,237.0,social_media,25.0,522250.09,0.0017149128824255728,20890.0036
2013-02-10,16602,12760,61322,0.00387,199.5,organic_search,34.0,741170.33,0.002047946030598723,21799.127352941174
2013-02-11,15063,11080,60064,0.00526,223.3,paid_search,36.0,687508.86,0.0023899621589324837,19097.468333333334
2013-02-12,15368,11408,65858,0.00363,162.4,social_media,36.0,858092.9199999999,0.002342529932326913,23835.914444444443
2013-02-13,13346,9812,50414,0.0047,193.8,social_media,24.0,666607.3,0.0017982916229581896,27775.30416666667
2013-02-14,17180,13040,85934,0.00387,254.4,paid_search,27.0,624855.76,0.0015715948777648427,23142.805925925928
2013-02-15,13633,10416,74873,0.00565,238.7,paid_search,26.0,765764.22,0.0019071370938164747,29452.469999999998
2013-02-16,15360,12159,73050,0.00487,203.7,direct,9.0,160792.47,0.0005859375,17865.83
2013-02-17,14662,10421,77351,0.00468,314.8,organic_search,46.0,934332.8200000001,0.003137361887873414,20311.583043478262
2013-02-18,13304,9946,43820,0.00573,140.6,organic_search,53.0,1277849.77,0.003983764281419122,24110.373018867926
2013-02-19,16231,11522,82447,0.00365,173.8,paid_search,33.0,815063.94,0.0020331464481547655,24698.907272727272
2013-02-20,14347,11037,75545,0.00396,224.8,paid_search,29.0,510689.5,0.0020213285007318602,17609.98275862069
2013-02-21,14194,11525,54818,0.00546,118.2,organic_search,43.0,1014228.34,0.0030294490629843595,23586.70558139535
2013-02-22,15750,12758,61771,0.00439,239.1,organic_search,44.0,929303.47,0.0027936507936507935,21120.53340909091
2013-02-23,14540,11603,61974,0.00358,189.1,organic_search,50.0,1124428.43,0.0034387895460797797,22488.5686
2013-02-24,13758,9915,63623,0.00527,147.8,organic_search,80.0,1698198.85,0.005814798662596307,21227.485625
2013-02-25,13676,10852,72244,0.00518,177.9,paid_search,93.0,2162156.25,0.006800233986545774,23248.99193548387
2013-02-26,15824,11642,60025,0.00333,169.9,social_media,62.0,957344.63,0.003918099089989888,15441.042419354839
2013-02-27,15908,11989,72791,0.00323,290.3,direct,22.0,420402.64,0.0013829519738496354,19109.21090909091
2013-02-28,15284,11512,56308,0.00441,286.2,email_campaign,27.0,605608.65,0.001766553258309343,22429.95
2013-03-01,20573,15216,82066,0.0047,125.7,organic_search,36.0,652905.77,0.0017498663296553736,18136.27138888889
2013-03-02,18275,14004,64834,0.00437,161.4,organic_search,2.0,89310.22,0.0001094391244870041,44655.11
2013-03-03,19075,15498,69465,0.00346,286.8,paid_search,12.0,564280.74,0.0006290956749672346,47023.395
2013-03-04,21760,16400,112923,0.00459,204.5,organic_search,19.0,499040.69,0.0008731617647058824,26265.299473684212
2013-03-05,21169,15161,90533,0.00389,283.0,paid_search,16.0,447204.16,0.000755822192829137,27950.26
2013-03-06,19422,13780,66932,0.00558,143.8,paid_search,19.0,602538.87,0.000978272062609412,31712.572105263156
2013-03-07,20205,14897,74215,0.00534,308.2,referral,14.0,317488.05,0.0006928977975748577,22677.717857142856
2013-03-08,21327,17243,72483,0.00557,127.9,paid_search,32.0,928266.33,0.0015004454447414075,29008.3228125
2013-03-09,20046,15758,91235,0.00377,314.3,referral,8.0,333046.0,0.00039908211114436795,41630.75
2013-03-10,19505,15320,104073,0.00354,185.0,organic_search,32.0,879879.76,0.0016406049730838246,27496.2425
2013-03-11,21480,15406,115544,0.00419,296.4,direct,14.0,275517.55,0.0006517690875232774,19679.825
2013-03-12,16857,13571,82314,0.00395,179.0,referral,9.0,243997.71,0.0005339028296849973,27110.856666666667
2013-03-13,23166,18652,76524,0.00413,287.0,organic_search,49.0,1189406.49,0.0021151687818354485,24273.601836734695
2013-03-14,18997,14391,77150,0.0056,129.7,paid_search,51.0,1491576.11,0.002684634415960415,29246.590392156864
2013-03-15,20137,15797,106673,0.00347,171.3,referral,20.0,376357.73,0.0009931966032676169,18817.8865
2013-03-16,20761,16647,90756,0.00464,254.5,paid_search,35.0,1225171.74,0.0016858532825971774,35004.90685714286
2013-03-17,17101,12496,79841,0.00344,161.6,paid_search,34.0,677610.0700000001,0.001988187825273376,19929.70794117647
2013-03-18,22860,18012,120159,0.00396,174.6,social_media,27.0,799983.5700000001,0.0011811023622047244,29629.021111111113
2013-03-19,17631,14247,85400,0.00525,214.5,direct,19.0,341939.55,0.0010776473257330837,17996.81842105263
2013-03-20,21762,16804,116234,0.00568,202.2,social_media,49.0,905424.49,0.0022516312838893483,18478.05081632653
2013-03-21,22061,17031,119803,0.00578,171.4,organic_search,101.0,2016790.16,0.00457821494945832,19968.219405940592
2013-03-22,20729,16912,71130,0.00372,195.9,paid_search,66.0,1211243.28,0.003183945197549327,18352.17090909091
2013-03-23,21609,15589,92824,0.00402,223.6,social_media,43.0,958131.49,0.0019899116109028643,22282.127674418603
2013-03-24,20504,16771,96571,0.00439,234.1,organic_search,71.0,1364665.91,0.0034627389777604368,19220.646619718307
2013-03-25,16659,12105,60697,0.00368,189.0,organic_search,61.0,1092889.29,0.003661684374812414,17916.21786885246
2013-03-26,20555,16341,109308,0.00577,242.7,social_media,51.0,950413.24,0.0024811481391388956,18635.553725490197
2013-03-27,16879,12285,56985,0.00543,115.8,paid_search,63.0,1344263.57,0.0037324486047751646,21337.516984126985
2013-03-28,18569,14393,98414,0.00334,221.0,paid_search,74.0,1256498.02,0.003985136517852334,16979.702972972973
2013-03-29,19856,14231,93944,0.00555,218.4,social_media,74.0,1666217.95,0.003726833199033038,22516.458783783783
2013-03-30,21034,15942,82344,0.00472,169.5,social_media,95.0,1896509.48,0.004516497099933441,19963.257684210526
2013-03-31,21610,16402,74076,0.00408,188.6,organic_search,146.0,2601983.52,0.006756131420638593,17821.80493150685
2013-04-01,24812,17641,117628,0.00551,178.5,social_media,108.0,1734244.34,0.004352732548766725,16057.817962962963
2013-04-02,26607,19633,99501,0.00523,246.4,organic_search,113.0,1807751.52,0.004247002668470703,15997.801061946902
2013-04-03,26624,19598,107204,0.00518,275.2,organic_search,113.0,2088117.48,0.004244290865384615,18478.91575221239
2013-04-04,21608,16833,111095,0.00536,192.1,social_media,32.0,627621.46,0.001480932987782303,19613.170625
2013-04-05,32435,24802,158360,0.00421,269.6,organic_search,38.0,794645.15,0.001171573917064899,20911.714473684213
2013-04-06,32500,24533,108393,0.00473,156.1,social_media,28.0,486555.52,0.0008615384615384615,17376.98285714286
2013-04-07,27260,21972,126098,0.00463,109.8,paid_search,45.0,716457.74,0.0016507703595011005,15921.283111111112
2013-04-08,30848,21771,155647,0.00484,119.5,social_media,43.0,999587.54,0.0013939315352697096,23246.221860465117
2013-04-09,25156,17669,137296,0.0034,312.2,organic_search,58.0,1064040.25,0.002305612975035777,18345.521551724138
2013-04-10,29194,23157,116383,0.00481,293.9,social_media,58.0,1197658.34,0.0019867095978625747,20649.28172413793
2013-04-11,29054,21204,96574,0.00493,251.0,organic_search,65.0,1257844.26,0.00223721346458319,19351.450153846155
2013-04-12,24892,19582,95949,0.00454,168.3,direct,8.0,248777.32,0.0003213883978788366,31097.165
2013-04-13,27517,21818,149988,0.00399,156.1,paid_search,48.0,841090.01,0.0017443762038012866,17522.708541666667
2013-04-14,23814,16876,78359,0.00341,252.7,referral,17.0,313289.9,0.0007138657932308726,18428.817647058826
2013-04-15,30902,22373,159594,0.0049,197.6,organic_search,61.0,1150607.26,0.0019739822665199662,18862.414098360656
2013-04-16,27551,21877,99161,0.00504,239.0,email_campaign,37.0,972378.94,0.0013429639577510798,26280.51189189189
2013-04-17,29585,21004,94904,0.00452,105.9,social_media,69.0,1637250.07,0.0023322629711002196,23728.26188405797
2013-04-18,24098,19494,113622,0.0055,206.2,paid_search,67.0,1765612.1300000001,0.0027803137189808284,26352.41985074627
2013-04-19,27256,21981,90395,0.00392,109.1,paid_search,38.0,1177744.3,0.0013941884355738185,30993.27105263158
2013-04-20,21636,15934,90602,0.00495,204.7,referral,23.0,529035.77,0.0010630430763542244,23001.555217391306
2013-04-21,24267,19025,133036,0.00363,309.0,email_campaign,29.0,647147.85,0.0011950385296905263,22315.443103448277
2013-04-22,28085,22427,141532,0.00488,302.2,email_campaign,35.0,897293.25,0.001246216841730461,25636.95
2013-04-23,27068,19210,88898,0.00466,227.3,paid_search,72.0,1711829.36,0.0026599674892862422,23775.40777777778
2013-04-24,33819,25856,134590,0.00461,110.1,organic_search,122.0,2573600.07,0.0036074396049557943,21095.082540983603
2013-04-25,25153,20499,119550,0.00575,207.3,direct,25.0,572719.03,0.000993917226573371,22908.7612
2013-04-26,25454,18300,131458,0.00556,204.8,social_media,50.0,1032312.05,0.001964327807024436,20646.241
2013-04-27,23854,17383,104436,0.00467,203.7,email_campaign,36.0,1025911.1,0.001509180850171879,28497.530555555553
2013-04-28,26593,20990,92764,0.00388,199.8,organic_search,99.0,2616879.87,0.0037227841913285453,26433.13
2013-04-29,30100,21412,127202,0.00508,142.8,direct,49.0,1213471.21,0.0016279069767441861,24764.71857142857
2013-04-30,26638,20421,114824,0.00385,250.7,referral,48.0,1057871.28,0.0018019370823635409,22038.985
2013-05-01,25484,20167,121645,0.00389,319.7,direct,44.0,1079759.34,0.0017265735363365248,24539.985
2013-05-02,27523,21551,148318,0.00521,270.6,paid_search,113.0,2280161.17,0.004105657086800131,20178.417433628318
2013-05-03,27201,20147,109468,0.00408,186.8,email_campaign,46.0,791333.8200000001,0.0016911142972684827,17202.909130434786
2013-05-04,26616,18955,87588,0.00566,226.5,organic_search,31.0,963111.84,0.0011647129546137661,31068.123870967742
2013-05-05,26820,19885,116224,0.00383,209.1,email_campaign,15.0,332750.45,0.0005592841163310962,22183.363333333335
2013-05-06,24933,19563,109347,0.00459,111.7,social_media,38.0,792443.36,0.0015240845465848475,20853.772631578948
2013-05-07,28589,21318,147402,0.00555,197.7,organic_search,47.0,1182888.78,0.0016439889467977193,25167.846382978725
2013-05-08,28654,20921,130897,0.00408,302.5,organic_search,59.0,1411376.85,0.0020590493473860542,23921.64152542373
2013-05-09,26771,19690,142781,0.00509,182.8,paid_search,57.0,1634851.54,0.0021291696238466998,28681.60596491228
2013-05-10,26830,19447,124787,0.00391,153.5,organic_search,51.0,1209175.18,0.001900857249347745,23709.31725490196
2013-05-11,28668,21307,137833,0.00495,215.2,paid_search,30.0,617687.12,0.0010464629552113854,20589.570666666667
2013-05-12,27438,22374,128020,0.00428,301.0,social_media,41.0,816387.22,0.00149427800860121,19911.883414634147
2013-05-13,26357,19629,90559,0.00574,131.4,paid_search,38.0,962727.21,0.0014417422316652124,25334.92657894737
2013-05-14,26056,20140,115695,0.00322,116.0,social_media,40.0,825618.89,0.0015351550506601166,20640.47225
2013-05-15,29084,22687,146585,0.00436,188.5,direct,21.0,553442.99,0.0007220464860404346,26354.428095238094
2013-05-16,26638,19759,113183,0.00522,314.0,referral,36.0,945729.96,0.0013514528117726556,26270.276666666665
2013-05-17,24122,18498,132379,0.00353,308.1,organic_search,69.0,1996372.53,0.0028604593317303707,28932.935217391303
2013-05-18,23202,17262,103657,0.00445,270.5,email_campaign,23.0,625104.68,0.0009912938539781053,27178.464347826088
2013-05-19,25148,20307,89419,0.00518,105.8,social_media,44.0,1303041.71,0.0017496421186575474,29614.584318181816
2013-05-20,23328,18639,95417,0.00444,116.7,organic_search,75.0,1671765.3199999998,0.0032150205761316874,22290.204266666664
2013-05-21,28407,22048,108703,0.00491,277.6,referral,19.0,582148.6699999999,0.0006688492273031296,30639.403684210523
2013-05-22,25706,19005,88509,0.00537,198.2,social_media,56.0,1011425.73,0.002178479732358204,18061.173749999998
2013-05-23,22398,17580,109248,0.00403,121.3,email_campaign,55.0,1234270.01,0.002455576390749174,22441.27290909091
2013-05-24,25714,20338,120745,0.00445,116.7,social_media,62.0,1391771.15,0.0024111379015322393,22447.921774193546
2013-05-25,26078,21237,92476,0.00385,141.3,paid_search,47.0,960204.07,0.0018022854513382927,20429.873829787233
2013-05-26,29842,21470,103585,0.00491,317.6,organic_search,36.0,586155.73,0.0012063534615642383,16282.10361111111
2013-05-27,25522,20808,123734,0.005,267.2,social_media,36.0,816455.7,0.0014105477627145207,22679.324999999997
2013-05-28,25369,18149,102736,0.00391,253.4,paid_search,45.0,1050034.78,0.0017738184398281367,23334.106222222224
2013-05-29,23853,18613,85854,0.00337,120.5,referral,32.0,609918.61,0.001341550329099065,19059.9565625
2013-05-30,27287,20624,123833,0.00446,173.2,organic_search,158.0,3893157.79,0.005790303074724228,24640.23917721519
2013-05-31,26902,19521,103623,0.00321,257.9,social_media,108.0,2793305.86,0.00401457140733031,25863.943148148148
2013-06-01,25458,18115,131842,0.00372,186.4,organic_search,163.0,3868786.53,0.006402702490376306,23734.886687116563
2013-06-02,23735,17119,76080,0.00346,260.9,organic_search,141.0,3345510.67,0.005940594059405941,23727.026028368793
2013-06-03,25536,19209,97821,0.00537,174.4,direct,45.0,891244.13,0.0017622180451127819,19805.42511111111
2013-06-04,27334,19831,110854,0.00401,310.6,organic_search,54.0,1188310.91,0.0019755615716689837,22005.757592592592
2013-06-05,28445,21988,137505,0.0039,209.5,social_media,55.0,1397112.89,0.0019335559852346634,25402.052545454542
2013-06-06,26397,18897,125873,0.00512,154.8,social_media,36.0,1036877.57,0.0013637913399249914,28802.15472222222
2013-06-07,26823,18932,134357,0.00399,224.4,email_campaign,26.0,416502.81,0.0009693173768780525,16019.338846153845
2013-06-08,27553,21069,147243,0.00562,207.9,paid_search,37.0,811373.9,0.0013428664755199072,21929.024324324324
2013-06-09,24891,19205,125165,0.00507,280.4,social_media,41.0,884323.49,0.0016471817122654775,21568.865609756096
2013-06-10,28861,23567,100856,0.00478,231.8,organic_search,44.0,1088206.52,0.0015245486989362807,24731.966363636366
2013-06-11,23368,17790,126304,0.00561,172.9,organic_search,69.0,1590638.3,0.002952755905511811,23052.72898550725
2013-06-12,25933,21079,127206,0.00527,116.5,paid_search,62.0,1293390.97,0.0023907762310569547,20861.144677419354
2013-06-13,27752,19777,151236,0.00347,106.4,organic_search,78.0,2137118.27,0.0028106082444508502,27398.95217948718
2013-06-14,27755,21197,126500,0.00556,219.8,email_campaign,27.0,639060.39,0.0009727976941091695,23668.903333333335
2013-06-15,26928,21083,98828,0.00495,269.9,organic_search,58.0,1763490.76,0.0021538918597742126,30405.013103448277
2013-06-16,26115,18984,119810,0.00417,313.2,paid_search,50.0,1403155.94,0.0019146084625694046,28063.1188
2013-06-17,28092,21312,92163,0.00378,152.1,organic_search,77.0,1990134.2,0.00274099387726043,25845.8987012987
2013-06-18,25085,19903,133701,0.00478,191.8,social_media,70.0,1918110.58,0.0027905122583217062,27401.579714285715
2013-06-19,28632,23372,112269,0.00514,130.0,social_media,65.0,1330822.14,0.0022701872031293657,20474.186769230768
2013-06-20,25557,20425,116849,0.00534,122.0,paid_search,66.0,1679467.82,0.002582462730367414,25446.48212121212
2013-06-21,29053,21451,103139,0.00566,139.1,email_campaign,18.0,451081.69,0.0006195573606856434,25060.09388888889
2013-06-22,26367,21250,113536,0.00407,255.4,paid_search,37.0,826394.51,0.0014032692380627299,22334.986756756756
2013-06-23,27355,21580,146783,0.00397,253.1,organic_search,59.0,1533884.62,0.0021568269055017362,25998.044406779663
2013-06-24,26497,21120,97404,0.00364,178.5,paid_search,60.0,1145714.58,0.002264407291391478,19095.243000000002
2013-06-25,29694,21606,125033,0.00538,177.8,paid_search,77.0,1441219.11,0.002593116454502593,18717.1312987013
2013-06-26,27207,20220,127226,0.00399,190.0,direct,42.0,563121.79,0.0015437203660822582,13407.661666666667
2013-06-27,26545,20261,100022,0.00427,186.3,paid_search,86.0,1531318.28,0.00323978150310793,17806.026511627908
2013-06-28,23891,17776,91798,0.00447,121.5,social_media,61.0,1132508.65,0.0025532627349211,18565.71557377049
2013-06-29,28947,21255,158795,0.00327,305.7,organic_search,148.0,2443112.5100000002,0.005112792344629841,16507.516959459463
2013-06-30,26808,20585,139193,0.0058,210.3,organic_search,108.0,1649829.35,0.0040286481647269475,15276.197685185187
2013-07-01,20717,14990,103616,0.00537,166.5,referral,33.0,586569.42,0.0015928947241395956,17774.83090909091
2013-07-02,22158,16944,96216,0.00543,318.6,paid_search,62.0,1279308.36,0.002798086469898005,20634.005806451616
2013-07-03,20624,16244,90498,0.00532,317.6,direct,30.0,367623.82,0.0014546159813809154,12254.127333333334
2013-07-04,20224,15518,96547,0.00434,133.9,paid_search,17.0,500209.62,0.0008405854430379747,29424.095294117647
2013-07-05,22308,16026,110365,0.00435,162.3,paid_search,25.0,471933.08,0.0011206741975972746,18877.3232
2013-07-06,19852,14493,104084,0.00367,171.3,paid_search,23.0,547783.38,0.001158573443481765,23816.668695652173
2013-07-07,19573,15181,74366,0.00554,219.4,paid_search,23.0,481621.3,0.0011750881316098707,20940.05652173913
2013-07-08,18865,14238,78747,0.00327,160.0,organic_search,29.0,485031.95,0.0015372382719321496,16725.239655172416
2013-07-09,22779,18244,96006,0.00444,299.1,organic_search,54.0,828106.96,0.002370604504148558,15335.314074074073
2013-07-10,22911,17844,91089,0.00504,214.5,organic_search,54.0,842427.84,0.0023569464449391124,15600.515555555556
2013-07-11,22159,15665,121194,0.00486,156.7,email_campaign,39.0,749947.2999999999,0.0017600072205424433,19229.417948717946
2013-07-12,21395,17049,79697,0.0046,106.4,referral,28.0,450517.31,0.001308716989950923,16089.903928571428
2013-07-13,20990,16293,82169,0.00342,184.3,social_media,33.0,468927.0,0.001572177227251072,14209.90909090909
2013-07-14,19989,14732,82309,0.00387,208.7,paid_search,46.0,707864.65,0.002301265696132873,15388.36195652174
2013-07-15,18587,13497,84767,0.00407,199.4,social_media,52.0,828555.33,0.002797654274492925,15933.756346153845
2013-07-16,19711,16037,88626,0.00484,256.8,referral,23.0,384559.61,0.0011668611435239206,16719.98304347826
2013-07-17,19882,14587,66793,0.00416,180.4,organic_search,73.0,1165840.59,0.0036716628105824363,15970.41904109589
2013-07-18,19517,13750,66929,0.00401,219.2,organic_search,88.0,1341382.71,0.0045088896859148435,15242.98534090909
2013-07-19,21059,16557,96682,0.00435,183.6,social_media,53.0,908775.25,0.0025167386865473196,17146.70283018868
2013-07-20,21432,15474,75600,0.00475,172.1,social_media,44.0,784718.9,0.002053004852556924,17834.520454545454
2013-07-21,22930,16061,97731,0.00555,187.7,organic_search,47.0,1159545.45,0.0020497165285651986,24671.179787234043
2013-07-22,19228,13486,71073,0.00429,107.5,organic_search,58.0,1450344.28,0.003016434366548783,25005.935862068967
2013-07-23,20992,16978,97061,0.00414,201.3,social_media,41.0,1030245.0499999999,0.001953125,25127.928048780486
2013-07-24,23873,18037,83203,0.00565,202.2,email_campaign,41.0,1282622.53,0.001717421354668454,31283.476341463414
2013-07-25,24318,18975,100129,0.00497,186.2,direct,18.0,333747.27,0.0007401924500370096,18541.515
2013-07-26,20769,14594,72595,0.00562,249.5,direct,7.0,154159.45,0.0003370407819346141,22022.778571428575
2013-07-27,18198,12889,70117,0.00462,279.9,social_media,31.0,810839.46,0.0017034838993295967,26156.111612903223
2013-07-28,25026,18160,120386,0.00397,136.1,paid_search,50.0,1206995.27,0.0019979221609526094,24139.9054
2013-07-29,20760,15605,109067,0.0045,211.4,email_campaign,34.0,1045142.9500000001,0.0016377649325626203,30739.498529411765
2013-07-30,22570,17674,74423,0.00426,112.1,organic_search,97.0,2364027.66,0.0042977403633141335,24371.41917525773
2013-07-31,21645,16539,81092,0.00565,219.7,organic_search,162.0,3311846.29,0.007484407484407485,20443.495617283952
2013-08-01,23532,17995,95876,0.004,186.4,paid_search,119.0,2215244.55,0.005056943736189019,18615.500420168064
2013-08-02,22089,17760,76290,0.00367,144.5,organic_search,123.0,1787131.8900000001,0.005568382452804563,14529.52756097561
2013-08-03,19760,15958,85952,0.0044,205.7,referral,32.0,412575.33,0.0016194331983805667,12892.9790625
2013-08-04,22135,16046,73001,0.00542,158.4,social_media,56.0,828235.57,0.0025299299751524733,14789.920892857142
2013-08-05,25518,20607,95149,0.00565,188.0,paid_search,31.0,516783.86,0.001214828748334509,16670.447096774195
2013-08-06,21270,15427,110319,0.00402,315.4,organic_search,31.0,465377.96,0.001457451810061119,15012.192258064517
2013-08-07,21729,17596,106146,0.00321,193.3,paid_search,33.0,495784.11,0.0015187077177964933,15023.760909090908
2013-08-08,25048,20133,88852,0.00572,312.2,organic_search,68.0,1070808.81,0.0027147876077930374,15747.188382352942
2013-08-09,21871,16990,105802,0.00368,317.0,organic_search,41.0,635274.03,0.0018746285034977825,15494.488536585366
2013-08-10,22931,17591,107729,0.00561,223.1,referral,12.0,180558.31,0.0005233090576076054,15046.525833333333
2013-08-11,20544,15209,90834,0.00475,235.5,social_media,29.0,315242.75,0.0014116043613707165,10870.439655172413
2013-08-12,24576,17742,103910,0.00536,219.8,direct,11.0,195029.91999999998,0.0004475911458333333,17729.992727272725
2013-08-13,19843,14706,70310,0.00566,283.4,organic_search,60.0,767556.9299999999,0.0030237363301920074,12792.615499999998
2013-08-14,23377,16422,106286,0.00503,244.7,social_media,40.0,515375.29000000004,0.001711083543654019,12884.38225
2013-08-15,24562,17671,104078,0.00479,110.5,social_media,44.0,617314.62,0.001791385066362674,14029.877727272727
2013-08-16,21594,15178,70937,0.0042,127.9,paid_search,55.0,805482.68,0.002547003797351116,14645.139636363638
2013-08-17,25258,19092,110262,0.0049,127.6,organic_search,57.0,799298.6900000001,0.00225671074511046,14022.78403508772
2013-08-18,24646,19117,120067,0.00336,285.5,social_media,30.0,401603.15,0.0012172360626470826,13386.771666666667
2013-08-19,23836,16878,127242,0.00558,162.3,direct,11.0,216195.90000000002,0.0004614868266487666,19654.17272727273
2013-08-20,23145,16573,76874,0.00421,177.2,email_campaign,24.0,395877.02999999997,0.0010369410239792613,16494.876249999998
2013-08-21,22174,17667,88785,0.00393,127.8,organic_search,50.0,610092.18,0.0022548931180662035,12201.8436
2013-08-22,20674,16052,88395,0.00368,108.9,paid_search,53.0,669158.01,0.0025636064622230822,12625.622830188679
2013-08-23,21969,16007,73448,0.00484,146.4,direct,17.0,226762.04,0.0007738176521462061,13338.943529411765
2013-08-24,22020,16468,117994,0.0054,253.3,organic_search,48.0,692838.44,0.0021798365122615805,14434.134166666665
2013-08-25,23027,18302,124556,0.00326,316.9,social_media,34.0,516940.19,0.0014765275546098058,15204.123235294117
2013-08-26,23617,17269,78791,0.00429,183.7,paid_search,47.0,760108.4,0.0019900918829656605,16172.519148936171
2013-08-27,23901,18422,99962,0.00322,233.3,email_campaign,24.0,271420.07,0.001004142086105184,11309.169583333334
2013-08-28,21366,17094,107444,0.00472,134.2,referral,35.0,521607.77,0.001638116633904334,14903.079142857143
2013-08-29,23147,16818,83676,0.00408,183.8,organic_search,121.0,1804929.93,0.005227459281980386,14916.776280991735
2013-08-30,26500,20681,114458,0.00412,231.9,organic_search,94.0,1340180.85,0.0035471698113207547,14257.243085106384
2013-08-31,23963,18130,80783,0.00437,274.4,social_media,88.0,1388820.81,0.003672328172599424,15782.054659090909
2013-09-01,17091,12233,74574,0.00518,106.8,referral,37.0,485329.88,0.0021648821016909485,13117.023783783783
2013-09-02,15376,12350,50005,0.00401,157.3,organic_search,75.0,1289022.46,0.004877731529656607,17186.96613333333
2013-09-03,15581,10983,59990,0.0041,202.7,organic_search,44.0,773293.34,0.0028239522495346896,17574.848636363637
2013-09-04,16020,12505,55806,0.00437,176.3,email_campaign,32.0,773605.8200000001,0.0019975031210986267,24175.181875000002
2013-09-05,16582,13189,57021,0.00488,181.5,paid_search,27.0,780219.5599999999,0.00162827161982873,28897.02074074074
2013-09-06,16237,13287,87609,0.00406,224.6,paid_search,21.0,366695.43,0.0012933423662006528,17461.687142857143
2013-09-07,15613,12209,55336,0.00413,318.7,referral,7.0,110610.26,0.0004483443284442452,15801.465714285714
2013-09-08,16962,13239,74004,0.00329,119.6,referral,16.0,332312.54,0.0009432849899775969,20769.53375
2013-09-09,18127,13415,88280,0.0048,240.7,organic_search,38.0,788610.3,0.0020963204060241627,20752.90263157895
2013-09-10,17160,14066,72179,0.00438,268.7,referral,22.0,419926.16,0.001282051282051282,19087.552727272727
2013-09-11,16910,11894,65138,0.00501,207.1,organic_search,49.0,1307949.95,0.0028976936723832053,26692.85612244898
2013-09-12,15632,11865,60436,0.00503,296.5,paid_search,35.0,788893.3200000001,0.00223899692937564,22539.809142857146
2013-09-13,17916,12765,59697,0.00367,103.5,organic_search,38.0,874193.03,0.0021210091538289796,23005.079736842104
2013-09-14,16694,12421,90074,0.00564,308.3,social_media,24.0,548127.88,0.0014376422666826404,22838.661666666667
2013-09-15,15207,11403,64405,0.00553,177.3,email_campaign,17.0,209035.62,0.0011179062273952785,12296.21294117647
2013-09-16,16977,12773,84823,0.00353,102.7,organic_search,48.0,1179554.26,0.0028273546562996997,24574.047083333335
2013-09-17,19210,15448,69626,0.0057,203.0,direct,25.0,392529.47000000003,0.0013014055179593961,15701.178800000002
2013-09-18,19581,14167,80144,0.00458,158.9,organic_search,47.0,1022844.43,0.002400285991522394,21762.64744680851
2013-09-19,15000,11585,73236,0.00538,238.9,paid_search,24.0,337267.3,0.0016,14052.804166666667
2013-09-20,18009,13483,64698,0.00462,111.3,organic_search,45.0,1039883.9,0.0024987506246876563,23108.53111111111
2013-09-21,16298,12409,85777,0.00417,271.6,organic_search,40.0,1307193.6600000001,0.0024542888697999753,32679.841500000002
2013-09-22,17457,13570,77141,0.00483,315.5,paid_search,33.0,837226.97,0.001890359168241966,25370.51424242424
2013-09-23,13116,10363,70856,0.00407,179.1,organic_search,57.0,1053512.24,0.00434583714547118,18482.67087719298
2013-09-24,18830,14326,90846,0.00449,140.7,email_campaign,23.0,422533.07,0.0012214551248008498,18371.00304347826
2013-09-25,16433,12462,72743,0.00541,206.6,organic_search,66.0,1279469.2,0.004016308647234224,19385.89696969697
2013-09-26,16255,11501,53823,0.00555,165.9,organic_search,46.0,1247516.52,0.002829898492771455,27119.924347826087
2013-09-27,15631,12772,85398,0.00532,292.3,organic_search,47.0,778576.76,0.0030068453713773913,16565.462978723404
2013-09-28,19359,15652,74052,0.00382,154.5,paid_search,82.0,1672298.72,0.004235755979131154,20393.886829268293
2013-09-29,19815,14640,88791,0.00538,281.9,social_media,50.0,920524.49,0.0025233409033560434,18410.4898
2013-09-30,17778,13505,90690,0.00535,226.8,organic_search,80.0,1626956.77,0.004499943750703116,20336.959625
2013-10-01,13710,9680,52584,0.00324,209.8,email_campaign,29.0,539974.86,0.002115244347191831,18619.82275862069
2013-10-02,12941,9851,71024,0.00539,205.0,organic_search,58.0,1372196.75,0.004481879298354068,23658.564655172413
2013-10-03,13080,9748,44993,0.00499,125.5,organic_search,21.0,609886.49,0.0016055045871559634,29042.213809523808
2013-10-04,15477,12022,78604,0.00375,156.7,social_media,15.0,380596.46,0.0009691800736576856,25373.097333333335
2013-10-05,13994,10098,68009,0.00564,314.4,referral,8.0,231771.76,0.0005716735743890238,28971.47
2013-10-06,14105,11490,70993,0.00435,122.9,paid_search,23.0,624360.51,0.00163062743707905,27146.109130434783
2013-10-07,12570,9552,45109,0.00325,181.8,organic_search,23.0,572638.14,0.0018297533810660302,24897.31043478261
2013-10-08,13093,10025,58429,0.00339,138.1,direct,11.0,283285.46,0.0008401435881768884,25753.223636363637
2013-10-09,12218,9764,50149,0.00469,209.6,organic_search,43.0,1030602.18,0.0035193976100834834,23967.492558139536
2013-10-10,13055,10029,43148,0.00534,176.8,organic_search,41.0,1140085.7,0.0031405591727307544,27806.968292682926
2013-10-11,13725,9778,64212,0.00375,220.2,organic_search,23.0,364343.83,0.0016757741347905282,15841.036086956523
2013-10-12,13023,10257,64771,0.0055,256.2,organic_search,39.0,817286.43,0.002994701681640175,20956.062307692308
2013-10-13,13045,9157,51450,0.00425,160.5,organic_search,29.0,721961.5800000001,0.0022230739747029515,24895.226896551725
2013-10-14,14459,11334,50446,0.00413,231.0,organic_search,38.0,1090806.45,0.002628120893561104,28705.43289473684
2013-10-15,13895,11304,65905,0.00361,224.3,organic_search,50.0,1088834.94,0.0035984166966534724,21776.6988
2013-10-16,12929,9667,64283,0.00423,261.5,paid_search,34.0,1093151.76,0.002629747080207286,32151.522352941178
2013-10-17,12216,9304,57228,0.00462,144.0,direct,5.0,94982.37,0.00040929927963326783,18996.474
2013-10-18,12323,9163,60959,0.00406,231.9,referral,11.0,288916.13,0.0008926397792745273,26265.102727272726
2013-10-19,11963,9407,54624,0.00537,276.6,social_media,30.0,770768.38,0.002507732174203795,25692.279333333332
2013-10-20,14009,10602,54466,0.00482,314.7,email_campaign,19.0,481803.42,0.0013562709686630024,25358.074736842103
2013-10-21,12745,9506,53990,0.00578,274.1,organic_search,37.0,1055916.98,0.0029030992546096508,28538.296756756758
2013-10-22,14589,10511,47642,0.00338,207.1,direct,13.0,396901.5,0.0008910823222976215,30530.884615384617
2013-10-23,13717,10722,60164,0.0035,121.5,social_media,34.0,858931.3300000001,0.0024786760953561275,25262.68617647059
2013-10-24,12783,9260,50277,0.00481,108.1,organic_search,41.0,1092030.32,0.003207384807948056,26634.88585365854
2013-10-25,12510,9642,46132,0.00342,284.2,social_media,23.0,850212.48,0.0018385291766586731,36965.76
2013-10-26,12422,8842,45914,0.00452,197.1,organic_search,31.0,694993.36,0.002495572371598776,22419.14064516129
2013-10-27,13304,10333,64827,0.00326,308.3,social_media,24.0,529506.46,0.0018039687312086591,22062.769166666665
2013-10-28,14257,11502,64149,0.00469,263.5,paid_search,28.0,570011.34,0.0019639475345444345,20357.547857142858
2013-10-29,15101,11332,69384,0.0055,290.4,paid_search,60.0,1449409.4000000001,0.003973246804847361,24156.823333333337
2013-10-30,11718,8876,59818,0.00461,172.4,referral,27.0,424713.73,0.002304147465437788,15730.138148148148
2013-10-31,15782,12006,85169,0.00421,193.6,referral,26.0,531921.24,0.0016474464579901153,20458.509230769232
2013-11-01,13644,10009,46358,0.00343,180.9,social_media,45.0,905296.64,0.0032981530343007917,20117.70311111111
2013-11-02,11668,9313,57812,0.00481,183.2,direct,21.0,560903.81,0.0017997943092218033,26709.70523809524
2013-11-03,11609,8407,59878,0.00519,290.6,organic_search,28.0,729160.94,0.002411921784822121,26041.46214285714
2013-11-04,10715,8320,47693,0.00409,266.8,email_campaign,10.0,185832.21,0.0009332711152589828,18583.220999999998
2013-11-05,11604,8132,44253,0.00497,316.4,paid_search,28.0,695580.8,0.002412961047914512,24842.17142857143
2013-11-06,10138,7332,55455,0.00424,236.5,direct,4.0,73120.59,0.0003945551390806865,18280.1475
2013-11-07,9896,7936,41435,0.00372,271.6,direct,14.0,310452.46,0.0014147130153597412,22175.175714285717
2013-11-08,11835,9472,50627,0.00447,235.1,organic_search,28.0,798654.7,0.0023658639628221377,28523.382142857143
2013-11-09,11950,8786,61115,0.00577,316.8,social_media,22.0,507887.14,0.0018410041841004183,23085.77909090909
2013-11-10,11694,8912,52770,0.00377,101.7,direct,14.0,409374.51,0.0011971951428082776,29241.036428571428
2013-11-11,12691,10310,49619,0.00487,218.3,social_media,36.0,697059.67,0.0028366558978803877,19362.76861111111
2013-11-12,10332,7718,56650,0.00385,152.9,social_media,47.0,999525.77,0.004548974061169183,21266.505744680853
2013-11-13,10669,7530,43743,0.00394,198.0,organic_search,58.0,1691440.94,0.0054363108070109665,29162.774827586207
2013-11-14,10545,7419,41667,0.00497,139.8,email_campaign,18.0,400650.58999999997,0.0017069701280227596,22258.36611111111
2013-11-15,10155,8283,45684,0.00499,255.2,organic_search,34.0,936382.76,0.003348104382077794,27540.669411764706
2013-11-16,10651,7729,53104,0.00423,159.4,social_media,27.0,503715.95,0.002534973241949113,18656.146296296298
2013-11-17,12887,10510,44818,0.00439,166.4,paid_search,19.0,361616.1,0.001474354000155195,19032.42631578947
2013-11-18,12188,9286,39130,0.00448,159.6,paid_search,26.0,508207.79000000004,0.002133245815556285,19546.453461538462
2013-11-19,11008,8981,50511,0.00405,176.1,organic_search,47.0,845064.17,0.004269622093023256,17980.088723404257
2013-11-20,11167,9011,38482,0.00329,136.0,social_media,27.0,584173.7,0.0024178382734843734,21636.062962962962
2013-11-21,11384,9190,49377,0.00389,193.8,social_media,16.0,225149.32,0.0014054813773717498,14071.8325
2013-11-22,11413,9153,40833,0.00568,255.2,social_media,13.0,216749.24,0.0011390519582931745,16673.01846153846
2013-11-23,11180,8348,47452,0.00427,200.9,organic_search,29.0,403674.11,0.00259391771019678,13919.796896551723
2013-11-24,11573,8198,52687,0.00349,315.3,organic_search,43.0,622574.75,0.0037155448025576773,14478.482558139534
2013-11-25,11593,9021,39009,0.00519,207.0,paid_search,26.0,386843.3,0.0022427326835159148,14878.58846153846
2013-11-26,12310,9377,51458,0.00486,198.6,referral,19.0,334573.32,0.0015434606011372868,17609.12210526316
2013-11-27,12543,10098,65740,0.0054,126.5,paid_search,35.0,548083.61,0.002790401020489516,15659.531714285715
2013-11-28,10476,7994,55311,0.00562,142.4,direct,12.0,109967.12,0.001145475372279496,9163.926666666666
2013-11-29,11266,8171,45345,0.00373,106.9,referral,18.0,129899.91,0.0015977276761938576,7216.661666666667
2013-11-30,11143,8100,53974,0.00531,167.4,organic_search,50.0,572159.01,0.004487121959974872,11443.1802
2013-12-01,12906,9103,46795,0.00459,124.7,organic_search,41.0,447918.01,0.0031768169843483652,10924.829512195121
2013-12-02,12341,9953,43684,0.00475,114.8,social_media,30.0,394147.48000000004,0.0024309213191799693,13138.249333333335
2013-12-03,14986,12043,65628,0.00503,162.8,organic_search,41.0,476425.62,0.0027358868277058586,11620.137073170732
2013-12-04,13847,10991,54490,0.00483,149.8,social_media,32.0,503557.69,0.002310969885173684,15736.1778125
2013-12-05,12296,8669,53642,0.00329,227.5,referral,12.0,279485.1,0.0009759271307742355,23290.425
2013-12-06,12192,9853,54072,0.00459,254.2,paid_search,27.0,292548.79,0.0022145669291338582,10835.140370370369
2013-12-07,12562,8902,51547,0.00444,184.5,paid_search,19.0,227869.35,0.0015124980098710397,11993.123684210526
2013-12-08,13175,9415,45023,0.00462,178.1,organic_search,25.0,333802.35,0.0018975332068311196,13352.094
2013-12-09,14634,10378,61409,0.00497,182.9,organic_search,29.0,543464.0599999999,0.001981686483531502,18740.14
2013-12-10,14413,10733,46851,0.00408,254.9,social_media,27.0,337943.95,0.0018733088184278081,12516.442592592593
2013-12-11,13334,9646,50387,0.00393,167.0,paid_search,41.0,635236.58,0.0030748462576871156,15493.575121951219
2013-12-12,13714,10039,62414,0.00556,168.4,organic_search,50.0,523770.92,0.00364590928977687,10475.4184
2013-12-13,13337,9763,69039,0.00439,294.0,organic_search,41.0,561643.61,0.0030741546074829424,13698.624634146341
2013-12-14,12138,9093,60465,0.00555,228.5,paid_search,38.0,505038.24,0.0031306640303180094,13290.48
2013-12-15,12391,10022,52207,0.00356,119.5,organic_search,55.0,587745.72,0.004438705512065208,10686.285818181817
2013-12-16,12596,9700,58261,0.00574,104.0,social_media,47.0,601428.18,0.0037313432835820895,12796.34425531915
2013-12-17,13408,10752,57040,0.00425,316.2,paid_search,56.0,631055.1,0.004176610978520286,11268.841071428571
2013-12-18,13825,10901,72395,0.0045,154.0,organic_search,52.0,542791.27,0.0037613019891500903,10438.293653846154
2013-12-19,13925,11168,63968,0.00445,176.4,social_media,55.0,477629.67,0.0039497307001795335,8684.175818181819
2013-12-20,10678,8634,38513,0.00405,256.3,organic_search,48.0,584256.96,0.004495223824686271,12172.019999999999
2013-12-21,11879,8813,56301,0.00341,119.1,email_campaign,29.0,398540.38,0.0024412829362740972,13742.77172413793
2013-12-22,13955,9944,47679,0.00429,138.2,organic_search,79.0,831764.96,0.005661053385883196,10528.670379746834
2013-12-23,13029,10369,52511,0.00522,305.5,direct,26.0,216199.26,0.001995548392048507,8315.356153846154
2013-12-24,12470,9370,54463,0.00563,281.4,social_media,48.0,378116.01,0.0038492381716118684,7877.416875
2013-12-25,13141,10384,67446,0.00482,193.3,social_media,56.0,666379.65,0.004261471729700936,11899.636607142858
2013-12-26,13040,9292,57219,0.00539,314.3,organic_search,82.0,945734.43,0.006288343558282209,11533.346707317074
2013-12-27,12152,8597,59360,0.00338,229.1,social_media,37.0,467678.42,0.0030447662936142197,12639.957297297296
2013-12-28,13571,10335,71175,0.00493,279.6,email_campaign,22.0,230876.56,0.0016211038243312947,10494.389090909091
2013-12-29,14050,11493,56883,0.00416,174.7,organic_search,137.0,1394840.49,0.009750889679715302,10181.317445255474
2013-12-30,11723,8674,59465,0.00458,265.2,email_campaign,65.0,599996.99,0.0055446558048281155,9230.722923076923
2013-12-31,14417,11430,46209,0.00578,308.1,direct,41.0,376204.13,0.0028438648817368383,9175.710487804878
2014-01-01,10162,8295,36165,0.00534,235.0,paid_search,95.0,1193035.19,0.009348553434363313,12558.265157894737
2014-01-02,12776,10056,46028,0.00366,238.7,paid_search,56.0,508633.79000000004,0.004383218534752661,9082.74625
2014-01-03,10230,8247,42607,0.00543,249.9,social_media,17.0,339787.47000000003,0.0016617790811339198,19987.49823529412
2014-01-04,11496,8503,57148,0.00507,207.9,email_campaign,18.0,552826.59,0.0015657620041753654,30712.588333333333
2014-01-05,8870,6926,44512,0.00456,166.9,organic_search,22.0,430198.74,0.002480270574971815,19554.488181818182
2014-01-06,10178,7568,55426,0.004,138.1,organic_search,44.0,769694.69,0.004323049715071723,17493.061136363634
2014-01-07,10724,7860,45535,0.00329,192.2,organic_search,37.0,680310.57,0.0034502051473330846,18386.77216216216
2014-01-08,11340,9281,41050,0.00362,221.5,social_media,18.0,533217.41,0.0015873015873015873,29623.189444444448
2014-01-09,12137,9810,46390,0.00361,223.5,email_campaign,11.0,268400.98,0.0009063195188267282,24400.08909090909
2014-01-10,10545,8273,53901,0.00372,307.1,email_campaign,11.0,334906.74,0.0010431484115694643,30446.067272727272
2014-01-11,11306,9172,52326,0.0045,116.2,referral,7.0,105405.97,0.0006191402794976119,15057.995714285715
2014-01-12,10212,7242,48240,0.00495,177.3,social_media,19.0,414633.03,0.0018605562083822953,21822.79105263158
2014-01-13,11373,8627,58511,0.00345,159.0,direct,13.0,411840.47,0.00114305812010903,31680.03615384615
2014-01-14,9693,7471,36668,0.00468,142.0,paid_search,22.0,537532.73,0.002269679149901991,24433.30590909091
2014-01-15,10310,7878,44709,0.00362,123.8,direct,10.0,370662.89,0.0009699321047526673,37066.289000000004
2014-01-16,11632,8624,55483,0.00545,222.1,social_media,8.0,260247.23,0.000687757909215956,32530.90375
2014-01-17,10035,7721,34898,0.00514,163.8,organic_search,25.0,645495.88,0.002491280518186348,25819.8352
2014-01-18,11008,7875,51195,0.00469,156.6,paid_search,15.0,352568.5,0.0013626453488372093,23504.566666666666
2014-01-19,10951,8766,39504,0.00561,139.8,paid_search,20.0,393528.52,0.0018263172313030774,19676.426
2014-01-20,10678,8033,41933,0.00414,149.6,organic_search,23.0,608783.15,0.0021539614159955048,26468.832608695655
2014-01-21,12658,10040,58632,0.00331,185.2,social_media,27.0,631986.58,0.0021330383946911043,23406.91037037037
2014-01-22,11638,9145,51241,0.00416,267.6,organic_search,40.0,1092011.3,0.003437016669530847,27300.2825
2014-01-23,8560,6503,36491,0.00513,219.7,social_media,22.0,560127.84,0.0025700934579439253,25460.35636363636
2014-01-24,10811,8705,44738,0.00511,198.0,organic_search,38.0,772612.74,0.0035149384885764497,20331.914210526316
2014-01-25,11205,8252,55016,0.00535,291.3,organic_search,31.0,583092.32,0.0027666220437304774,18809.429677419354
2014-01-26,9240,6492,46324,0.00327,254.1,paid_search,16.0,429486.35,0.0017316017316017316,26842.896875
2014-01-27,7973,6381,31862,0.0051,245.5,organic_search,44.0,909183.71,0.005518625360591998,20663.266136363636
2014-01-28,11746,8341,61175,0.00402,134.5,paid_search,56.0,1237115.48,0.004767580452920143,22091.347857142857
2014-01-29,12266,9150,42684,0.00535,240.4,referral,19.0,419295.06,0.0015489972281102233,22068.161052631578
2014-01-30,9689,7229,34153,0.0039,121.9,paid_search,37.0,842917.99,0.0038187635462896066,22781.567297297297
2014-01-31,9999,7139,45816,0.00411,127.7,email_campaign,17.0,299672.99,0.0017001700170017002,17627.82294117647
2014-02-01,15250,10976,74103,0.00324,262.1,organic_search,31.0,1063901.21,0.0020327868852459017,34319.39387096774
2014-02-02,15769,11975,54002,0.005,317.7,social_media,16.0,271806.75,0.0010146489948633394,16987.921875
2014-02-03,15293,12184,75902,0.0052,219.2,direct,4.0,105597.90000000001,0.0002615575753612764,26399.475000000002
2014-02-04,15527,11742,63891,0.00455,221.7,referral,12.0,320820.3,0.0007728472982546532,26735.024999999998
2014-02-05,14372,10247,59542,0.00551,124.6,paid_search,33.0,626873.0599999999,0.0022961313665460616,18996.153333333332
2014-02-06,17900,13155,75113,0.00528,271.7,email_campaign,13.0,355141.51,0.0007262569832402235,27318.577692307692
2014-02-07,16078,11903,80234,0.00536,212.0,social_media,23.0,556380.72,0.0014305261848488618,24190.46608695652
2014-02-08,16853,12274,90385,0.00432,128.0,paid_search,22.0,699400.28,0.0013054055657746395,31790.921818181818
2014-02-09,16200,11546,85048,0.00427,141.2,paid_search,18.0,331834.02,0.0011111111111111111,18435.223333333335
2014-02-10,15696,11222,73058,0.00533,199.8,direct,11.0,266522.91,0.0007008154943934761,24229.355454545454
2014-02-11,14584,11159,63707,0.0049,284.3,organic_search,50.0,1496049.13,0.003428414701042238,29920.9826
2014-02-12,14476,10599,47339,0.0044,132.8,paid_search,31.0,787182.52,0.002141475545730865,25392.984516129032
2014-02-13,16062,12629,78816,0.005,145.4,social_media,23.0,515457.56,0.0014319511891420745,22411.198260869565
2014-02-14,14509,11532,61350,0.00389,226.3,organic_search,24.0,610369.94,0.0016541457026673098,25432.08083333333
2014-02-15,14141,10885,63673,0.00439,291.0,referral,11.0,180066.16,0.0007778799236263348,16369.65090909091
2014-02-16,15943,12928,83331,0.00325,209.3,organic_search,37.0,1028829.7,0.0023207677350561375,27806.208108108105
2014-02-17,14961,12046,63357,0.00394,245.0,direct,17.0,355017.9,0.0011362876813047257,20883.40588235294
2014-02-18,15257,11443,57332,0.00358,309.9,organic_search,49.0,1207693.73,0.003211640558432195,24646.81081632653
2014-02-19,15472,11216,62065,0.0044,146.7,social_media,29.0,676323.59,0.00187435367114788,23321.503103448274
2014-02-20,15337,11846,72379,0.00514,287.0,referral,11.0,260174.57,0.0007172197952663494,23652.23363636364
2014-02-21,12479,9867,62474,0.00414,314.8,organic_search,48.0,1063568.8599999999,0.0038464620562545077,22157.684583333332
2014-02-22,16863,12049,89182,0.00357,288.5,organic_search,49.0,1308867.04,0.0029057700290577005,26711.57224489796
2014-02-23,18734,14921,100009,0.0047,163.2,social_media,36.0,1011955.83,0.0019216397992953987,28109.884166666667
2014-02-24,16007,11852,56518,0.00507,193.7,organic_search,52.0,1087506.64,0.003248578746798276,20913.58923076923
2014-02-25,17906,12878,67027,0.00528,196.8,paid_search,64.0,1448844.47,0.0035742209315313303,22638.19484375
2014-02-26,15690,12798,75723,0.00465,144.7,social_media,61.0,1581804.84,0.0038878266411727213,25931.226885245902
2014-02-27,16405,11852,58497,0.00444,185.3,email_campaign,37.0,972709.61,0.0022554099359951233,26289.44891891892
2014-02-28,13184,10619,64378,0.00446,103.1,paid_search,41.0,1088726.48,0.0031098300970873786,26554.304390243902
2014-03-01,23068,18188,89795,0.00443,214.4,social_media,32.0,607450.23,0.001387203051846714,18982.8196875
2014-03-02,23861,17740,83970,0.00555,278.5,referral,20.0,462772.51,0.0008381878378944721,23138.625500000002
2014-03-03,22641,15964,108362,0.00522,271.4,organic_search,34.0,999400.65,0.0015017004549269025,29394.136764705883
2014-03-04,20167,16226,97482,0.0051,161.5,organic_search,46.0,1532971.86,0.0022809540338176227,33325.47521739131
2014-03-05,23200,16311,80376,0.00399,255.7,organic_search,63.0,1748896.99,0.0027155172413793104,27760.26968253968
2014-03-06,24291,18643,86328,0.00413,132.9,organic_search,54.0,1602338.0,0.002223045572434235,29672.925925925927
2014-03-07,20656,16435,109054,0.00462,295.0,paid_search,21.0,435602.23,0.0010166537567776917,20742.963333333333
2014-03-08,20789,15662,93141,0.00366,173.0,email_campaign,9.0,236764.87,0.0004329212564336909,26307.207777777778
2014-03-09,20453,15397,92789,0.00389,280.1,organic_search,43.0,1074964.15,0.002102381068791864,24999.166279069766
2014-03-10,22824,16607,119164,0.00448,254.9,direct,10.0,350342.59,0.0004381352961794602,35034.259000000005
2014-03-11,21099,15989,103643,0.00562,181.8,direct,18.0,508619.39,0.0008531210009953079,28256.632777777777
2014-03-12,21452,16567,83714,0.00563,292.5,organic_search,76.0,1889725.64,0.0035427932127540555,24864.811052631576
2014-03-13,22441,16314,121601,0.00427,313.9,organic_search,64.0,1959413.29,0.002851922819838688,30615.83265625
2014-03-14,21483,15918,116693,0.00539,257.6,referral,18.0,592436.9299999999,0.0008378718056137411,32913.162777777776
2014-03-15,21970,16562,77321,0.00331,254.5,direct,18.0,376120.67,0.0008192990441511152,20895.592777777776
2014-03-16,24630,17335,97783,0.00347,150.4,paid_search,50.0,1396559.16,0.0020300446609825416,27931.1832
2014-03-17,23340,16575,125068,0.00453,191.6,paid_search,62.0,1633856.44,0.0026563838903170523,26352.52322580645
2014-03-18,21053,16281,111523,0.00456,247.3,social_media,57.0,1075927.33,0.0027074526195791575,18875.91807017544
2014-03-19,21922,16740,74242,0.0055,287.1,organic_search,84.0,2112630.38,0.0038317671745278716,25150.361666666664
2014-03-20,20278,15014,82640,0.0043,133.6,organic_search,69.0,1883636.48,0.0034027024361376864,27299.079420289854
2014-03-21,21123,16314,83362,0.00392,188.7,direct,18.0,454924.8,0.0008521516829995739,25273.6
2014-03-22,21770,16029,96726,0.00414,193.0,email_campaign,19.0,417268.1,0.0008727606798346349,21961.47894736842
2014-03-23,20889,15510,67631,0.00542,287.5,social_media,52.0,888035.87,0.002489348460912442,17077.612884615384
2014-03-24,18783,14040,72777,0.00362,241.1,email_campaign,25.0,471827.51,0.0013309907895437364,18873.1004
2014-03-25,20978,15803,73386,0.00516,114.2,email_campaign,37.0,584721.42,0.0017637525026217942,15803.281621621623
2014-03-26,20541,16241,84830,0.00567,319.9,organic_search,102.0,2009449.99,0.004965678399298963,19700.490098039216
2014-03-27,22481,18073,111766,0.0043,317.8,paid_search,74.0,1285025.45,0.003291668520083626,17365.208783783783
2014-03-28,21260,16689,81224,0.00368,251.1,organic_search,78.0,1442432.08,0.003668861712135466,18492.718974358977
2014-03-29,24623,19993,90493,0.00419,173.8,email_campaign,50.0,963724.76,0.00203062177638793,19274.4952
2014-03-30,21014,17170,96869,0.00361,266.0,organic_search,168.0,3449229.38,0.007994670219853431,20531.12726190476
2014-03-31,23037,16851,99689,0.00499,208.7,organic_search,171.0,3158068.19,0.007422841515822373,18468.235029239764
2014-04-01,31669,24005,146762,0.00435,236.5,social_media,108.0,2272162.62,0.003410275032366036,21038.54277777778
2014-04-02,31084,23844,121167,0.00342,311.2,email_campaign,63.0,1218223.54,0.002026766181958564,19336.88158730159
2014-04-03,27680,21795,123121,0.00436,187.2,paid_search,108.0,2212672.97,0.0039017341040462426,20487.712685185186
2014-04-04,33564,27006,178036,0.00455,230.0,paid_search,29.0,516810.42000000004,0.0008640209748540103,17821.048965517242
2014-04-05,29571,20726,141514,0.00443,301.8,organic_search,58.0,1237267.07,0.0019613810828176255,21332.19086206897
2014-04-06,29897,24048,113402,0.00362,202.1,paid_search,49.0,1081524.3699999999,0.001638960430812456,22071.925918367346
2014-04-07,27724,20365,96746,0.0045,212.3,paid_search,58.0,906015.59,0.0020920502092050207,15620.958448275862
2014-04-08,27636,20497,143557,0.00359,152.9,social_media,47.0,1055366.55,0.0017006802721088435,22454.60744680851
2014-04-09,29270,21990,145987,0.00502,224.1,organic_search,82.0,1782228.83,0.002801503245644004,21734.49792682927
2014-04-10,29376,21760,105496,0.00426,179.3,paid_search,50.0,861047.65,0.0017020697167755992,17220.953
2014-04-11,27935,22850,118469,0.00472,217.1,paid_search,45.0,1024989.17,0.0016108824055843924,22777.537111111113
2014-04-12,28989,20697,124163,0.00518,223.2,organic_search,65.0,1367139.6099999999,0.0022422298113077372,21032.917076923073
2014-04-13,32172,24250,152724,0.00439,120.4,organic_search,62.0,1039661.14,0.001927141613825687,16768.72806451613
2014-04-14,28984,21787,99668,0.00367,259.6,paid_search,79.0,1527756.84,0.0027256417333701355,19338.69417721519
2014-04-15,31036,22252,162557,0.00513,171.6,referral,36.0,739454.4299999999,0.0011599432916612965,20540.400833333333
2014-04-16,29288,23345,143059,0.00332,225.9,organic_search,82.0,2082522.02,0.002799781480469817,25396.61
2014-04-17,26998,19652,95425,0.00405,206.0,direct,19.0,489406.96,0.0007037558337654641,25758.26105263158
2014-04-18,28486,23229,108624,0.00408,164.3,social_media,44.0,816607.09,0.0015446184090430386,18559.252045454545
2014-04-19,31395,22973,144900,0.00407,276.8,paid_search,58.0,1569891.68,0.001847427934384456,27067.09793103448
2014-04-20,30149,23019,144722,0.00383,249.2,paid_search,54.0,1609561.58,0.0017911041825599521,29806.695925925927
2014-04-21,32674,23745,140656,0.0035,104.8,email_campaign,45.0,1295141.71,0.001377241843667748,28780.926888888887
2014-04-22,32103,25911,159800,0.00358,174.0,social_media,81.0,1706789.8699999999,0.002523128679562658,21071.47987654321
2014-04-23,26922,21973,128715,0.00391,154.7,email_campaign,29.0,959014.95,0.0010771859445806403,33069.48103448276
2014-04-24,28696,22691,100395,0.00534,318.0,referral,24.0,680264.78,0.0008363534987454698,28344.365833333333
2014-04-25,32626,23330,149274,0.0035,140.6,paid_search,67.0,1427790.87,0.0020535769018574144,21310.311492537316
2014-04-26,28597,20330,120686,0.00475,159.8,social_media,60.0,1220181.92,0.0020981221806483197,20336.36533333333
2014-04-27,31694,22215,170628,0.00449,145.2,paid_search,77.0,2073974.65,0.0024294819208683033,26934.735714285714
2014-04-28,27759,21830,138714,0.00393,133.2,social_media,91.0,2486112.28,0.003278216074066069,27319.91516483516
2014-04-29,32248,25948,163941,0.00579,223.1,email_campaign,80.0,2184154.4,0.0024807740014884646,27301.93
2014-04-30,30939,23211,133474,0.00356,156.9,social_media,121.0,2968084.27,0.0039109214906752,24529.622066115702
2014-05-01,25885,19449,123888,0.00367,278.3,paid_search,97.0,2580495.82,0.003747344021634151,26603.049690721647
2014-05-02,31644,24370,153075,0.00327,123.1,direct,33.0,975048.52,0.001042851725445582,29546.92484848485
2014-05-03,28317,20767,114920,0.00493,194.2,organic_search,69.0,2050933.5999999999,0.002436698802839284,29723.675362318838
2014-05-04,27998,22585,124889,0.00468,292.2,direct,9.0,274944.56,0.00032145153225230375,30549.395555555555
2014-05-05,25934,20515,98145,0.00546,182.5,social_media,27.0,806032.96,0.0010411043417906994,29853.07259259259
2014-05-06,28880,20727,132987,0.0038,159.1,referral,17.0,434163.67,0.0005886426592797783,25539.039411764705
2014-05-07,30417,21334,105056,0.00363,107.7,social_media,53.0,1495669.57,0.0017424466581188152,28220.180566037736
2014-05-08,22054,15883,78562,0.00578,114.3,referral,33.0,787911.25,0.0014963271968803846,23876.098484848484
2014-05-09,26222,21344,92295,0.00409,155.7,email_campaign,17.0,476547.4,0.000648310578903211,28032.2
2014-05-10,25378,18460,109459,0.00467,121.8,organic_search,52.0,1569688.92,0.0020490188352116005,30186.325384615382
2014-05-11,29095,21081,94942,0.0055,146.2,referral,26.0,671325.89,0.0008936243340780203,25820.22653846154
2014-05-12,28899,22803,134458,0.00446,215.8,paid_search,44.0,815390.3200000001,0.0015225440326654901,18531.598181818183
2014-05-13,26739,21724,92280,0.00579,306.7,paid_search,56.0,1204150.01,0.002094319159280452,21502.67875
2014-05-14,25709,19377,111615,0.00376,243.4,paid_search,78.0,1979637.92,0.003033956980045898,25379.97333333333
2014-05-15,30110,24293,157951,0.00411,180.0,referral,26.0,787103.19,0.0008635004981733643,30273.199615384612
2014-05-16,27531,20857,105553,0.00335,220.2,social_media,66.0,1660825.57,0.002397297591805601,25164.02378787879
2014-05-17,26128,20836,123104,0.00564,171.4,social_media,51.0,1570488.93,0.0019519289650949173,30793.900588235294
2014-05-18,25658,18281,96643,0.00569,113.0,paid_search,47.0,1292682.14,0.0018317873567698184,27503.875319148934
2014-05-19,29037,21645,134048,0.00514,248.5,referral,30.0,866728.7,0.0010331645831180907,28890.956666666665
2014-05-20,29515,22535,159233,0.00361,308.7,organic_search,90.0,1915568.08,0.003049296967643571,21284.08977777778
2014-05-21,27548,20709,139667,0.00555,246.8,organic_search,121.0,2636271.51,0.004392333381733701,21787.36785123967
2014-05-22,27824,22650,112503,0.00345,245.6,referral,33.0,734416.84,0.0011860264519838988,22255.055757575756
2014-05-23,28489,22749,96527,0.00514,252.9,organic_search,69.0,1873890.03,0.0024219874337463583,27157.82652173913
2014-05-24,25209,19652,92373,0.00476,227.0,paid_search,64.0,1698312.73,0.00253877583402753,26536.13640625
2014-05-25,30338,21404,120860,0.00577,167.1,email_campaign,32.0,1121413.2,0.0010547827806711054,35044.1625
2014-05-26,29609,23230,125918,0.00425,237.2,organic_search,88.0,2404623.12,0.0029720693032523893,27325.26272727273
2014-05-27,30146,22918,145944,0.00571,308.3,direct,48.0,878333.73,0.0015922510449147482,18298.619375
2014-05-28,27952,22186,110221,0.00575,222.7,paid_search,148.0,3384561.04,0.005294791070406411,22868.655675675676
2014-05-29,30992,23883,135079,0.00436,273.6,direct,55.0,1153656.53,0.0017746515229736706,20975.573272727273
2014-05-30,28560,22570,116268,0.00331,166.6,paid_search,119.0,3093488.5,0.004166666666666667,25995.701680672268
2014-05-31,27754,22518,120629,0.00566,186.5,social_media,100.0,2320075.86,0.0036030842401095337,23200.758599999997
2014-06-01,28531,21625,139896,0.00411,300.9,paid_search,99.0,2330234.62,0.0034699099225403945,23537.723434343436
2014-06-02,29119,22466,98811,0.00529,265.4,organic_search,127.0,3574857.64,0.004361413510079329,28148.48535433071
2014-06-03,27485,21760,92388,0.00494,293.0,paid_search,61.0,1769244.12,0.002219392395852283,29004.001967213117
2014-06-04,31372,24682,167700,0.0052,218.4,referral,19.0,519792.22000000003,0.0006056355986229759,27357.485263157898
2014-06-05,30289,22112,134531,0.00432,247.6,organic_search,26.0,971646.34,0.0008583974380138004,37371.013076923075
2014-06-06,27136,22179,118099,0.00392,155.0,organic_search,50.0,1311360.46,0.0018425707547169812,26227.209199999998
2014-06-07,31059,24129,145769,0.00498,304.3,email_campaign,17.0,535341.13,0.0005473453749315818,31490.654705882353
2014-06-08,28049,20529,129406,0.00525,115.1,direct,14.0,456783.11,0.0004991265285749938,32627.364999999998
2014-06-09,30401,24133,102124,0.00342,142.4,organic_search,64.0,1701984.4000000001,0.0021051939080951286,26593.506250000002
2014-06-10,27671,21455,121832,0.00523,235.3,referral,32.0,933500.22,0.0011564453760254418,29171.881875
2014-06-11,31871,24543,140141,0.00524,213.6,referral,32.0,759166.69,0.001004047566753475,23723.9590625
2014-06-12,29120,22829,145416,0.0043,192.1,social_media,33.0,818746.98,0.0011332417582417583,24810.514545454545
2014-06-13,30261,22465,108371,0.00471,125.2,email_campaign,24.0,608448.44,0.0007931000297412512,25352.01833333333
2014-06-14,29999,23096,122404,0.00557,214.3,paid_search,46.0,1275882.39,0.001533384446148205,27736.573695652172
2014-06-15,31223,24204,133930,0.00472,107.8,direct,15.0,521082.52999999997,0.00048041507862793455,34738.83533333333
2014-06-16,23259,17230,110680,0.00388,132.9,organic_search,88.0,2338774.08,0.0037834816630121673,26576.978181818184
2014-06-17,29091,23029,108429,0.00503,299.7,email_campaign,36.0,626541.48,0.001237496132824585,17403.93
2014-06-18,22476,18096,93356,0.00442,198.4,paid_search,67.0,1611250.66,0.0029809574657412353,24048.517313432836
2014-06-19,27866,22727,95424,0.00561,245.2,direct,11.0,271232.93,0.0003947462857963109,24657.53909090909
2014-06-20,30816,22914,118380,0.00494,299.4,social_media,45.0,1064768.97,0.0014602803738317756,23661.532666666666
2014-06-21,30622,21512,112749,0.0037,299.9,organic_search,46.0,980339.11,0.0015021879694337404,21311.719782608696
2014-06-22,30032,21674,142020,0.00339,158.1,direct,28.0,636791.84,0.0009323388385721897,22742.565714285713
2014-06-23,28623,21810,155716,0.00577,168.7,paid_search,78.0,1876345.49,0.002725081228382769,24055.711410256412
2014-06-24,31892,22653,153112,0.00506,241.0,paid_search,73.0,1760096.96,0.002288975291609181,24110.91726027397
2014-06-25,30658,24091,153275,0.00421,138.1,email_campaign,45.0,782742.01,0.001467806119120621,17394.266888888887
2014-06-26,28821,20469,104924,0.0056,285.0,direct,14.0,167192.68,0.0004857569133617848,11942.334285714285
2014-06-27,31165,23193,117512,0.00372,115.8,paid_search,58.0,1099612.5,0.0018610620888817584,18958.83620689655
2014-06-28,28913,20500,128800,0.00557,254.8,referral,34.0,556117.5,0.0011759416179573203,16356.39705882353
2014-06-29,30012,24306,121789,0.00327,266.8,social_media,96.0,1457603.74,0.003198720511795282,15183.372291666667
2014-06-30,25122,18170,93098,0.00327,229.7,email_campaign,57.0,906641.76,0.0022689276331502267,15905.995789473684
2014-07-01,24118,17786,127394,0.00502,155.7,organic_search,133.0,2216067.32,0.0055145534455593335,16662.16030075188
2014-07-02,22829,18044,88984,0.00322,132.2,social_media,90.0,1468146.81,0.0039423540233913005,16312.742333333334
2014-07-03,24291,19783,87191,0.00356,299.1,paid_search,71.0,1300757.53,0.0029228932526450127,18320.528591549297
2014-07-04,19697,15074,67832,0.00334,305.3,paid_search,11.0,221430.97,0.0005584606792912627,20130.08818181818
2014-07-05,21042,16132,91459,0.00362,274.7,organic_search,24.0,511633.24,0.0011405759908753922,21318.051666666666
2014-07-06,23161,17499,106661,0.00453,195.0,referral,10.0,167923.81,0.00043176028668883034,16792.381
2014-07-07,23149,17267,116966,0.00331,221.1,social_media,28.0,351256.1,0.0012095554883580285,12544.860714285713
2014-07-08,25383,19953,98382,0.00472,177.4,organic_search,51.0,935057.69,0.0020092187684670844,18334.464509803922
2014-07-09,21166,17277,101109,0.00566,105.3,email_campaign,31.0,694531.74,0.0014646130586790135,22404.249677419353
2014-07-10,24785,18490,130982,0.00371,307.0,organic_search,74.0,1375177.04,0.002985676820657656,18583.473513513512
2014-07-11,23966,18867,81909,0.00462,157.6,paid_search,30.0,726372.92,0.001251773345572895,24212.430666666667
2014-07-12,23198,18905,106668,0.00408,259.5,social_media,27.0,400444.21,0.0011638934390895766,14831.267037037038
2014-07-13,21016,15177,112942,0.0047,151.6,paid_search,43.0,717520.88,0.002046060144651694,16686.532093023256
2014-07-14,22862,18719,90583,0.00513,177.7,social_media,45.0,589517.18,0.00196833172950748,13100.381777777779
2014-07-15,23206,18797,74689,0.00397,160.4,paid_search,47.0,887960.21,0.0020253382745841595,18892.770425531915
2014-07-16,25448,19172,86877,0.00525,245.5,direct,19.0,487233.74,0.0007466205595724615,25643.88105263158
2014-07-17,24173,17451,106949,0.00525,242.9,paid_search,51.0,770241.48,0.0021097919166011667,15102.774117647059
2014-07-18,22467,16175,105153,0.00531,187.4,paid_search,55.0,968165.49,0.002448034895624694,17603.00890909091
2014-07-19,19637,14226,102829,0.00342,143.6,organic_search,51.0,797827.97,0.0025971380557111576,15643.68568627451
2014-07-20,23071,16745,125329,0.00402,303.3,direct,13.0,266514.39,0.000563477959342898,20501.106923076924
2014-07-21,23563,16839,117759,0.00444,196.9,paid_search,36.0,845000.5700000001,0.0015278190383227943,23472.238055555557
2014-07-22,20852,16050,98954,0.00471,221.2,organic_search,74.0,1592280.27,0.0035488202570496835,21517.300945945946
2014-07-23,20563,16788,99371,0.00354,307.5,referral,29.0,728074.1,0.0014103000534941399,25106.00344827586
2014-07-24,20142,15456,101375,0.00439,170.9,email_campaign,25.0,500423.14,0.0012411875682653162,20016.925600000002
2014-07-25,23097,18708,79029,0.00495,205.3,social_media,42.0,1004258.21,0.0018184179763605663,23910.90976190476
2014-07-26,24247,19552,103070,0.00472,135.3,social_media,45.0,1166418.32,0.0018558996989318265,25920.40711111111
2014-07-27,21988,16247,95568,0.0057,125.4,paid_search,45.0,881851.03,0.0020465708568309987,19596.689555555557
2014-07-28,22670,15945,97809,0.00477,130.8,organic_search,52.0,1038564.39,0.0022937803264225847,19972.392115384617
2014-07-29,18711,13949,72733,0.00386,211.0,social_media,61.0,1455645.17,0.0032601143712254824,23863.035573770492
2014-07-30,24281,17908,81246,0.00444,184.7,referral,46.0,1305373.21,0.0018944854001070796,28377.67847826087
2014-07-31,19708,14084,101207,0.00427,211.4,paid_search,108.0,2202712.68,0.005480008118530546,20395.48777777778
2014-08-01,24466,19362,115362,0.00331,296.9,social_media,83.0,1903349.31,0.0033924630098912775,22931.91939759036
2014-08-02,24590,19673,104410,0.00389,301.5,organic_search,104.0,2563754.38,0.0042293615290768605,24651.484423076923
2014-08-03,27896,22287,129445,0.00523,314.0,organic_search,91.0,1820943.95,0.0032621164324634355,20010.373076923075
2014-08-04,25170,19950,101848,0.004,107.4,paid_search,55.0,1582984.35,0.0021851410409217324,28781.533636363638
2014-08-05,25018,19903,86055,0.00353,213.4,paid_search,31.0,968743.38,0.0012391078423535054,31249.786451612905
2014-08-06,23442,17709,121906,0.00531,236.5,email_campaign,24.0,932870.26,0.0010238034297414896,38869.59416666667
2014-08-07,23454,18090,102654,0.00332,110.3,email_campaign,19.0,530516.24,0.0008100963588300503,27921.907368421053
2014-08-08,23334,18245,121130,0.0056,124.5,paid_search,25.0,813373.86,0.0010713979600582841,32534.9544
2014-08-09,25341,20285,126650,0.00446,137.0,referral,12.0,216755.72,0.0004735409020954185,18062.976666666666
2014-08-10,29231,23328,140174,0.00364,161.8,referral,13.0,262000.99,0.0004447333310526496,20153.922307692308
2014-08-11,23585,17452,106386,0.00575,210.6,referral,12.0,397278.43,0.0005087979648081408,33106.535833333335
2014-08-12,26756,19620,99842,0.00352,277.9,social_media,47.0,1185027.51,0.0017566153386156377,25213.351276595746
2014-08-13,27052,21739,105616,0.00388,105.1,email_campaign,27.0,674807.55,0.0009980777761348515,24992.872222222224
2014-08-14,24462,18052,95230,0.00415,285.7,email_campaign,21.0,409468.5,0.0008584743684081432,19498.5
2014-08-15,26593,20242,111317,0.00384,291.0,direct,12.0,241038.99,0.00045124656864588427,20086.5825
2014-08-16,23490,18504,108705,0.00548,204.7,organic_search,40.0,898196.83,0.0017028522775649213,22454.920749999997
2014-08-17,27595,19440,123897,0.00559,204.5,referral,21.0,580283.16,0.0007610074288820439,27632.53142857143
2014-08-18,24284,18786,92056,0.00337,305.5,organic_search,49.0,1139494.85,0.002017789491022896,23254.99693877551
2014-08-19,27530,20093,130665,0.00487,102.7,social_media,43.0,1138902.58,0.0015619324373410824,26486.10651162791
2014-08-20,26262,21171,141919,0.00575,116.0,organic_search,74.0,1731906.07,0.002817759500418856,23404.13608108108
2014-08-21,24400,18452,124494,0.00568,150.4,social_media,38.0,1036461.67,0.001557377049180328,27275.30710526316
2014-08-22,27609,20885,122171,0.00566,158.8,organic_search,44.0,1214673.59,0.0015936832192401029,27606.217954545456
2014-08-23,20691,14501,70328,0.00408,305.5,direct,10.0,170197.38,0.00048330191870861726,17019.738
2014-08-24,24220,16963,109986,0.0038,314.2,paid_search,42.0,984649.15,0.0017341040462427746,23444.027380952382
2014-08-25,22239,17722,121773,0.00336,281.4,organic_search,54.0,1551663.76,0.0024281667341157424,28734.514074074075
2014-08-26,26573,21345,139315,0.00468,191.5,organic_search,50.0,1671156.98,0.001881609152146916,33423.1396
2014-08-27,24745,19165,121324,0.00429,299.7,organic_search,90.0,2140450.32,0.003637098403717923,23782.781333333332
2014-08-28,24844,17570,112442,0.00358,299.5,organic_search,179.0,4373838.4,0.00720495894380937,24434.851396648046
2014-08-29,21406,16216,91997,0.00432,268.7,paid_search,130.0,2582728.93,0.006073063627020462,19867.145615384616
2014-08-30,24035,19477,110772,0.00341,115.1,paid_search,107.0,2850803.5,0.004451841065113376,26643.02336448598
2014-08-31,26386,21171,93476,0.00378,172.1,organic_search,128.0,3242113.68,0.0048510573789130595,25329.013125
2014-09-01,15632,12444,65725,0.0054,298.5,social_media,101.0,2479169.2600000002,0.006461105424769703,24546.230297029706
2014-09-02,17927,14108,89498,0.00343,121.2,social_media,10.0,264908.13,0.0005578178167010654,26490.813000000002
2014-09-03,18132,12780,84311,0.00487,182.8,social_media,14.0,351413.62,0.000772115596735054,25100.972857142857
2014-09-04,18744,14326,80286,0.0034,138.5,paid_search,24.0,621586.74,0.0012804097311139564,25899.4475
2014-09-05,16761,12802,82021,0.00432,213.2,paid_search,25.0,628701.37,0.0014915577829485115,25148.054799999998
2014-09-06,16392,12341,61013,0.00348,252.6,organic_search,35.0,762914.33,0.002135187896534895,21797.552285714286
2014-09-07,16882,11861,62446,0.00509,178.8,paid_search,32.0,744309.18,0.0018955100106622439,23259.661875
2014-09-08,19692,14268,82611,0.00414,100.4,email_campaign,14.0,237793.16999999998,0.000710948608572009,16985.226428571426
2014-09-09,17866,13307,93827,0.00571,186.8,organic_search,33.0,737085.72,0.0018470838464121795,22335.93090909091
2014-09-10,17022,12401,68700,0.00529,102.6,paid_search,18.0,484145.30999999994,0.0010574550581600281,26896.961666666662
2014-09-11,20363,16145,73927,0.00481,228.6,paid_search,32.0,816606.21,0.0015714776801060747,25518.9440625
2014-09-12,18930,14320,68622,0.00522,168.6,paid_search,34.0,592360.08,0.0017960908610670893,17422.355294117646
2014-09-13,16596,12438,69578,0.00573,144.4,email_campaign,25.0,662868.31,0.0015063870812243915,26514.7324
2014-09-14,18068,14667,86883,0.00417,218.9,paid_search,45.0,1044035.61,0.002490591100287802,23200.791333333334
2014-09-15,19576,15904,77829,0.00568,104.3,social_media,30.0,580502.57,0.0015324887617490805,19350.085666666666
2014-09-16,17833,13068,89080,0.00494,303.2,social_media,27.0,713593.51,0.001514046991532552,26429.38925925926
2014-09-17,19329,15498,74137,0.0056,286.4,direct,10.0,154928.64,0.0005173573387138497,15492.864000000001
2014-09-18,16909,12993,86844,0.00558,157.6,direct,15.0,314435.03,0.0008871015435566858,20962.335333333336
2014-09-19,17146,12184,80820,0.0058,299.5,organic_search,31.0,500837.38999999996,0.0018080018663245072,16156.044838709677
2014-09-20,18727,13698,92596,0.00536,197.7,organic_search,41.0,759120.9,0.002189352272120468,18515.143902439024
2014-09-21,20058,16359,105471,0.00371,272.6,organic_search,60.0,1651920.96,0.002991325157044571,27532.016
2014-09-22,18738,14953,90705,0.00462,232.2,direct,11.0,198652.0,0.0005870423737858897,18059.272727272728
2014-09-23,16222,11492,84429,0.00346,233.4,social_media,22.0,519170.04,0.0013561829614104303,23598.63818181818
2014-09-24,20395,14373,70771,0.00426,247.9,referral,12.0,192015.53,0.0005883795047805835,16001.294166666667
2014-09-25,16861,12170,58732,0.00516,255.7,paid_search,41.0,787238.36,0.002431646996026333,19200.935609756096
2014-09-26,16789,12429,81845,0.00347,233.0,organic_search,62.0,1218641.69,0.003692894156888439,19655.511129032257
2014-09-27,17582,13905,90452,0.00358,306.2,email_campaign,41.0,618704.03,0.0023319303833466043,15090.342195121952
2014-09-28,16535,13449,72467,0.0037,242.5,organic_search,95.0,1920908.73,0.005745388569700635,20220.09189473684
2014-09-29,18334,14785,75135,0.00411,136.3,referral,40.0,835545.23,0.0021817388458601505,20888.63075
2014-09-30,18116,14166,65756,0.0037,240.4,social_media,61.0,1192047.95,0.00336718922499448,19541.769672131148
2014-10-01,13714,11107,47236,0.00575,315.2,direct,22.0,332385.88,0.001604200087501823,15108.449090909091
2014-10-02,14951,11807,64104,0.0034,291.3,organic_search,27.0,736546.73,0.001805899270951776,27279.508518518516
2014-10-03,14457,10862,65675,0.00361,185.0,email_campaign,12.0,293180.02,0.0008300477277443454,24431.668333333335
2014-10-04,17077,12974,80251,0.00334,105.4,organic_search,33.0,804315.4199999999,0.0019324237278210458,24373.194545454542
2014-10-05,15183,11554,55577,0.00421,280.6,social_media,25.0,666270.09,0.0016465784100638872,26650.8036
2014-10-06,12954,10312,70101,0.00397,298.2,referral,24.0,649737.5,0.0018527095877721167,27072.395833333332
2014-10-07,17560,12448,82066,0.00479,144.3,organic_search,30.0,692563.32,0.0017084282460136675,23085.444
2014-10-08,15104,11381,75821,0.0052,111.5,direct,11.0,447649.6,0.0007282838983050848,40695.41818181818
2014-10-09,14880,12129,63532,0.00422,176.9,organic_search,29.0,580446.57,0.0019489247311827956,20015.39896551724
2014-10-10,13932,10677,45811,0.00478,185.8,paid_search,24.0,1028354.2,0.0017226528854435831,42848.09166666667
2014-10-11,15700,12404,51310,0.00387,192.9,referral,9.0,169137.74000000002,0.0005732484076433121,18793.082222222223
2014-10-12,13762,10895,57265,0.00372,230.1,paid_search,32.0,801350.0700000001,0.0023252434239209416,25042.189687500002
2014-10-13,15576,11706,80230,0.00343,158.6,direct,19.0,358916.94,0.0012198253723677453,18890.365263157895
2014-10-14,12392,8920,40016,0.00346,229.7,social_media,42.0,1033223.6900000001,0.0033892834086507425,24600.56404761905
2014-10-15,14941,11279,74168,0.0053,228.4,social_media,34.0,1161232.99,0.002275617428552306,34153.91147058824
2014-10-16,16025,12454,81588,0.00383,272.8,social_media,20.0,484995.06,0.0012480499219968799,24249.753
2014-10-17,12793,9282,56849,0.00388,234.7,paid_search,30.0,849675.89,0.0023450324396154148,28322.529666666665
2014-10-18,15622,11140,65864,0.00329,159.3,organic_search,43.0,1172748.78,0.00275252848546921,27273.227441860465
2014-10-19,14950,11746,62246,0.00541,155.0,organic_search,39.0,830924.77,0.0026086956521739132,21305.763333333332
2014-10-20,14868,12106,79044,0.00487,210.9,paid_search,34.0,804351.58,0.0022867904223836427,23657.399411764705
2014-10-21,15123,11498,74369,0.00499,276.3,organic_search,45.0,1242948.74,0.0029756000793493354,27621.08311111111
2014-10-22,15703,12727,57449,0.00516,278.5,direct,7.0,177257.05,0.0004457746927338725,25322.43571428571
2014-10-23,14961,11645,61683,0.00507,311.8,paid_search,22.0,493533.0,0.0014704899405119979,22433.31818181818
2014-10-24,14037,11129,57829,0.00562,272.2,organic_search,29.0,695431.86,0.0020659685117902686,23980.40896551724
2014-10-25,14637,11786,73636,0.00429,137.4,social_media,35.0,666752.79,0.0023912003825920613,19050.079714285715
2014-10-26,13360,9804,50893,0.00427,177.6,paid_search,30.0,739420.63,0.002245508982035928,24647.354333333333
2014-10-27,15039,11386,50863,0.00437,191.4,social_media,38.0,975938.23,0.0025267637475896005,25682.585
2014-10-28,14021,10144,72386,0.00396,209.1,paid_search,58.0,1418389.3,0.004136652164610228,24454.987931034484
2014-10-29,15156,11304,81976,0.00445,286.2,social_media,53.0,1371489.39,0.0034969648983900767,25877.15830188679
2014-10-30,11932,8733,43393,0.00367,249.9,organic_search,71.0,1761948.94,0.005950385517934965,24816.182253521125
2014-10-31,12268,9791,56527,0.00458,291.0,email_campaign,26.0,407990.05,0.0021193348549070753,15691.925
2014-11-01,12350,9430,59845,0.00396,132.8,social_media,34.0,925035.23,0.0027530364372469634,27206.918529411763
2014-11-02,9858,7662,48176,0.00479,213.1,direct,11.0,435798.86000000004,0.0011158449989855954,39618.078181818186
2014-11-03,9271,7343,50990,0.00336,281.7,organic_search,39.0,754832.48,0.004206665947578471,19354.678974358972
2014-11-04,12479,9521,50077,0.00322,230.8,organic_search,14.0,396766.84,0.0011218847664075647,28340.488571428574
2014-11-05,11136,8963,40264,0.00375,210.1,organic_search,24.0,682685.88,0.0021551724137931034,28445.245
2014-11-06,13338,9880,51475,0.00413,243.3,organic_search,28.0,610087.32,0.002099265257159994,21788.832857142854
2014-11-07,10458,7811,57426,0.00483,207.9,social_media,18.0,431408.05,0.0017211703958691911,23967.11388888889
2014-11-08,11955,8407,42948,0.00325,238.1,organic_search,36.0,819432.5700000001,0.00301129234629862,22762.015833333335
2014-11-09,11303,8853,41316,0.00463,292.5,email_campaign,20.0,359236.07999999996,0.0017694417411306732,17961.803999999996
2014-11-10,11746,8557,42791,0.00432,231.7,organic_search,48.0,1065619.8,0.004086497531074408,22200.412500000002
2014-11-11,13374,10001,45285,0.00382,293.5,paid_search,20.0,585904.94,0.0014954389113204726,29295.246999999996
2014-11-12,12915,9215,50492,0.00363,302.8,paid_search,28.0,500301.23,0.002168021680216802,17867.901071428572
2014-11-13,12214,9340,58391,0.00326,266.7,social_media,20.0,518466.38,0.0016374652038644178,25923.319
2014-11-14,12350,9904,50649,0.00385,278.6,email_campaign,23.0,475181.85,0.0018623481781376518,20660.08043478261
2014-11-15,14001,10578,46627,0.00481,220.0,organic_search,59.0,1342826.56,0.004213984715377473,22759.77220338983
2014-11-16,12751,9058,42064,0.00576,110.9,paid_search,28.0,567181.21,0.0021959062034350245,20256.471785714286
2014-11-17,13636,10191,74385,0.00494,259.3,paid_search,34.0,837293.0,0.0024933998239953063,24626.264705882353
2014-11-18,11650,9470,39351,0.00554,283.4,paid_search,21.0,455243.88,0.0018025751072961373,21678.28
2014-11-19,14539,11513,63846,0.00519,224.9,paid_search,19.0,320788.63,0.0013068299057706857,16883.612105263157
2014-11-20,11778,9547,62074,0.00334,126.5,paid_search,30.0,699285.35,0.0025471217524197657,23309.511666666665
2014-11-21,14690,10969,49729,0.00563,133.5,organic_search,42.0,607980.28,0.0028590878148400272,14475.720952380952
2014-11-22,11106,8861,43498,0.004,192.6,organic_search,39.0,644223.23,0.0035116153430578066,16518.54435897436
2014-11-23,11209,8434,45394,0.00378,172.4,email_campaign,18.0,231037.38,0.0016058524400035686,12835.41
2014-11-24,11794,9133,54219,0.00471,189.7,organic_search,38.0,629708.71,0.0032219772765813125,16571.28184210526
2014-11-25,13405,10873,69008,0.00448,215.9,organic_search,29.0,514945.86,0.00216337187616561,17756.75379310345
2014-11-26,13829,10685,63366,0.00372,156.6,social_media,23.0,412292.27,0.001663171595921614,17925.750869565218
2014-11-27,11438,8649,52208,0.00434,210.8,social_media,54.0,549673.12,0.004721105088302151,10179.131851851851
2014-11-28,11931,8377,47295,0.00552,181.5,paid_search,61.0,892445.1,0.005112731539686531,14630.247540983606
2014-11-29,13244,10019,49923,0.00377,276.7,referral,27.0,374614.22000000003,0.0020386590154032012,13874.600740740741
2014-11-30,12733,9914,61026,0.00361,101.6,paid_search,62.0,710646.0499999999,0.004869237414592005,11462.033064516128
2014-12-01,13705,9764,53255,0.00551,183.5,paid_search,35.0,343936.45,0.002553812477198103,9826.755714285715
2014-12-02,13930,10971,54294,0.00352,185.6,social_media,21.0,314509.77,0.001507537688442211,14976.655714285715
2014-12-03,12384,9270,45118,0.00542,261.1,social_media,19.0,324023.62,0.0015342377260981913,17053.874736842106
2014-12-04,14206,10153,52846,0.00575,255.7,organic_search,29.0,407623.77999999997,0.0020413909615655357,14055.992413793103
2014-12-05,13501,10608,49671,0.00404,232.4,social_media,22.0,511996.03,0.0016295089252647951,23272.546818181818
2014-12-06,12995,9605,70307,0.00507,282.3,social_media,22.0,409388.93,0.0016929588303193537,18608.587727272727
2014-12-07,14178,10013,75929,0.0033,151.4,direct,14.0,183103.13999999998,0.0009874453378473692,13078.795714285714
2014-12-08,10946,7808,41963,0.00535,165.9,referral,23.0,415168.71,0.0021012241914854742,18050.813478260872
2014-12-09,15116,10581,61132,0.00449,174.4,referral,17.0,212343.01,0.00112463614712887,12490.765294117647
2014-12-10,13155,10761,69185,0.0043,151.1,direct,12.0,109085.66,0.0009122006841505131,9090.471666666666
2014-12-11,12828,10374,62511,0.00451,220.4,paid_search,27.0,539594.55,0.002104770813844715,19984.983333333334
2014-12-12,14397,10681,55748,0.00423,137.5,organic_search,48.0,713565.49,0.003334027922483851,14865.947708333333
2014-12-13,15411,12030,59202,0.00537,148.9,organic_search,47.0,602874.24,0.0030497696450587242,12827.111489361701
2014-12-14,12133,9704,55972,0.00489,263.5,paid_search,43.0,618650.43,0.003544053408060661,14387.219302325582
2014-12-15,14071,10058,67194,0.00573,276.5,direct,15.0,155318.06999999998,0.001066022315400469,10354.537999999999
2014-12-16,14337,11208,71824,0.00348,121.8,referral,12.0,84096.27,0.0008369951872776732,7008.0225
2014-12-17,13526,9659,48171,0.00375,239.8,organic_search,48.0,481282.34,0.003548720981812805,10026.715416666668
2014-12-18,13579,10491,45698,0.00414,226.5,referral,17.0,143795.42,0.001251933132042124,8458.55411764706
2014-12-19,12495,9094,55293,0.00327,291.5,organic_search,47.0,530020.42,0.0037615046018407363,11277.030212765958
2014-12-20,12762,9406,55784,0.00455,277.7,social_media,45.0,444318.44,0.003526093088857546,9873.743111111111
2014-12-21,11970,8637,45192,0.00437,245.3,organic_search,86.0,823941.64,0.007184628237259816,9580.716744186047
2014-12-22,13175,10041,61750,0.00521,258.2,organic_search,88.0,867544.95,0.006679316888045541,9858.46534090909
2014-12-23,16728,12230,72737,0.0034,304.6,paid_search,57.0,484890.52999999997,0.0034074605451936872,8506.851403508772
2014-12-24,15005,11921,78947,0.00327,158.5,direct,17.0,148232.0,0.0011329556814395202,8719.529411764706
2014-12-25,14984,11307,62313,0.00371,220.9,organic_search,72.0,745550.03,0.004805125467164976,10354.861527777779
2014-12-26,12836,10452,50229,0.00339,307.3,organic_search,65.0,742561.16,0.005063882829541913,11424.017846153847
2014-12-27,12176,9846,39355,0.00378,304.0,organic_search,71.0,761633.32,0.005831143232588699,10727.22985915493
2014-12-28,14412,11054,78580,0.00438,227.0,organic_search,159.0,1867745.2,0.011032472939217318,11746.825157232704
2014-12-29,14420,11734,47763,0.00487,167.0,organic_search,154.0,1869117.25,0.010679611650485437,12137.125
2014-12-30,14751,11393,55478,0.00538,210.6,social_media,80.0,1004713.03,0.005423361128059114,12558.912875
2014-12-31,14154,10690,63205,0.00468,242.0,paid_search,98.0,1076556.14,0.006923837784371909,10985.266734693876
2015-01-01,11938,9703,49079,0.00418,304.3,paid_search,71.0,950051.29,0.0059473948735131515,13381.004084507043
2015-01-02,12631,8889,62686,0.00425,312.3,email_campaign,5.0,105079.05,0.0003958514765260074,21015.81
2015-01-03,11528,8833,40725,0.00383,249.4,organic_search,21.0,275334.35,0.0018216516308119362,13111.159523809523
2015-01-04,10546,7828,51512,0.00559,193.2,organic_search,24.0,779291.85,0.0022757443580504457,32470.493749999998
2015-01-05,11328,9200,48905,0.00357,201.0,social_media,22.0,558314.24,0.001942090395480226,25377.92
2015-01-06,9268,7471,38649,0.0051,318.3,email_campaign,6.0,260851.73,0.0006473888649115235,43475.28833333334
2015-01-07,10147,7857,33888,0.00572,121.9,social_media,15.0,311296.56,0.001478269439243126,20753.104
2015-01-08,8997,6847,34451,0.00358,198.5,social_media,15.0,300400.21,0.0016672224074691564,20026.680666666667
2015-01-09,12849,10119,58922,0.00477,190.4,referral,9.0,226333.25999999998,0.0007004436142890498,25148.14
2015-01-10,11873,8645,64601,0.00342,134.3,organic_search,22.0,535209.46,0.0018529436536679862,24327.702727272725
2015-01-11,11735,8824,58810,0.0037,224.1,organic_search,34.0,916986.96,0.0028973157221985515,26970.204705882352
2015-01-12,12986,10533,59184,0.00366,234.2,referral,9.0,241869.83,0.0006930540582165409,26874.425555555554
2015-01-13,11908,9263,38118,0.00429,317.1,referral,8.0,245768.19999999998,0.0006718172657037286,30721.024999999998
2015-01-14,12735,9340,50389,0.00507,243.2,email_campaign,8.0,202689.19999999998,0.0006281900274833137,25336.149999999998
2015-01-15,12630,9430,45764,0.00348,202.1,social_media,16.0,414489.51,0.001266825019794141,25905.594375
2015-01-16,11982,8884,42069,0.00554,294.7,organic_search,21.0,612463.91,0.0017526289434151227,29164.948095238098
2015-01-17,10268,7696,50373,0.00496,208.1,organic_search,30.0,502024.8,0.00292169848071679,16734.16
2015-01-18,10164,7618,54711,0.00522,305.3,organic_search,34.0,974967.14,0.0033451397087760726,28675.50411764706
2015-01-19,11734,8493,49230,0.00516,111.5,email_campaign,9.0,187395.79,0.0007670018748934719,20821.754444444447
2015-01-20,10857,8425,50716,0.00514,241.8,paid_search,23.0,629820.13,0.0021184489269595653,27383.483913043478
2015-01-21,11368,8795,37330,0.00558,135.7,paid_search,22.0,541600.16,0.0019352568613652356,24618.18909090909
2015-01-22,12159,9424,53924,0.00383,256.3,referral,13.0,287088.12,0.0010691668722756806,22083.701538461537
2015-01-23,13034,10656,62656,0.00508,238.1,organic_search,37.0,759512.84,0.0028387294767531074,20527.374054054053
2015-01-24,12673,9972,52366,0.00449,176.6,organic_search,42.0,1186372.0,0.0033141324074804704,28246.95238095238
2015-01-25,10995,8907,48943,0.00551,294.0,organic_search,45.0,1270103.73,0.004092769440654843,28224.52733333333
2015-01-26,12273,9523,52623,0.00366,301.7,referral,15.0,340437.63,0.0012221950623319481,22695.842
2015-01-27,12089,9078,39559,0.00398,187.2,organic_search,43.0,1263255.6199999999,0.003556952601538589,29378.037674418603
2015-01-28,12441,9685,50069,0.00544,133.2,email_campaign,23.0,645239.86,0.0018487259866570211,28053.90695652174
2015-01-29,12264,8882,42039,0.00336,142.5,email_campaign,20.0,588052.36,0.0016307893020221786,29402.618
2015-01-30,11133,7908,44130,0.00397,167.1,paid_search,29.0,868250.82,0.0026048684092338094,29939.68344827586
2015-01-31,10453,7595,51485,0.00435,123.4,email_campaign,17.0,290266.27,0.0016263273701329762,17074.486470588236
2015-02-01,15593,11059,53441,0.0052,224.8,email_campaign,29.0,793670.82,0.0018598088886038608,27367.959310344824
2015-02-02,15910,13006,61981,0.00477,116.1,paid_search,25.0,677556.72,0.0015713387806411063,27102.268799999998
2015-02-03,15721,11891,59210,0.00342,235.7,organic_search,14.0,265270.95,0.0008905285923287323,18947.925
2015-02-04,17552,12726,92236,0.00346,220.5,email_campaign,14.0,246659.63,0.0007976298997265269,17618.545000000002
2015-02-05,16196,12951,75150,0.00537,157.7,organic_search,26.0,704565.2000000001,0.0016053346505309953,27098.66153846154
2015-02-06,17363,13848,59004,0.00434,286.9,email_campaign,10.0,240857.92,0.0005759373380176237,24085.792
2015-02-07,18408,14137,78214,0.00368,301.6,email_campaign,12.0,311650.99,0.000651890482398957,25970.915833333333
2015-02-08,16090,12699,72582,0.00555,308.1,referral,12.0,340899.16,0.0007458048477315103,28408.263333333332
2015-02-09,17476,12915,60213,0.00559,106.1,paid_search,26.0,578090.34,0.001487754634927901,22234.243846153844
2015-02-10,18527,13995,66887,0.00461,264.2,organic_search,36.0,863687.72,0.0019431100555945377,23991.325555555555
2015-02-11,18408,14673,81784,0.0037,173.2,organic_search,27.0,615909.48,0.0014667535853976532,22811.46222222222
2015-02-12,16304,13006,62018,0.00398,216.9,referral,16.0,385488.36,0.0009813542688910696,24093.0225
2015-02-13,20518,15147,76117,0.0037,237.5,organic_search,33.0,692043.56,0.0016083438931669754,20971.01696969697
2015-02-14,13711,9875,60627,0.00396,282.2,direct,18.0,308473.16000000003,0.001312814528480782,17137.39777777778
2015-02-15,17280,12439,68446,0.00426,274.5,organic_search,56.0,1168729.47,0.0032407407407407406,20870.169107142858
2015-02-16,17693,12413,89965,0.00504,140.8,paid_search,61.0,1646617.66,0.0034476911773017576,26993.73213114754
2015-02-17,16802,12521,74388,0.00445,139.1,paid_search,25.0,705059.9299999999,0.0014879181049875015,28202.397199999996
2015-02-18,16725,12085,61913,0.00367,230.0,social_media,26.0,765499.77,0.001554559043348281,29442.298846153848
2015-02-19,16363,12198,79512,0.0041,130.9,organic_search,35.0,627560.08,0.0021389720711361,17930.288
2015-02-20,18730,15092,95572,0.00454,191.1,direct,15.0,449590.02,0.000800854244527496,29972.668
2015-02-21,15952,11280,70645,0.00499,312.5,organic_search,42.0,1003652.59,0.002632898696088265,23896.490238095237
2015-02-22,16431,13211,79486,0.00433,285.9,organic_search,49.0,1300093.07,0.0029821678534477512,26532.511632653062
2015-02-23,14463,11021,50731,0.00449,289.8,social_media,60.0,1702245.8599999999,0.004148516905206389,28370.764333333333
2015-02-24,17173,13667,71689,0.00513,142.9,organic_search,55.0,1439739.02,0.003202701915798055,26177.073090909093
2015-02-25,14450,11692,51345,0.00553,135.4,organic_search,105.0,2274014.1,0.00726643598615917,21657.277142857143
2015-02-26,18508,15057,88646,0.00403,254.6,organic_search,72.0,1668371.01,0.0038902096390749947,23171.819583333334
2015-02-27,14926,11229,53940,0.00545,166.2,social_media,39.0,833682.13,0.0026128902586091385,21376.464871794873
2015-02-28,15722,11744,83724,0.00401,253.2,organic_search,51.0,1189095.3900000001,0.003243862104058008,23315.595882352944
2015-03-01,21480,17584,81546,0.00414,108.6,paid_search,44.0,924659.36,0.002048417132216015,21014.985454545455
2015-03-02,22178,17801,84529,0.00567,164.9,referral,3.0,42788.880000000005,0.00013526918567950222,14262.960000000001
2015-03-03,23311,16676,118505,0.00396,302.1,paid_search,18.0,476832.38,0.0007721676461756252,26490.687777777777
2015-03-04,20723,16144,99756,0.00434,279.6,social_media,22.0,677824.25,0.0010616223519760652,30810.19318181818
2015-03-05,24841,19625,110043,0.00384,254.3,social_media,19.0,548572.92,0.000764864538464635,28872.258947368424
2015-03-06,23903,18195,115420,0.00379,149.3,social_media,35.0,1304078.54,0.0014642513492030289,37259.38685714286
2015-03-07,20579,16101,83988,0.00384,143.0,social_media,27.0,690712.04,0.0013120171048155887,25581.92740740741
2015-03-08,23101,16215,83326,0.00425,240.2,organic_search,30.0,1039292.97,0.001298645080299554,34643.099
2015-03-09,23240,17341,117770,0.00544,181.2,referral,14.0,487019.45,0.0006024096385542169,34787.103571428575
2015-03-10,23566,17258,107264,0.00547,253.6,paid_search,35.0,1184679.56,0.0014851905287278282,33847.98742857143
2015-03-11,22870,16676,97024,0.0043,111.6,organic_search,69.0,1849531.19,0.0030170529077393968,26804.799855072462
2015-03-12,28148,22855,147647,0.00566,290.4,email_campaign,18.0,332887.77,0.0006394770498792099,18493.765
2015-03-13,21363,15687,117397,0.00572,183.0,paid_search,29.0,760294.0599999999,0.001357487244300894,26217.036551724137
2015-03-14,22276,17876,89445,0.0045,269.4,paid_search,39.0,1082828.02,0.0017507631531693303,27764.821025641028
2015-03-15,22351,15744,120642,0.00361,151.0,organic_search,45.0,1119395.4,0.0020133327367903003,24875.45333333333
2015-03-16,24269,19775,108034,0.00469,195.4,organic_search,60.0,1420949.73,0.0024722897523589767,23682.4955
2015-03-17,21379,16480,69949,0.00391,176.4,paid_search,53.0,1266260.83,0.0024790682445390336,23891.713773584906
2015-03-18,18253,14079,88133,0.00349,263.0,paid_search,60.0,1473132.53,0.003287130882594642,24552.208833333334
2015-03-19,23852,18973,85968,0.00441,295.0,organic_search,69.0,1739199.8,0.0028928391749119572,25205.794202898553
2015-03-20,19678,15237,70975,0.00492,309.7,social_media,39.0,831521.0,0.001981908730562049,21321.05128205128
2015-03-21,26207,20418,100420,0.0037,118.5,social_media,36.0,799081.32,0.001373678788110047,22196.70333333333
2015-03-22,21331,16844,89042,0.00499,313.1,paid_search,53.0,1134916.35,0.0024846467582391825,21413.51603773585
2015-03-23,21839,15483,115455,0.00401,302.7,social_media,42.0,648472.6900000001,0.0019231649800815055,15439.825952380954
2015-03-24,23120,18841,108910,0.0044,246.5,paid_search,62.0,1434981.87,0.002681660899653979,23144.868870967744
2015-03-25,22944,18479,126137,0.00393,124.6,social_media,63.0,1148801.56,0.0027458158995815897,18234.9453968254
2015-03-26,27836,19713,131624,0.00349,313.9,email_campaign,39.0,637673.38,0.0014010633711740192,16350.599487179486
2015-03-27,23381,18490,127905,0.0053,185.4,email_campaign,22.0,392535.19,0.0009409349471793336,17842.508636363636
2015-03-28,23832,18925,108548,0.0048,182.9,referral,25.0,661922.15,0.0010490097348103391,26476.886000000002
2015-03-29,24705,19907,100168,0.00347,298.3,paid_search,65.0,1380022.64,0.0026310463468933415,21231.117538461538
2015-03-30,21988,15721,91135,0.00386,230.9,organic_search,182.0,3717874.67,0.00827724213207204,20427.8828021978
2015-03-31,23712,17041,118451,0.00334,235.6,organic_search,174.0,3486052.73,0.007338056680161943,20034.7858045977
2015-04-01,29410,23296,117637,0.00531,175.1,organic_search,167.0,3141019.71,0.005678340700442027,18808.50125748503
2015-04-02,30456,22808,137521,0.00407,167.6,paid_search,98.0,1992273.07,0.003217756763856055,20329.317040816328
2015-04-03,31142,23705,131744,0.0057,305.1,organic_search,123.0,2381132.63,0.0039496499903667074,19358.801869918698
2015-04-04,27051,22178,97672,0.00555,277.0,organic_search,54.0,1575793.53,0.0019962293445713653,29181.361666666668
2015-04-05,34818,26213,179530,0.00351,283.5,referral,19.0,479788.95,0.000545694755586191,25252.05
2015-04-06,32488,25628,104296,0.00415,226.6,social_media,45.0,1131759.58,0.0013851268160551588,25150.21288888889
2015-04-07,37841,28534,193746,0.00447,190.5,referral,34.0,854532.68,0.0008984963399487328,25133.31411764706
2015-04-08,31407,23603,105754,0.00472,105.7,organic_search,68.0,1749113.68,0.002165122424937116,25722.26
2015-04-09,33264,25339,131080,0.0033,311.8,email_campaign,24.0,603140.5,0.0007215007215007215,25130.854166666668
2015-04-10,31701,23905,138034,0.00324,250.5,email_campaign,33.0,589241.63,0.0010409766253430491,17855.80696969697
2015-04-11,32699,24505,156139,0.00348,235.7,social_media,50.0,910085.22,0.0015290987491972231,18201.7044
2015-04-12,33695,23984,164092,0.00457,188.3,social_media,59.0,1274068.14,0.0017510016322896571,21594.375254237286
2015-04-13,32788,25880,169275,0.0042,121.1,referral,46.0,884874.6799999999,0.0014029522996218129,19236.406086956522
2015-04-14,31794,25698,162134,0.00483,180.6,organic_search,120.0,2311801.5,0.0037742970371768257,19265.0125
2015-04-15,30748,23319,121391,0.00378,318.8,organic_search,103.0,2439546.75,0.0033498113698451934,23684.91990291262
2015-04-16,30162,22150,117724,0.00421,121.4,email_campaign,38.0,1007944.56,0.0012598634042835356,26524.856842105266
2015-04-17,34071,26707,177596,0.00406,140.7,referral,25.0,631587.34,0.0007337618502538816,25263.493599999998
2015-04-18,34778,24920,112807,0.00343,274.3,paid_search,62.0,1805852.85,0.0017827362125481627,29126.65887096774
2015-04-19,34164,25611,119369,0.00575,297.0,direct,30.0,818442.85,0.0008781173164734809,27281.428333333333
2015-04-20,33331,27313,182278,0.00567,135.3,organic_search,96.0,2409077.41,0.002880201614112988,25094.556354166667
2015-04-21,29124,22796,130729,0.00491,135.2,paid_search,94.0,2448809.7,0.003227578629309161,26051.167021276597
2015-04-22,28703,20207,137953,0.00393,191.1,organic_search,106.0,2585843.82,0.0036929937637180782,24394.753018867923
2015-04-23,33494,26912,158159,0.0041,203.7,organic_search,90.0,2662194.02,0.002687048426583866,29579.933555555555
2015-04-24,31753,22949,170691,0.00438,141.6,organic_search,79.0,1730270.66,0.0024879538941202407,21902.160253164555
2015-04-25,36571,26976,179957,0.00403,317.8,referral,43.0,1212375.98,0.0011757950288479944,28194.790232558138
2015-04-26,30907,23892,116178,0.00418,199.6,organic_search,97.0,2440873.87,0.0031384476008671173,25163.648144329898
2015-04-27,34074,24139,114811,0.00504,145.1,social_media,81.0,1993758.4100000001,0.002377179080824089,24614.30135802469
2015-04-28,31168,23641,123478,0.00521,238.8,social_media,101.0,2865491.59,0.0032405030800821354,28371.203861386137
2015-04-29,35794,25274,128333,0.00417,199.9,organic_search,176.0,4281870.47,0.004917025199754148,24328.80948863636
2015-04-30,28994,22062,150712,0.00394,267.3,direct,47.0,1308230.1600000001,0.0016210250396633786,27834.684255319153
2015-05-01,30846,24315,163628,0.00485,200.4,organic_search,144.0,3527471.75,0.004668352460610776,24496.331597222223
2015-05-02,33476,26822,182726,0.0051,219.9,organic_search,90.0,2407793.15,0.0026884932488947305,26753.257222222222
2015-05-03,24534,20051,126935,0.00326,296.2,organic_search,100.0,2202758.54,0.004075976196299014,22027.5854
2015-05-04,29719,20848,155249,0.00357,105.5,email_campaign,17.0,443186.64999999997,0.0005720246307076281,26069.80294117647
2015-05-05,28430,20543,107343,0.00343,305.4,organic_search,53.0,1211680.84,0.0018642279282448117,22861.902641509434
2015-05-06,27853,20910,131355,0.00391,307.8,organic_search,59.0,2096038.46,0.00211826374178724,35526.07559322034
2015-05-07,24031,17827,83533,0.00493,224.8,social_media,36.0,1076887.04,0.0014980649993758062,29913.52888888889
2015-05-08,29160,23034,109154,0.00429,276.5,social_media,35.0,1007515.4299999999,0.0012002743484224967,28786.15514285714
2015-05-09,31489,23349,164844,0.00453,312.1,organic_search,40.0,1115949.28,0.0012702848613801645,27898.732
2015-05-10,28854,20819,121753,0.00378,224.5,paid_search,49.0,1129430.84,0.001698204754973314,23049.608979591838
2015-05-11,30303,21569,101312,0.00498,196.4,direct,19.0,604601.89,0.000627000627000627,31821.152105263158
2015-05-12,29164,20797,132743,0.00456,251.8,organic_search,67.0,1775296.21,0.002297352900836648,26496.958358208954
2015-05-13,28695,22220,132422,0.0043,161.0,direct,26.0,856367.33,0.0009060811988151246,32937.205
2015-05-14,24060,17186,83908,0.00432,229.1,email_campaign,33.0,848669.91,0.001371571072319202,25717.27
2015-05-15,27784,22574,100088,0.00467,250.7,organic_search,57.0,1755400.78,0.002051540454938094,30796.504912280703
2015-05-16,25165,19778,109606,0.0038,212.9,paid_search,57.0,1310585.18,0.002265050665606994,22992.72245614035
2015-05-17,32410,24265,113804,0.00405,301.7,referral,39.0,1201441.74,0.0012033323048441838,30806.19846153846
2015-05-18,26179,20898,133705,0.0038,132.7,social_media,53.0,1274236.22,0.00202452347301272,24042.19283018868
2015-05-19,29063,21602,150346,0.0054,276.9,organic_search,100.0,2522392.94,0.0034408010184771016,25223.9294
2015-05-20,30494,24191,126406,0.00357,298.0,social_media,76.0,1941704.03,0.0024922935659473996,25548.737236842106
2015-05-21,29062,20606,123437,0.00395,258.7,paid_search,73.0,2020451.8,0.0025118711719771523,27677.42191780822
2015-05-22,27267,20288,149515,0.00474,143.0,organic_search,81.0,1893653.51,0.002970623831004511,23378.43839506173
2015-05-23,30173,23985,100559,0.00439,210.6,paid_search,60.0,1604543.57,0.001988532794219998,26742.392833333335
2015-05-24,27244,19433,90867,0.0044,116.7,organic_search,68.0,1598872.61,0.0024959624137424756,23512.8325
2015-05-25,29094,21740,129228,0.00544,260.9,organic_search,70.0,1743798.78,0.0024059943630989206,24911.411142857145
2015-05-26,27670,21242,95316,0.00342,227.0,organic_search,73.0,1897236.68,0.0026382363570654137,25989.543561643834
2015-05-27,26401,20469,119105,0.00574,183.6,organic_search,116.0,3159126.84,0.004393772963145336,27233.852068965516
2015-05-28,27850,20116,89456,0.00419,178.6,organic_search,115.0,3082271.54,0.004129263913824057,26802.361217391306
2015-05-29,34451,27090,172863,0.00381,116.7,referral,31.0,817684.54,0.0008998287422716322,26376.92064516129
2015-05-30,30967,24404,149751,0.00464,283.9,social_media,109.0,2678441.51,0.0035198759970290956,24572.857889908253
2015-05-31,27874,21527,109033,0.00366,233.5,referral,55.0,1167711.1,0.001973164956590371,21231.110909090912
2015-06-01,29318,22266,98658,0.00505,192.2,social_media,107.0,2763737.71,0.0036496350364963502,25829.324392523366
2015-06-02,30701,24975,126635,0.00557,295.3,organic_search,134.0,3076691.96,0.0043646786749617274,22960.38776119403
2015-06-03,32446,23589,166997,0.00538,212.1,referral,63.0,1592638.16,0.0019416877273007458,25279.97079365079
2015-06-04,28794,21415,121730,0.00523,162.3,email_campaign,19.0,595189.05,0.0006598596929915955,31325.739473684214
2015-06-05,28463,19935,144463,0.00338,200.7,paid_search,37.0,1208356.6,0.001299933246671117,32658.28648648649
2015-06-06,34892,28589,164211,0.00538,156.8,organic_search,45.0,1415560.8,0.0012896939126447323,31456.90666666667
2015-06-07,32243,25956,145312,0.00547,256.8,social_media,39.0,1298305.91,0.0012095648667927923,33289.89512820513
2015-06-08,32199,25978,170674,0.00433,298.5,referral,31.0,884545.11,0.0009627628187210783,28533.713225806452
2015-06-09,27727,19941,145314,0.00511,281.4,email_campaign,33.0,916605.13,0.0011901756410718793,27775.91303030303
2015-06-10,31622,24009,125377,0.00399,108.2,social_media,44.0,1339912.9,0.0013914363417873632,30452.565909090907
2015-06-11,32332,23402,159377,0.00487,194.3,organic_search,55.0,1655421.1600000001,0.0017011010763330447,30098.56654545455
2015-06-12,24605,19576,116966,0.00362,266.6,social_media,48.0,1339316.74,0.0019508230034545825,27902.432083333333
2015-06-13,31158,23057,166081,0.00423,247.0,paid_search,43.0,784558.25,0.001380062905192888,18245.54069767442
2015-06-14,29214,21013,150301,0.00444,188.2,social_media,39.0,1316738.33,0.0013349763811871022,33762.52128205128
2015-06-15,32287,25912,128566,0.0041,238.4,social_media,55.0,1561431.74,0.0017034719856288908,28389.668
2015-06-16,26776,19786,104352,0.00375,171.3,paid_search,69.0,1586401.26,0.002576934568270093,22991.322608695653
2015-06-17,35371,28846,155050,0.00422,217.0,social_media,52.0,1194577.94,0.0014701308981934353,22972.652692307693
2015-06-18,30266,22102,104739,0.00461,287.7,social_media,49.0,1491450.8699999999,0.0016189783915945286,30437.772857142856
2015-06-19,35795,27659,158232,0.0037,319.2,email_campaign,18.0,513613.76999999996,0.0005028635284257578,28534.09833333333
2015-06-20,29012,20477,144998,0.00366,212.1,social_media,47.0,1152714.97,0.001620019302357645,24525.850425531913
2015-06-21,34568,26635,143948,0.00475,197.6,paid_search,50.0,1359928.06,0.0014464244387873177,27198.5612
2015-06-22,30368,24526,101421,0.00401,116.0,social_media,59.0,1951355.55,0.0019428345626975763,33073.82288135593
2015-06-23,34822,25528,161315,0.00495,192.0,paid_search,70.0,1456954.02,0.002010223421974614,20813.628857142856
2015-06-24,27399,19217,103711,0.0045,284.5,paid_search,65.0,1841822.95,0.0023723493558159055,28335.73769230769
2015-06-25,31624,25240,150529,0.00522,175.0,referral,31.0,737318.84,0.0009802681507715659,23784.47870967742
2015-06-26,30769,22895,140394,0.00476,263.6,organic_search,64.0,1018155.47,0.002080015600117001,15908.67921875
2015-06-27,29801,24190,145509,0.0052,127.8,direct,21.0,510380.42,0.0007046743397872555,24303.829523809523
2015-06-28,24381,17220,129189,0.00446,183.9,social_media,63.0,988324.75,0.002583979328165375,15687.694444444445
2015-06-29,34732,24375,156417,0.0044,233.6,social_media,91.0,1342774.32,0.002620062190487159,14755.761758241759
2015-06-30,33102,24296,110641,0.00552,106.5,paid_search,125.0,1960940.76,0.0037762068757174793,15687.52608
2015-07-01,20602,16457,79358,0.00357,300.4,paid_search,109.0,1675367.52,0.005290748471022231,15370.344220183486
2015-07-02,27231,22131,124329,0.00527,225.1,email_campaign,64.0,1000862.13,0.002350262568396313,15638.47078125
2015-07-03,24958,18340,128945,0.00516,246.9,paid_search,60.0,1058998.86,0.0024040387851590674,17649.981000000003
2015-07-04,24138,19174,106014,0.0036,149.3,email_campaign,2.0,35540.61,8.285690612312537e-05,17770.305
2015-07-05,26737,19679,85774,0.00547,176.4,organic_search,39.0,799095.46,0.001458652803231477,20489.62717948718
2015-07-06,26606,19213,138752,0.00526,289.1,email_campaign,11.0,128851.51,0.00041344057731338796,11713.773636363636
2015-07-07,26622,20411,87438,0.00323,235.9,social_media,37.0,810970.21,0.0013898279618360754,21918.11378378378
2015-07-08,22401,17945,112821,0.00413,315.0,paid_search,40.0,844041.71,0.001785634569885273,21101.04275
2015-07-09,22941,16968,76486,0.00515,198.5,paid_search,48.0,1035637.66,0.0020923237871060545,21575.784583333334
2015-07-10,20649,15288,99177,0.00343,211.5,paid_search,35.0,652991.8,0.001694997336432757,18656.908571428572
2015-07-11,26986,19812,119096,0.00563,286.6,organic_search,49.0,947833.45,0.001815756318090862,19343.539795918365
2015-07-12,23368,16615,87437,0.00531,251.4,paid_search,44.0,798869.48,0.0018829168093118796,18156.124545454546
2015-07-13,24986,19531,92624,0.00326,246.7,social_media,27.0,436377.75,0.0010806051388777716,16162.138888888889
2015-07-14,25268,19699,122868,0.00566,289.2,organic_search,57.0,966105.81,0.0022558176349533007,16949.224736842105
2015-07-15,28980,22939,141557,0.00442,298.6,organic_search,70.0,1304891.09,0.0024154589371980675,18641.301285714286
2015-07-16,25987,18625,134344,0.00329,226.6,email_campaign,32.0,561636.22,0.0012313849232308462,17551.131875
2015-07-17,23621,17228,123032,0.00372,132.5,referral,11.0,300867.25,0.00046568731213750476,27351.56818181818
2015-07-18,22256,17049,73505,0.0036,257.0,social_media,34.0,687773.45,0.0015276779295470885,20228.63088235294
2015-07-19,25777,19987,102382,0.0049,274.0,paid_search,52.0,1121930.33,0.0020173022461884627,21575.58326923077
2015-07-20,21426,15804,83474,0.00333,129.4,email_campaign,24.0,400947.48,0.0011201344161299357,16706.145
2015-07-21,26411,20585,89690,0.00552,154.0,organic_search,61.0,1444299.37,0.0023096437090606185,23677.03885245902
2015-07-22,25454,20168,116758,0.0053,250.4,paid_search,54.0,1310174.86,0.002121474031586391,24262.49740740741
2015-07-23,25169,19631,112460,0.00453,134.2,direct,26.0,628015.36,0.0010330168063888117,24154.436923076923
2015-07-24,27430,19435,98020,0.00353,162.0,referral,16.0,466748.32,0.0005833029529711994,29171.77
2015-07-25,26582,18972,92409,0.00486,232.8,organic_search,53.0,1780077.55,0.0019938304115566926,33586.36886792453
2015-07-26,25938,19698,133086,0.00564,296.1,organic_search,55.0,1403903.58,0.0021204410517387615,25525.51963636364
2015-07-27,24503,19723,94009,0.00443,296.6,social_media,49.0,1539395.6099999999,0.00199975513202465,31416.236938775506
2015-07-28,24684,17484,103037,0.00322,198.9,organic_search,87.0,2091846.45,0.003524550315994166,24044.212068965517
2015-07-29,23935,17376,101797,0.00454,115.3,referral,33.0,1114693.83,0.0013787340714434928,33778.600909090914
2015-07-30,28283,19983,112059,0.00334,210.8,email_campaign,63.0,1156309.6099999999,0.002227486475974967,18354.120793650793
2015-07-31,27777,21301,142543,0.00523,166.3,referral,33.0,1043788.83,0.0011880332649314182,31629.964545454543
2015-08-01,25416,19592,107939,0.00333,303.8,paid_search,103.0,2034583.31,0.004052565313188543,19753.236019417476
2015-08-02,25347,18517,89162,0.0034,101.9,direct,25.0,422788.13,0.0009863100169645322,16911.5252
2015-08-03,28461,21974,110496,0.00447,157.9,email_campaign,37.0,565570.3099999999,0.0013000245950599066,15285.684054054052
2015-08-04,26191,21319,119413,0.0047,232.5,paid_search,43.0,722891.54,0.0016417853461112597,16811.431162790697
2015-08-05,29226,21369,95035,0.00445,299.2,organic_search,57.0,911149.48,0.00195031820981318,15985.078596491228
2015-08-06,24693,18406,96182,0.00357,116.8,paid_search,28.0,531727.46,0.001133924594014498,18990.266428571427
2015-08-07,26800,19332,117374,0.00455,287.7,email_campaign,14.0,198920.09,0.0005223880597014925,14208.577857142856
2015-08-08,26294,19881,138084,0.00368,207.6,paid_search,29.0,411939.96,0.0011029132121396516,14204.826206896552
2015-08-09,23894,18799,78998,0.00461,173.7,email_campaign,16.0,314244.43,0.0006696241734326609,19640.276875
2015-08-10,28341,21424,125275,0.00435,283.0,organic_search,42.0,686738.12,0.0014819519424155816,16350.907619047619
2015-08-11,25098,17651,83606,0.00328,164.8,paid_search,39.0,604688.1799999999,0.0015539086779823093,15504.825128205126
2015-08-12,27210,19954,143071,0.00545,316.4,email_campaign,33.0,562081.85,0.0012127894156560089,17032.783333333333
2015-08-13,23810,16914,125846,0.00524,233.1,email_campaign,19.0,193340.81,0.0007979840403191936,10175.832105263158
2015-08-14,27482,20412,94726,0.00378,149.4,paid_search,34.0,563112.76,0.0012371734226038862,16562.14
2015-08-15,24803,20079,101731,0.00565,298.7,organic_search,32.0,558471.86,0.00129016651211547,17452.245625
2015-08-16,30678,21654,114864,0.00342,260.0,paid_search,50.0,640597.53,0.0016298324532238086,12811.9506
2015-08-17,25286,18149,127955,0.00353,244.6,organic_search,49.0,757767.31,0.001937831210946769,15464.638979591839
2015-08-18,26259,18641,139980,0.00563,175.5,paid_search,49.0,919309.76,0.0018660268860200312,18761.423673469388
2015-08-19,28515,20565,102526,0.00487,256.8,social_media,42.0,641647.57,0.0014729089952656496,15277.323095238095
2015-08-20,26047,19340,94210,0.0042,245.5,referral,21.0,432039.23,0.0008062348830959419,20573.296666666665
2015-08-21,27624,20884,104074,0.00447,115.3,paid_search,32.0,542961.56,0.0011584129742253113,16967.54875
2015-08-22,28267,20186,105913,0.00386,291.8,paid_search,30.0,405826.72,0.001061308239289631,13527.557333333332
2015-08-23,26494,18687,102152,0.00358,195.3,paid_search,39.0,501596.84,0.0014720314033366045,12861.457435897437
2015-08-24,26670,19153,98635,0.00409,201.0,organic_search,47.0,638986.7,0.0017622797150356206,13595.461702127659
2015-08-25,29244,22860,123604,0.00499,274.9,paid_search,56.0,800773.37,0.0019149227191902613,14299.524464285714
2015-08-26,24536,18480,127640,0.00569,196.1,referral,19.0,298480.14,0.0007743723508314313,15709.48105263158
2015-08-27,26269,19468,91099,0.00459,113.8,organic_search,73.0,1097404.42,0.0027789409570215845,15032.937260273971
2015-08-28,26954,19364,144057,0.00446,313.7,email_campaign,81.0,1136392.3,0.003005119833790903,14029.534567901235
2015-08-29,28818,22955,158022,0.00377,282.4,referral,58.0,859525.98,0.0020126309945173153,14819.413448275862
2015-08-30,27508,20195,109859,0.00422,271.8,organic_search,149.0,1965133.51,0.005416606078231787,13188.815503355705
2015-08-31,27293,19240,139809,0.00483,216.6,paid_search,111.0,1581765.71,0.004066976880518814,14250.141531531532
2015-09-01,17480,13262,57096,0.00368,263.9,social_media,85.0,1219557.3,0.004862700228832952,14347.732941176471
2015-09-02,20702,16666,69558,0.00328,118.3,paid_search,21.0,419638.85,0.0010143947444691333,19982.80238095238
2015-09-03,19328,13739,62074,0.00364,230.8,organic_search,35.0,603003.73,0.001810844370860927,17228.678
2015-09-04,21904,15874,107607,0.00385,101.7,organic_search,36.0,758793.16,0.001643535427319211,21077.58777777778
2015-09-05,19156,14479,82375,0.00548,314.9,email_campaign,18.0,371954.88,0.0009396533723115473,20664.16
2015-09-06,19448,15772,68250,0.0033,237.6,social_media,53.0,1349246.8,0.002725215960510078,25457.48679245283
2015-09-07,17684,14118,69916,0.00564,283.5,paid_search,51.0,1140170.84,0.0028839629043202896,22356.290980392158
2015-09-08,19746,13838,93992,0.00498,132.1,organic_search,50.0,1080702.29,0.002532158411830244,21614.0458
2015-09-09,18587,13758,87916,0.00414,190.1,direct,9.0,125937.00000000001,0.00048420939366223707,13993.000000000002
2015-09-10,17610,13778,62257,0.00377,181.3,email_campaign,24.0,433039.56,0.001362862010221465,18043.315
2015-09-11,18890,15028,78439,0.0033,206.7,organic_search,64.0,1428095.78,0.0033880359978824773,22313.9965625
2015-09-12,15341,11807,51281,0.00518,277.5,direct,27.0,510576.99,0.0017599895704321752,18910.25888888889
2015-09-13,20180,15018,102993,0.00522,180.8,social_media,43.0,902983.43,0.0021308225966303273,20999.614651162792
2015-09-14,19576,14212,86422,0.00348,191.2,referral,31.0,790678.4299999999,0.0015835717204740498,25505.755806451612
2015-09-15,22012,16729,90723,0.00422,306.3,paid_search,37.0,846952.15,0.001680901326549155,22890.59864864865
2015-09-16,19650,14065,86514,0.00321,258.3,paid_search,48.0,970743.61,0.0024427480916030535,20223.825208333332
2015-09-17,20086,14356,100816,0.00458,138.9,organic_search,45.0,941090.0800000001,0.0022403664243751866,20913.11288888889
2015-09-18,17602,13602,88389,0.00519,305.5,social_media,47.0,877209.08,0.002670151119191001,18664.022978723402
2015-09-19,20896,15411,111247,0.00568,164.4,organic_search,65.0,1491298.18,0.0031106431852986217,22943.048923076924
2015-09-20,18429,13587,76753,0.00346,271.9,organic_search,77.0,1703590.88,0.0041781974062618694,22124.556883116882
2015-09-21,19819,16050,66316,0.00466,290.2,organic_search,77.0,1723120.64,0.0038851607043745903,22378.190129870127
2015-09-22,19877,16252,63995,0.00436,103.3,email_campaign,26.0,599116.89,0.0013080444735120995,23042.957307692308
2015-09-23,17652,13079,71664,0.00387,318.0,social_media,44.0,1165358.47,0.002492635395422615,26485.419772727273
2015-09-24,20962,15512,82371,0.00424,137.4,referral,23.0,436559.79,0.001097223547371434,18980.860434782608
2015-09-25,19659,15631,106872,0.00479,167.2,referral,29.0,652451.4,0.0014751513301795615,22498.324137931035
2015-09-26,21009,17168,108813,0.00407,179.5,paid_search,54.0,951304.43,0.002570327002713123,17616.748703703706
2015-09-27,21844,16369,117349,0.00536,133.1,organic_search,139.0,2752763.04,0.006363303424281267,19804.050647482014
2015-09-28,18337,14106,67729,0.00556,111.4,referral,30.0,619343.39,0.0016360364290778208,20644.779666666665
2015-09-29,19122,13426,94406,0.00501,221.6,paid_search,65.0,1255666.7,0.0033992260223825958,19317.94923076923
2015-09-30,17523,13440,57686,0.00509,284.6,organic_search,76.0,1506624.83,0.004337156879529761,19824.01092105263
2015-10-01,15491,12315,66956,0.00415,207.8,organic_search,66.0,1385881.09,0.0042605383771222,20998.198333333334
2015-10-02,15982,11755,61202,0.00443,145.3,organic_search,22.0,548140.48,0.0013765486171943436,24915.476363636364
2015-10-03,15008,11370,68639,0.00362,168.3,paid_search,30.0,939725.98,0.0019989339019189766,31324.199333333334
2015-10-04,16759,12375,73139,0.00327,180.2,social_media,34.0,855117.2999999999,0.002028760665910854,25150.50882352941
2015-10-05,14395,11749,68728,0.00386,233.3,social_media,34.0,995367.68,0.0023619312261201806,29275.52
2015-10-06,15319,11322,72555,0.00457,148.8,social_media,32.0,862844.52,0.002088909197728311,26963.89125
2015-10-07,15755,12150,79517,0.00417,126.0,social_media,30.0,939737.96,0.001904157410345922,31324.598666666665
2015-10-08,16564,12299,67620,0.00364,234.3,paid_search,21.0,529351.17,0.0012678097078000483,25207.198571428573
2015-10-09,16177,12022,57239,0.004,187.9,social_media,23.0,685376.34,0.0014217716511096,29798.971304347826
2015-10-10,13914,10751,56445,0.00402,225.7,social_media,17.0,564364.86,0.0012217910018686214,33197.93294117647
2015-10-11,15458,11617,62989,0.00495,105.9,organic_search,37.0,994088.45,0.0023935826109457888,26867.255405405405
2015-10-12,13664,10610,66043,0.00366,170.8,direct,19.0,751393.76,0.0013905152224824356,39547.04
2015-10-13,15985,11660,56565,0.00385,159.9,paid_search,46.0,1117567.55,0.0028776978417266188,24294.946739130435
2015-10-14,16989,12008,81718,0.00565,204.6,social_media,18.0,541380.29,0.0010595090941197245,30076.68277777778
2015-10-15,16071,11596,79890,0.00558,250.1,referral,11.0,222548.09000000003,0.0006844626967830253,20231.644545454546
2015-10-16,14652,10534,79371,0.00322,112.9,referral,9.0,211007.23,0.0006142506142506142,23445.24777777778
2015-10-17,17243,12612,76928,0.00373,301.8,referral,11.0,190914.9,0.0006379400336368381,17355.899999999998
2015-10-18,16988,13378,69191,0.00326,297.0,organic_search,44.0,1180095.67,0.0025900635742877325,26820.356136363636
2015-10-19,14648,10830,77608,0.00512,196.3,social_media,48.0,1205722.64,0.0032768978700163844,25119.221666666665
2015-10-20,15301,12493,60371,0.0043,204.7,organic_search,66.0,1629276.37,0.004313443565780014,24686.005606060608
2015-10-21,15121,11856,74851,0.0043,221.2,direct,11.0,287971.21,0.0007274651147410885,26179.200909090912
2015-10-22,15219,10773,73159,0.00366,243.2,paid_search,26.0,449030.97,0.0017083908272554043,17270.421923076923
2015-10-23,16428,11814,86432,0.00338,274.9,organic_search,41.0,970737.6,0.002495738982225469,23676.526829268292
2015-10-24,15087,11501,52076,0.00532,204.3,direct,18.0,564719.84,0.0011930801352157488,31373.324444444443
2015-10-25,17383,13762,79446,0.00531,198.3,paid_search,40.0,939650.34,0.0023010987746649027,23491.2585
2015-10-26,17645,14292,56926,0.00503,254.4,email_campaign,18.0,452952.33999999997,0.0010201190138849532,25164.018888888888
2015-10-27,14318,11717,68167,0.00391,247.7,social_media,39.0,974740.95,0.0027238441123061882,24993.35769230769
2015-10-28,15923,11322,78474,0.00414,318.6,organic_search,91.0,2182954.67,0.005715003454122966,23988.512857142858
2015-10-29,14579,11450,70402,0.00421,279.4,referral,24.0,519812.93,0.001646203443308869,21658.872083333332
2015-10-30,16283,12617,79766,0.00428,317.0,referral,34.0,846395.37,0.002088067309463858,24893.981470588235
2015-10-31,16765,12368,64584,0.00333,264.3,paid_search,52.0,1378802.8699999999,0.003101699970175962,26515.439807692306
2015-11-01,12648,10110,61721,0.0043,226.0,organic_search,82.0,1851802.1099999999,0.006483238456672992,22582.95256097561
2015-11-02,12291,9842,59045,0.00511,119.3,social_media,27.0,767760.58,0.002196729314132292,28435.577037037034
2015-11-03,14430,11020,55418,0.00434,156.1,email_campaign,9.0,314159.32,0.0006237006237006237,34906.59111111111
2015-11-04,12298,9471,52741,0.00379,280.0,organic_search,24.0,735428.95,0.0019515368352577655,30642.872916666664
2015-11-05,13451,9497,53142,0.00337,125.6,organic_search,22.0,527564.88,0.0016355661289123484,23980.221818181817
2015-11-06,14154,11094,47606,0.00363,271.6,paid_search,31.0,670027.54,0.0021901935848523384,21613.791612903227
2015-11-07,13272,10281,62761,0.00549,213.8,organic_search,38.0,710063.0,0.002863170584689572,18685.86842105263
2015-11-08,12234,9118,61007,0.00563,142.0,paid_search,27.0,770606.91,0.002206964198136341,28540.99666666667
2015-11-09,14367,11128,65336,0.00464,129.1,direct,6.0,88614.82,0.00041762372102735435,14769.136666666667
2015-11-10,14088,9978,68221,0.00543,265.4,email_campaign,10.0,99870.56,0.0007098239636570131,9987.056
2015-11-11,13290,10715,59892,0.00372,267.8,paid_search,31.0,869528.41,0.002332580887885628,28049.3035483871
2015-11-12,13903,11236,61201,0.00525,265.5,email_campaign,21.0,637767.71,0.001510465367186938,30369.89095238095
2015-11-13,14681,11365,65735,0.00548,291.3,organic_search,39.0,878069.18,0.0026564947891832983,22514.594358974362
2015-11-14,14789,10949,77847,0.00378,152.6,paid_search,41.0,1261100.81,0.002772330786395294,30758.556341463416
2015-11-15,12535,8911,64069,0.00569,192.7,organic_search,62.0,1489679.04,0.004946150777822098,24027.08129032258
2015-11-16,12803,10408,47243,0.00328,213.7,paid_search,33.0,1124045.06,0.0025775208935405764,34061.97151515152
2015-11-17,11316,8912,55403,0.0041,159.0,social_media,26.0,556948.96,0.002297631671968894,21421.113846153843
2015-11-18,14680,11931,52971,0.00396,172.7,organic_search,33.0,710645.39,0.0022479564032697546,21534.70878787879
2015-11-19,14557,10588,76901,0.00448,148.6,social_media,33.0,580614.66,0.0022669506079549357,17594.383636363636
2015-11-20,13750,10076,61102,0.00364,313.1,paid_search,38.0,821815.25,0.0027636363636363635,21626.717105263157
2015-11-21,14699,11383,52048,0.00477,114.2,email_campaign,10.0,223835.86,0.0006803183890060549,22383.586
2015-11-22,14679,11250,71235,0.0042,300.4,organic_search,44.0,700542.28,0.0029974793923291778,15921.415454545455
2015-11-23,11714,8250,63229,0.00466,296.4,referral,5.0,76640.33,0.0004268396790165614,15328.066
2015-11-24,12523,9994,60988,0.00432,110.0,direct,6.0,90012.98,0.0004791184221033299,15002.163333333332
2015-11-25,12747,9371,64179,0.00438,284.6,email_campaign,14.0,226923.02000000002,0.001098297638660077,16208.787142857143
2015-11-26,12460,9654,42889,0.00506,298.6,organic_search,49.0,711023.36,0.003932584269662922,14510.68081632653
2015-11-27,12408,9099,58532,0.00324,296.5,social_media,77.0,968567.72,0.0062056737588652485,12578.801558441559
2015-11-28,14692,11241,73086,0.00387,125.4,organic_search,99.0,1275980.24,0.006738361012796079,12888.689292929294
2015-11-29,14441,11536,75285,0.00434,139.2,organic_search,108.0,1182071.87,0.007478706460771415,10945.109907407408
2015-11-30,12771,9548,63965,0.00351,313.2,paid_search,61.0,751973.8,0.0047764466369117535,12327.439344262295
2015-12-01,13668,10021,61441,0.00504,104.1,social_media,39.0,447781.18,0.0028533801580333624,11481.568717948718
2015-12-02,14048,10903,54556,0.00522,305.8,email_campaign,6.0,113330.61,0.00042710706150341686,18888.435
2015-12-03,15464,11963,51678,0.00531,318.5,referral,7.0,77606.67,0.0004526642524573202,11086.667142857143
2015-12-04,13738,10323,50602,0.00443,204.8,paid_search,18.0,222690.31,0.0013102343863735624,12371.683888888889
2015-12-05,14548,10998,63227,0.00394,236.1,referral,8.0,159410.45,0.0005499037668408029,19926.30625
2015-12-06,13375,10438,68771,0.00531,231.9,email_campaign,17.0,179396.01,0.0012710280373831775,10552.706470588237
2015-12-07,14667,11431,68419,0.00517,281.9,email_campaign,15.0,176467.91999999998,0.0010227040294538761,11764.527999999998
2015-12-08,15215,11241,69929,0.00354,227.8,organic_search,35.0,647214.6,0.0023003614853762734,18491.845714285715
2015-12-09,16326,12045,69015,0.00545,269.1,paid_search,22.0,250946.34,0.001347543795173343,11406.651818181817
2015-12-10,13711,11067,50285,0.00326,244.5,email_campaign,14.0,165293.94,0.0010210779665961636,11806.710000000001
2015-12-11,15391,11318,67959,0.00357,177.7,organic_search,40.0,456950.32,0.0025989214475992464,11423.758
2015-12-12,15008,11400,58168,0.00565,270.1,social_media,30.0,472896.92,0.0019989339019189766,15763.230666666666
2015-12-13,14700,10463,68140,0.00367,102.5,organic_search,50.0,540323.74,0.003401360544217687,10806.4748
2015-12-14,12967,10202,49267,0.00499,217.9,referral,19.0,306120.45,0.0014652579625202436,16111.602631578948
2015-12-15,16132,13098,70312,0.00531,151.0,paid_search,44.0,514054.71,0.002727498140342177,11683.061590909092
2015-12-16,13212,9707,43582,0.00465,122.7,organic_search,50.0,534054.8,0.0037844383893430216,10681.096000000001
2015-12-17,15145,12005,79733,0.0047,109.1,social_media,26.0,368379.83,0.0017167381974248926,14168.455
2015-12-18,14745,11612,50065,0.00383,270.4,paid_search,39.0,475707.16,0.002644964394710071,12197.619487179487
2015-12-19,16727,11842,75482,0.00349,151.1,referral,15.0,115019.25,0.0008967537514198601,7667.95
2015-12-20,15075,12232,52971,0.00382,136.8,organic_search,80.0,1036328.91,0.005306799336650083,12954.111375
2015-12-21,15716,12497,71525,0.00505,230.1,social_media,51.0,710757.14,0.0032451005344871467,13936.414509803923
2015-12-22,13743,11031,72308,0.00512,275.6,referral,21.0,222971.38,0.0015280506439641999,10617.684761904762
2015-12-23,14154,10824,63423,0.00538,286.7,social_media,60.0,728495.73,0.00423908435777872,12141.5955
2015-12-24,14389,11654,63948,0.00408,166.1,organic_search,45.0,690991.32,0.003127388977691292,15355.362666666666
2015-12-25,16343,12402,55203,0.00376,119.6,paid_search,41.0,595651.0499999999,0.0025087193293764913,14528.0743902439
2015-12-26,14081,10396,48105,0.00558,119.1,social_media,62.0,611620.88,0.004403096370996378,9864.852903225807
2015-12-27,16176,13022,57718,0.00532,125.2,organic_search,108.0,1213190.59,0.0066765578635014835,11233.246203703704
2015-12-28,14045,10009,69532,0.00339,180.1,organic_search,160.0,1735958.8900000001,0.011391954432182272,10849.743062500002
2015-12-29,16001,12904,61587,0.00421,125.4,organic_search,143.0,1458799.45,0.008936941441159928,10201.394755244755
2015-12-30,15819,12433,69094,0.00425,199.2,email_campaign,54.0,662421.01,0.0034136165370756686,12267.055740740741
2015-12-31,15303,11679,75173,0.00347,257.3,paid_search,87.0,1056056.44,0.005685159772593609,12138.579770114942
2016-01-01,11641,8712,37634,0.00559,267.3,email_campaign,47.0,764699.1100000001,0.004037453826990808,16270.193829787237
2016-01-02,10947,8044,55830,0.00365,221.4,organic_search,26.0,951695.4,0.0023750799305745866,36603.66923076923
2016-01-03,13218,9831,64885,0.00565,208.5,paid_search,22.0,635602.87,0.0016643970343471024,28891.039545454547
2016-01-04,12375,9643,63066,0.00517,275.2,paid_search,20.0,507205.06,0.0016161616161616162,25360.253
2016-01-05,11134,8762,40671,0.0044,203.1,email_campaign,7.0,197431.72999999998,0.0006287048679719777,28204.532857142854
2016-01-06,12757,10309,67093,0.00373,138.2,paid_search,19.0,727913.96,0.001489378380496982,38311.26105263158
2016-01-07,11373,8618,59432,0.00412,312.2,social_media,20.0,636331.27,0.0017585509540138926,31816.5635
2016-01-08,9490,7221,37150,0.00395,172.4,organic_search,26.0,769141.16,0.0027397260273972603,29582.35230769231
2016-01-09,13256,9596,46353,0.00436,277.3,paid_search,21.0,622387.87,0.001584188292094146,29637.51761904762
2016-01-10,13236,9859,64108,0.00484,105.5,email_campaign,17.0,568929.51,0.0012843759443940768,33466.44176470588
2016-01-11,12641,9828,60451,0.00336,167.7,direct,9.0,236182.85,0.0007119689897951111,26242.53888888889
2016-01-12,11876,9485,56311,0.00546,305.4,organic_search,29.0,804706.78,0.002441899629504884,27748.509655172416
2016-01-13,10067,8114,39608,0.00357,206.5,email_campaign,19.0,411268.87,0.0018873547233535313,21645.73
2016-01-14,13932,10319,69298,0.00395,271.2,social_media,19.0,590469.0,0.0013637668676428367,31077.315789473683
2016-01-15,12653,10155,55447,0.00452,290.1,paid_search,31.0,1115478.65,0.002450011854896072,35983.18225806452
2016-01-16,11445,8556,46538,0.0035,136.4,direct,10.0,206424.5,0.0008737439930100481,20642.45
2016-01-17,10008,7752,45333,0.00414,250.9,paid_search,39.0,1208557.25,0.0038968824940047962,30988.647435897437
2016-01-18,11770,9405,46667,0.00419,228.5,referral,10.0,245543.73,0.0008496176720475786,24554.373
2016-01-19,10942,8319,56962,0.00515,115.0,paid_search,25.0,539935.5,0.0022847742643026868,21597.42
2016-01-20,12385,10034,39639,0.00577,222.4,social_media,20.0,573904.7200000001,0.0016148566814695195,28695.236000000004
2016-01-21,11496,8327,61265,0.00467,291.0,email_campaign,22.0,637965.7,0.0019137091162143354,28998.440909090907
2016-01-22,12866,9035,48203,0.00503,314.7,paid_search,39.0,787348.01,0.003031245142235349,20188.410512820512
2016-01-23,12386,9914,44551,0.00549,255.5,social_media,29.0,792315.12,0.002341353140642661,27321.21103448276
2016-01-24,12224,8763,54172,0.00539,283.0,organic_search,54.0,1304314.41,0.004417539267015707,24153.970555555556
2016-01-25,11670,8461,60857,0.00335,228.3,direct,17.0,753972.48,0.001456726649528706,44351.32235294118
2016-01-26,13357,9544,51883,0.00481,139.3,organic_search,35.0,899103.74,0.0026203488807366926,25688.678285714286
2016-01-27,10112,7300,44184,0.00529,198.3,organic_search,40.0,1360854.93,0.003955696202531646,34021.37325
2016-01-28,14033,10718,57073,0.00445,112.5,organic_search,74.0,2018828.72,0.005273284401054657,27281.46918918919
2016-01-29,10947,8155,50993,0.00328,162.5,referral,25.0,688420.71,0.002283730702475564,27536.8284
2016-01-30,12513,9653,65920,0.00502,134.5,paid_search,48.0,1452971.25,0.0038360105490290097,30270.234375
2016-01-31,11419,8209,38946,0.00334,254.7,organic_search,73.0,1988463.68,0.0063928540152377615,27239.228493150684
2016-02-01,17175,13626,59868,0.00533,148.7,paid_search,62.0,1695060.06,0.0036098981077147016,27339.678387096774
2016-02-02,16623,12204,75261,0.00563,256.7,direct,2.0,88861.02,0.00012031522589183661,44430.51
2016-02-03,19714,15698,104335,0.00518,101.6,paid_search,19.0,422387.14,0.0009637820837983159,22230.902105263158
2016-02-04,16103,12176,52113,0.00366,107.6,organic_search,27.0,774571.4299999999,0.0016767062038129542,28687.830740740737
2016-02-05,15709,11623,76250,0.00345,250.3,paid_search,34.0,906220.66,0.002164364377108664,26653.548823529414
2016-02-06,16126,12565,85675,0.00579,256.9,email_campaign,17.0,433764.14,0.0010541981892595808,25515.537647058823
2016-02-07,18608,13602,83077,0.004,149.2,paid_search,34.0,632540.71,0.001827171109200344,18604.138529411764
2016-02-08,18097,13313,61310,0.0056,214.6,referral,12.0,252302.71,0.0006630933303862519,21025.225833333334
2016-02-09,17145,12244,68554,0.0039,127.1,organic_search,31.0,1184821.84,0.0018081073199183435,38220.05935483871
2016-02-10,19010,14622,63376,0.00352,204.7,paid_search,19.0,536647.14,0.0009994739610731194,28244.586315789475
2016-02-11,20506,16732,86480,0.00528,256.6,social_media,22.0,524903.38,0.0010728567248610163,23859.244545454545
2016-02-12,18330,14596,70795,0.00504,129.6,organic_search,46.0,1324910.19,0.002509547190398254,28802.395434782607
2016-02-13,18473,14163,100174,0.00571,284.5,email_campaign,20.0,571479.15,0.0010826611811833487,28573.9575
2016-02-14,19163,14357,70990,0.0046,161.3,email_campaign,25.0,661062.06,0.0013045974012419767,26442.4824
2016-02-15,18698,13210,67308,0.00477,268.1,social_media,41.0,1222628.4100000001,0.002192747887474596,29820.20512195122
2016-02-16,15627,11931,55669,0.00399,108.7,paid_search,37.0,1007452.98,0.0023676969347923467,27228.458918918917
2016-02-17,17990,14392,66105,0.00339,200.0,social_media,22.0,432095.09,0.0012229016120066704,19640.68590909091
2016-02-18,20773,14775,93178,0.00411,196.6,email_campaign,18.0,381293.2,0.0008665094112549945,21182.955555555556
2016-02-19,15561,11243,83645,0.00573,298.3,email_campaign,19.0,380520.02,0.001221001221001221,20027.36947368421
2016-02-20,18344,13061,94030,0.00566,313.8,organic_search,47.0,1427038.11,0.0025621456607064982,30362.512978723407
2016-02-21,18371,14438,70445,0.00551,114.8,organic_search,43.0,857290.93,0.002340645582711883,19936.998372093025
2016-02-22,16624,13434,54941,0.00327,239.1,paid_search,35.0,1248309.78,0.0021053897978825795,35665.993714285716
2016-02-23,19443,15525,65423,0.00337,124.0,paid_search,33.0,874044.42,0.0016972689399783983,26486.194545454546
2016-02-24,18131,12967,69981,0.00402,126.9,email_campaign,15.0,496397.46,0.0008273123379846671,33093.164000000004
2016-02-25,17420,12431,72925,0.00338,140.0,organic_search,92.0,2647973.66,0.005281285878300804,28782.32239130435
2016-02-26,18006,13934,57841,0.00469,124.5,organic_search,62.0,1438882.63,0.003443296678884816,23207.784354838706
2016-02-27,15907,11168,82608,0.0043,205.6,email_campaign,32.0,760152.93,0.002011692965361162,23754.7790625
2016-02-28,18438,14716,67837,0.0041,105.0,direct,14.0,292612.44,0.0007593014426727411,20900.88857142857
2016-02-29,18504,14317,93760,0.0044,292.7,social_media,36.0,809614.87,0.0019455252918287938,22489.301944444444
2016-03-01,26992,21032,117947,0.00482,270.4,paid_search,5.0,96765.88,0.0001852400711321873,19353.176
2016-03-02,24782,17548,132132,0.0055,182.5,organic_search,14.0,436930.68,0.0005649261560810266,31209.334285714285
2016-03-03,27680,22122,121091,0.00483,273.8,organic_search,30.0,748198.07,0.001083815028901734,24939.935666666664
2016-03-04,26344,19353,103165,0.00447,270.7,referral,10.0,274658.1,0.0003795930762222897,27465.809999999998
2016-03-05,21768,17084,106947,0.00372,112.5,social_media,18.0,429951.89,0.0008269018743109151,23886.216111111113
2016-03-06,23121,17009,111366,0.00463,232.7,social_media,22.0,706701.27,0.0009515159378919597,32122.785
2016-03-07,26576,20232,93060,0.00473,295.5,email_campaign,16.0,379412.87,0.0006020469596628537,23713.304375
2016-03-08,23750,17459,117371,0.00481,222.5,referral,16.0,567964.55,0.0006736842105263158,35497.784375
2016-03-09,30824,25068,141783,0.00575,279.8,paid_search,58.0,1431621.42,0.001881650661821957,24683.12793103448
2016-03-10,25094,17925,130477,0.00511,232.2,social_media,50.0,1625791.27,0.001992508169283494,32515.8254
2016-03-11,24168,16941,81811,0.00549,162.8,organic_search,68.0,2006411.8699999999,0.0028136378682555446,29506.056911764703
2016-03-12,24644,18973,135320,0.00421,144.1,organic_search,49.0,1237643.03,0.0019883135854569063,25258.021020408163
2016-03-13,23591,18027,78079,0.00357,237.1,email_campaign,15.0,451506.11000000004,0.0006358357000551057,30100.407333333336
2016-03-14,23186,16474,101909,0.00531,174.9,organic_search,45.0,929165.7,0.0019408263607349262,20648.126666666667
2016-03-15,26245,21094,107523,0.00418,255.1,email_campaign,18.0,372836.55,0.0006858449228424461,20713.141666666666
2016-03-16,24017,19505,100833,0.00475,190.9,email_campaign,28.0,606824.82,0.0011658408627222385,21672.315
2016-03-17,22714,18358,80292,0.00438,164.9,paid_search,67.0,1958193.24,0.002949722638020604,29226.764776119402
2016-03-18,24107,18877,100707,0.00376,104.3,social_media,49.0,1217085.23,0.002032604637657112,24838.474081632652
2016-03-19,25702,18697,102180,0.00439,139.3,organic_search,63.0,1596189.47,0.0024511711150883198,25336.340793650794
2016-03-20,22946,18176,88612,0.00361,118.7,referral,18.0,471741.71,0.0007844504488799791,26207.87277777778
2016-03-21,25412,19709,130203,0.00536,186.6,direct,11.0,220561.75,0.00043286636234849676,20051.06818181818
2016-03-22,26309,21458,121633,0.00536,192.7,direct,16.0,271317.4,0.0006081569044813562,16957.3375
2016-03-23,25486,18934,101106,0.00402,276.8,social_media,48.0,1085432.28,0.001883386957545319,22613.1725
2016-03-24,27354,21211,133470,0.00414,228.7,referral,29.0,624104.96,0.0010601740147693208,21520.860689655172
2016-03-25,25460,18987,117893,0.00387,194.2,social_media,63.0,1371271.26,0.0024744697564807543,21766.210476190477
2016-03-26,19929,14574,107576,0.00377,160.5,email_campaign,24.0,562698.78,0.0012042751768779167,23445.7825
2016-03-27,27557,22581,93947,0.00335,131.6,organic_search,68.0,1482048.56,0.0024676125848241827,21794.831764705883
2016-03-28,22971,18817,123376,0.00333,241.8,paid_search,42.0,708878.31,0.0018283923207522527,16878.055
2016-03-29,24782,19479,88649,0.00353,275.0,paid_search,65.0,1517659.84,0.002622871438947623,23348.612923076926
2016-03-30,28423,22198,105676,0.00348,255.8,direct,56.0,1181121.63,0.001970235372761496,21091.457678571427
2016-03-31,27301,21181,141142,0.0056,102.6,paid_search,146.0,2820974.72,0.005347789458261602,19321.744657534247
2016-04-01,35280,26110,148298,0.00392,268.9,organic_search,140.0,2598635.85,0.003968253968253968,18561.684642857144
2016-04-02,31285,24462,135264,0.00506,299.5,paid_search,119.0,2310327.83,0.0038037398114112195,19414.519579831933
2016-04-03,39853,32209,171112,0.00504,189.2,paid_search,92.0,2176712.51,0.002308483677514867,23659.91858695652
2016-04-04,31700,22496,119980,0.00468,141.6,organic_search,47.0,926489.23,0.0014826498422712935,19712.53680851064
2016-04-05,33961,24714,144993,0.00473,148.9,referral,25.0,436032.38,0.0007361385118223845,17441.2952
2016-04-06,34563,26040,176971,0.00379,288.0,social_media,51.0,1167111.69,0.0014755663570870585,22884.54294117647
2016-04-07,32223,24109,136308,0.00328,257.6,paid_search,31.0,532018.1799999999,0.0009620457437234274,17161.876774193548
2016-04-08,40960,32614,222237,0.00455,144.5,email_campaign,26.0,629493.9,0.000634765625,24211.303846153845
2016-04-09,32292,26311,117217,0.0036,180.3,social_media,37.0,816268.46,0.0011457946240554936,22061.309729729728
2016-04-10,29930,22120,132581,0.00364,283.9,social_media,42.0,771078.0800000001,0.00140327430671567,18359.001904761906
2016-04-11,31917,24194,128608,0.00568,319.0,organic_search,72.0,1363901.79,0.0022558511138264874,18943.080416666668
2016-04-12,37526,28901,149781,0.00539,157.9,organic_search,62.0,1119388.6099999999,0.0016521878164472632,18054.655
2016-04-13,38617,28257,149786,0.00459,272.3,direct,24.0,625051.8,0.0006214879457233861,26043.825
2016-04-14,33689,26400,108173,0.00396,171.0,organic_search,82.0,1854949.3399999999,0.002434028911514144,22621.333414634144
2016-04-15,36113,27136,163008,0.00329,279.8,email_campaign,33.0,978508.04,0.0009137983551629607,29651.75878787879
2016-04-16,32898,24775,137463,0.00512,194.7,referral,33.0,937667.42,0.0010031004924311508,28414.164242424245
2016-04-17,39389,30190,150023,0.004,160.0,direct,19.0,687620.51,0.000482368173855645,36190.553157894734
2016-04-18,33200,25788,142946,0.00395,271.6,email_campaign,39.0,1241725.28,0.001174698795180723,31839.109743589743
2016-04-19,25488,19049,127287,0.00566,100.2,email_campaign,55.0,1386847.2,0.002157878217200251,25215.403636363637
2016-04-20,35982,28963,152100,0.00388,227.7,referral,49.0,1225990.02,0.0013617920071146684,25020.20448979592
2016-04-21,33532,25443,151168,0.00393,107.6,referral,31.0,982016.21,0.0009244900393653823,31677.942258064515
2016-04-22,35570,25756,137754,0.00337,182.7,email_campaign,41.0,1378709.29,0.0011526567332021365,33627.05585365854
2016-04-23,28997,21502,106569,0.00511,264.2,email_campaign,35.0,1083207.16,0.0012070214160085527,30948.775999999998
2016-04-24,34414,25043,161566,0.00572,105.1,organic_search,97.0,2053791.39,0.002818620328935898,21173.10711340206
2016-04-25,31532,22488,150805,0.00569,268.7,organic_search,114.0,3204146.37,0.0036153748572878347,28106.54710526316
2016-04-26,29524,23522,148307,0.0055,164.1,paid_search,114.0,2840950.73,0.0038612654111908956,24920.620438596492
2016-04-27,33081,25297,181029,0.00524,196.6,paid_search,130.0,3732216.39,0.003929748193827272,28709.35684615385
2016-04-28,34354,25822,179278,0.00337,246.1,organic_search,185.0,5374346.79,0.0053851079932467835,29050.52318918919
2016-04-29,30530,24073,132543,0.00425,177.8,organic_search,185.0,4428225.71,0.006059613494923026,23936.355189189188
2016-04-30,35212,27908,135944,0.00511,280.7,paid_search,102.0,2483678.9,0.0028967397478132455,24349.793137254903
2016-05-01,34863,28526,139903,0.00563,161.1,paid_search,106.0,2678410.19,0.003040472707454895,25268.02066037736
2016-05-02,28519,20889,102461,0.00452,222.0,social_media,69.0,1782236.88,0.0024194396717977487,25829.519999999997
2016-05-03,34982,28060,139084,0.00329,242.0,email_campaign,32.0,752901.27,0.0009147561603110171,23528.1646875
2016-05-04,35348,28169,166330,0.00548,147.9,organic_search,62.0,1809363.87,0.001753988910263664,29183.288225806453
2016-05-05,29771,24087,113984,0.00327,299.8,referral,26.0,870486.98,0.0008733331094017668,33480.268461538464
2016-05-06,27614,21353,147246,0.00508,190.0,email_campaign,29.0,739494.75,0.0010501919316288839,25499.818965517243
2016-05-07,39792,30635,144054,0.00524,134.9,email_campaign,33.0,727271.58,0.0008293124246079614,22038.532727272726
2016-05-08,28966,22933,103613,0.0054,317.6,direct,22.0,605747.76,0.0007595111510046262,27533.98909090909
2016-05-09,28369,21061,128664,0.00412,235.2,organic_search,58.0,2061899.97,0.002044485177482463,35549.99948275862
2016-05-10,31941,25837,121960,0.00431,287.4,paid_search,49.0,1109141.71,0.0015340784571553803,22635.545102040815
2016-05-11,29147,20594,106696,0.00349,101.1,email_campaign,31.0,786671.4400000001,0.0010635742958108895,25376.49806451613
2016-05-12,32448,26326,125722,0.00432,316.3,email_campaign,48.0,1163513.21,0.0014792899408284023,24239.858541666665
2016-05-13,33242,25095,165737,0.00442,211.1,organic_search,101.0,3118739.85,0.003038325010528849,30878.612376237626
2016-05-14,32697,24039,176295,0.00335,123.0,direct,19.0,443294.09,0.0005810930666421995,23331.267894736844
2016-05-15,30664,21972,147428,0.00328,154.8,paid_search,56.0,1296166.22,0.001826245760500913,23145.825357142858
2016-05-16,30307,23701,132156,0.00545,292.6,organic_search,86.0,2307569.94,0.0028376282706965386,26832.20860465116
2016-05-17,34353,25229,131140,0.00557,187.9,organic_search,79.0,2485354.02,0.002299653596483568,31460.17746835443
2016-05-18,30584,21640,126637,0.00426,279.5,email_campaign,38.0,982493.53,0.0012424797279623333,25855.09289473684
2016-05-19,32056,25670,117450,0.00405,127.4,organic_search,117.0,3690826.03,0.0036498627402046417,31545.52162393162
2016-05-20,26494,18959,102959,0.0039,189.2,paid_search,71.0,2003486.42,0.002679852041971767,28218.118591549293
2016-05-21,32181,24897,123544,0.00438,130.4,organic_search,79.0,1636257.92,0.002454864671700693,20712.125569620253
2016-05-22,27855,21321,133211,0.00549,186.6,email_campaign,30.0,913255.48,0.0010770059235325794,30441.84933333333
2016-05-23,33895,25827,179800,0.00409,139.8,social_media,64.0,1501308.16,0.0018881840979495502,23457.94
2016-05-24,33317,27062,128279,0.00484,108.3,organic_search,86.0,2735043.94,0.0025812648197616832,31802.836511627906
2016-05-25,30559,22955,137420,0.00435,235.6,email_campaign,36.0,973718.04,0.0011780490199286627,27047.723333333335
2016-05-26,29012,22400,100854,0.00351,310.9,paid_search,108.0,2940839.81,0.0037225975458430993,27229.99824074074
2016-05-27,31654,22277,117413,0.00505,287.8,social_media,73.0,1593599.8800000001,0.002306185632147596,21830.135342465754
2016-05-28,30406,23858,120385,0.00552,319.8,social_media,56.0,1590382.08,0.001841741761494442,28399.68
2016-05-29,30163,23872,134316,0.00351,252.6,paid_search,50.0,1564759.1,0.0016576600470775452,31295.182
2016-05-30,30700,24332,126409,0.0034,221.1,referral,66.0,1750475.73,0.0021498371335504887,26522.359545454547
2016-05-31,29707,22770,157676,0.00397,244.4,paid_search,123.0,3327636.6,0.00414043828053994,27053.956097560975
2016-06-01,30361,23705,131150,0.00322,112.3,social_media,122.0,3277685.57,0.004018312967293568,26866.275163934424
2016-06-02,32911,23190,131608,0.00335,102.3,email_campaign,63.0,1761316.3800000001,0.001914253593023609,27957.40285714286
2016-06-03,32205,22850,156430,0.00534,123.3,paid_search,120.0,2852516.11,0.0037261294829995344,23770.96758333333
2016-06-04,33568,26608,156310,0.00327,281.6,organic_search,29.0,900938.19,0.0008639180171591993,31066.834137931033
2016-06-05,36075,26306,189010,0.00502,301.3,organic_search,47.0,1531219.44,0.001302841302841303,32579.137021276594
2016-06-06,35520,28801,186061,0.00355,148.9,direct,16.0,388740.81,0.00045045045045045046,24296.300625
2016-06-07,31431,22311,100680,0.00464,141.9,paid_search,49.0,1242019.2,0.001558970443193026,25347.330612244896
2016-06-08,36825,28833,126407,0.00529,157.7,social_media,61.0,1937979.64,0.0016564833672776647,31770.158032786883
2016-06-09,31212,25556,126443,0.00475,175.3,social_media,41.0,1020702.46,0.00131359733435858,24895.18195121951
2016-06-10,30303,21771,102242,0.00391,140.7,email_campaign,27.0,693224.22,0.000891000891000891,25674.97111111111
2016-06-11,36969,26563,195790,0.00555,269.0,referral,22.0,639021.63,0.0005950931861830182,29046.43772727273
2016-06-12,28697,20793,103189,0.00353,121.1,organic_search,70.0,1893402.05,0.0024392793671812385,27048.600714285716
2016-06-13,34063,26928,163122,0.00465,272.3,paid_search,52.0,1245835.73,0.0015265830960279482,23958.379423076924
2016-06-14,34397,24679,186716,0.00459,157.2,direct,23.0,737333.63,0.0006686629647934413,32057.983913043478
2016-06-15,33083,23250,168360,0.00527,187.5,referral,23.0,679663.86,0.0006952211105401566,29550.60260869565
2016-06-16,28041,21006,133556,0.00422,190.4,email_campaign,47.0,1637097.84,0.0016761171142255981,34831.86893617021
2016-06-17,35068,25926,187271,0.0038,247.1,organic_search,45.0,1307926.27,0.0012832211702977073,29065.028222222223
2016-06-18,34886,27062,161199,0.00367,265.2,paid_search,62.0,1884341.57,0.0017772172218081751,30392.605967741936
2016-06-19,38767,27509,168541,0.00456,315.5,social_media,49.0,1340496.6,0.001263961616839064,27357.073469387757
2016-06-20,32245,23977,135266,0.00563,128.8,organic_search,70.0,2089015.15,0.0021708792060784617,29843.07357142857
2016-06-21,30312,24040,97709,0.00536,155.5,social_media,61.0,1631569.17,0.0020124043283188176,26747.035573770492
2016-06-22,27007,19832,96954,0.00517,280.0,social_media,79.0,2166795.28,0.002925167549153923,27427.788354430377
2016-06-23,33787,26228,165215,0.00506,224.4,paid_search,83.0,2310112.44,0.0024565661349039572,27832.68
2016-06-24,38202,29924,190436,0.00485,282.1,social_media,58.0,1396131.96,0.0015182451180566462,24071.240689655173
2016-06-25,36799,28971,181381,0.00391,178.7,paid_search,67.0,1747472.07,0.0018207016495013452,26081.672686567166
2016-06-26,31541,23069,162759,0.00498,183.5,organic_search,93.0,1960330.42,0.0029485431660378554,21078.821720430107
2016-06-27,33556,26721,143772,0.00493,127.1,email_campaign,24.0,369736.02,0.000715222314936226,15405.667500000001
2016-06-28,34476,27429,137302,0.00435,159.4,social_media,80.0,1383823.5,0.002320454809142592,17297.79375
2016-06-29,32831,23468,164936,0.00525,184.0,organic_search,189.0,3097922.7,0.005756754287106698,16391.1253968254
2016-06-30,33061,25436,157305,0.00484,275.1,email_campaign,76.0,1406300.81,0.0022987810411058346,18503.95802631579
2016-07-01,27643,19559,99053,0.00395,318.0,social_media,94.0,1571104.22,0.0034004992222262417,16713.874680851062
2016-07-02,22725,16342,93039,0.00429,146.9,email_campaign,47.0,917982.7000000001,0.0020682068206820683,19531.54680851064
2016-07-03,26996,20540,106634,0.00388,123.5,social_media,48.0,709219.94,0.0017780411912875981,14775.415416666665
2016-07-04,26647,21584,138858,0.00478,271.0,organic_search,15.0,431846.44,0.0005629151499230683,28789.762666666666
2016-07-05,24584,18565,115188,0.00348,139.8,paid_search,21.0,436042.48,0.0008542141230068337,20763.92761904762
2016-07-06,27547,20443,98375,0.00338,291.1,social_media,29.0,549641.26,0.001052746215558863,18953.146896551723
2016-07-07,23757,19475,122326,0.00537,150.9,paid_search,40.0,925988.81,0.0016837142736877552,23149.720250000002
2016-07-08,30223,22727,147211,0.00486,123.4,email_campaign,27.0,480766.05,0.0008933593620752407,17806.149999999998
2016-07-09,28415,20298,102750,0.00322,284.3,organic_search,50.0,923503.65,0.0017596339961288051,18470.073
2016-07-10,26627,18741,121806,0.00495,142.3,organic_search,52.0,929000.51,0.0019529049461073347,17865.394423076923
2016-07-11,23750,17184,100402,0.00353,309.5,email_campaign,26.0,462005.14,0.0010947368421052631,17769.42846153846
2016-07-12,25090,19330,108000,0.00491,109.9,paid_search,37.0,640060.07,0.0014746911119968115,17298.92081081081
2016-07-13,25456,19617,112461,0.00498,307.1,organic_search,43.0,692413.15,0.0016891891891891893,16102.631395348837
2016-07-14,26102,21123,103066,0.00477,184.2,social_media,58.0,965775.65,0.0022220519500421422,16651.30431034483
2016-07-15,24689,19531,81948,0.00417,116.4,organic_search,66.0,1005070.22,0.0026732552958807568,15228.336666666666
2016-07-16,24381,18562,120554,0.00511,188.1,organic_search,58.0,1138774.98,0.002378901603707805,19634.051379310346
2016-07-17,23404,17521,124678,0.00353,104.8,organic_search,53.0,1227297.6199999999,0.0022645701589471883,23156.558867924527
2016-07-18,26498,19304,88806,0.00441,317.7,email_campaign,22.0,274336.75,0.0008302513397237528,12469.852272727272
2016-07-19,24148,18248,92848,0.00378,151.9,email_campaign,18.0,536633.67,0.0007454033460327977,29812.98166666667
2016-07-20,26407,18650,132572,0.00381,299.8,social_media,55.0,1334676.52,0.0020827810807740373,24266.845818181817
2016-07-21,26495,20970,114364,0.00387,119.0,social_media,57.0,1163666.28,0.002151349311190791,20415.197894736844
2016-07-22,24845,18827,111995,0.00372,316.1,organic_search,84.0,1893500.33,0.003380961964177903,22541.670595238094
2016-07-23,25328,20611,91707,0.00375,185.8,email_campaign,19.0,590755.02,0.0007501579279848389,31092.36947368421
2016-07-24,26287,18818,109309,0.00444,229.7,paid_search,48.0,1402036.56,0.0018259976414197131,29209.095
2016-07-25,26214,19627,122354,0.00345,291.6,email_campaign,30.0,935122.61,0.0011444266422522317,31170.753666666667
2016-07-26,28240,21589,134010,0.00519,119.7,organic_search,72.0,2499121.93,0.0025495750708215297,34710.02680555556
2016-07-27,27237,21103,88734,0.00536,157.0,organic_search,84.0,2105156.4899999998,0.0030840400925212026,25061.386785714283
2016-07-28,25533,18068,103976,0.00502,281.6,social_media,86.0,2322776.97,0.00336819018525046,27009.03453488372
2016-07-29,28740,20665,154184,0.00447,110.0,social_media,66.0,2239785.09,0.0022964509394572024,33936.137727272726
2016-07-30,27670,21379,96328,0.00423,255.3,paid_search,60.0,1697884.69,0.0021684134441633538,28298.078166666666
2016-07-31,29012,22088,136051,0.00576,197.3,social_media,76.0,2086250.61,0.002619605680408107,27450.665921052634
2016-08-01,26556,20258,131761,0.00456,297.3,organic_search,109.0,2883099.78,0.004104533815333634,26450.456697247704
2016-08-02,29110,20880,147042,0.00375,101.8,referral,48.0,1417193.71,0.0016489178976296806,29524.868958333333
2016-08-03,27129,21732,127147,0.00444,137.1,paid_search,81.0,2382821.82,0.002985734822514652,29417.55333333333
2016-08-04,29332,21908,137738,0.00543,272.8,paid_search,67.0,1872730.4,0.002284194736124369,27951.199999999997
2016-08-05,27384,20014,98121,0.00453,219.5,paid_search,41.0,1119826.81,0.0014972246567338593,27312.849024390245
2016-08-06,28180,22272,133138,0.00536,178.5,email_campaign,8.0,269316.05,0.00028388928317956,33664.50625
2016-08-07,29434,22994,147103,0.00411,280.1,email_campaign,23.0,676784.17,0.0007814092546035197,29425.398695652177
2016-08-08,34462,25228,175155,0.00438,188.3,paid_search,30.0,708450.72,0.0008705240554813998,23615.023999999998
2016-08-09,26386,19781,111721,0.00335,132.6,paid_search,42.0,1659991.69,0.0015917532024558479,39523.611666666664
2016-08-10,33121,27111,133606,0.00492,132.5,referral,26.0,646675.91,0.0007850004528848766,24872.150384615386
2016-08-11,31742,24365,161020,0.00378,245.3,organic_search,61.0,1808285.41,0.00192174406149581,29644.023114754098
2016-08-12,27987,19679,94711,0.00363,316.6,social_media,43.0,1550469.08,0.001536427627112588,36057.42046511628
2016-08-13,25016,17540,123852,0.00553,196.7,social_media,42.0,1312703.73,0.0016789254876878798,31254.850714285712
2016-08-14,27633,20341,90982,0.00509,156.4,social_media,25.0,624880.44,0.0009047153765425397,24995.217599999996
2016-08-15,31092,23420,110105,0.00515,121.7,organic_search,67.0,1931817.56,0.002154895149877782,28833.097910447763
2016-08-16,29690,23156,154339,0.0046,247.4,organic_search,53.0,1506011.34,0.0017851128326035702,28415.308301886795
2016-08-17,31419,22260,132681,0.00347,314.6,organic_search,66.0,1581043.98,0.002100639740284541,23955.21181818182
2016-08-18,24412,18601,116144,0.00457,194.8,email_campaign,43.0,1493147.43,0.0017614288055054891,34724.3588372093
2016-08-19,28446,20582,92462,0.00492,218.6,paid_search,49.0,1322674.6199999999,0.0017225620473880336,26993.359591836732
2016-08-20,27262,21783,149049,0.00483,164.7,social_media,41.0,1330461.43,0.0015039248771183333,32450.278780487803
2016-08-21,27254,22311,103705,0.00343,127.6,paid_search,42.0,1480567.58,0.0015410581932927276,35251.60904761905
2016-08-22,28141,20906,121068,0.00419,122.1,organic_search,42.0,972278.42,0.0014924842756120962,23149.486190476193
2016-08-23,29012,22783,134510,0.00344,298.5,paid_search,41.0,774367.09,0.001413208327588584,18887.00219512195
2016-08-24,28046,22781,106186,0.00364,126.3,referral,25.0,623952.65,0.0008913927119731869,24958.106
2016-08-25,30846,23195,102990,0.00573,296.6,social_media,61.0,1595427.43,0.0019775659728976202,26154.548032786883
2016-08-26,32227,22624,104810,0.00471,196.4,organic_search,61.0,1430365.34,0.0018928227883451764,23448.612131147544
2016-08-27,29576,23100,114347,0.00322,217.9,social_media,33.0,1175047.41,0.0011157695428725995,35607.49727272727
2016-08-28,30591,23449,144030,0.00448,245.6,email_campaign,53.0,1869961.54,0.0017325357131182373,35282.29320754717
2016-08-29,27102,21683,109621,0.004,157.4,social_media,92.0,2530785.49,0.0033945834255774483,27508.537934782613
2016-08-30,27808,21416,149144,0.00414,220.4,email_campaign,63.0,1640908.34,0.002265535097813579,26046.164126984128
2016-08-31,27343,21369,102717,0.00488,254.1,paid_search,111.0,3110234.38,0.0040595399188092015,28020.129549549547
2016-09-01,21640,17149,109678,0.00364,204.0,social_media,107.0,3168442.04,0.004944547134935305,29611.60785046729
2016-09-02,24806,19936,112082,0.00349,108.5,referral,11.0,120837.32,0.00044344110295896155,10985.210909090909
2016-09-03,19833,16155,91836,0.00376,278.4,paid_search,17.0,552560.6699999999,0.0008571572631472798,32503.568823529407
2016-09-04,19186,14935,103136,0.00384,311.9,social_media,16.0,463064.93,0.000833941415615553,28941.558125
2016-09-05,25486,19924,89356,0.00473,269.1,organic_search,38.0,1240860.84,0.0014910146747233776,32654.23263157895
2016-09-06,17889,12808,78449,0.0039,105.0,organic_search,41.0,832852.02,0.002291911230365029,20313.463902439024
2016-09-07,23068,16975,76283,0.00485,249.0,social_media,18.0,407337.99,0.0007803017166637767,22629.888333333332
2016-09-08,21760,16332,101591,0.00347,108.0,referral,12.0,287580.71,0.0005514705882352941,23965.05916666667
2016-09-09,20850,16841,101356,0.00425,184.7,social_media,39.0,1037342.18,0.0018705035971223023,26598.517435897436
2016-09-10,23004,16494,79664,0.00506,187.2,social_media,27.0,673307.75,0.0011737089201877935,24937.324074074073
2016-09-11,20958,16065,108501,0.00368,228.5,organic_search,48.0,992993.26,0.002290294875465216,20687.359583333335
2016-09-12,20790,14729,68994,0.00502,285.4,paid_search,47.0,961514.4,0.002260702260702261,20457.753191489363
2016-09-13,19627,14282,82026,0.00435,291.1,email_campaign,28.0,526324.68,0.001426606205736995,18797.31
2016-09-14,21671,15592,109106,0.00324,100.9,referral,9.0,132343.33000000002,0.00041530155507360066,14704.814444444446
2016-09-15,21936,17311,112756,0.00552,224.3,referral,10.0,333188.68,0.00045587162654996355,33318.868
2016-09-16,19725,14698,99907,0.00323,127.6,social_media,38.0,764666.4,0.001926489226869455,20122.8
2016-09-17,21486,15561,106089,0.00519,146.2,email_campaign,18.0,302964.89,0.0008377548170901983,16831.382777777777
2016-09-18,22263,15923,80501,0.00459,123.9,referral,14.0,401681.91000000003,0.0006288460674661995,28691.565000000002
2016-09-19,19562,15211,102109,0.00418,146.7,paid_search,55.0,1029205.3200000001,0.0028115734587465494,18712.824
2016-09-20,19759,15855,95177,0.00443,162.9,referral,18.0,382628.67,0.0009109772761779442,21257.14833333333
2016-09-21,20826,16905,92394,0.00368,134.3,organic_search,49.0,1070415.73,0.0023528281955248246,21845.218979591835
2016-09-22,19679,15286,69619,0.00511,114.9,social_media,30.0,635934.16,0.0015244677066924132,21197.805333333334
2016-09-23,19211,13838,79369,0.0032,148.8,referral,18.0,327145.79000000004,0.0009369631981677164,18174.766111111112
2016-09-24,19661,16063,92931,0.00529,202.0,paid_search,41.0,920986.98,0.002085346625298815,22463.09707317073
2016-09-25,19504,15832,66917,0.00339,273.6,organic_search,58.0,1413550.43,0.002973748974569319,24371.55913793103
2016-09-26,19551,14186,67786,0.00565,189.0,paid_search,68.0,1388767.08,0.0034780829625083117,20423.045294117648
2016-09-27,20064,16348,65220,0.00405,304.2,paid_search,81.0,1678678.06,0.004037081339712919,20724.42049382716
2016-09-28,20824,15238,110681,0.00544,163.1,organic_search,91.0,1736137.04,0.0043699577410679985,19078.42901098901
2016-09-29,18850,13877,64838,0.00431,106.4,paid_search,35.0,679920.38,0.001856763925729443,19426.29657142857
2016-09-30,19952,16032,84119,0.00522,140.0,referral,26.0,612750.42,0.0013031275060144346,23567.32384615385
2016-10-01,15690,12077,66861,0.00401,235.6,organic_search,59.0,1383811.31,0.003760356915232632,23454.42898305085
2016-10-02,16303,12829,86204,0.0057,178.6,organic_search,28.0,966194.16,0.0017174753112924003,34506.934285714284
2016-10-03,16160,13151,84680,0.00368,255.4,organic_search,23.0,614688.82,0.0014232673267326732,26725.600869565216
2016-10-04,18099,14630,86359,0.00427,270.3,paid_search,27.0,700628.81,0.0014917951268025858,25949.21518518519
2016-10-05,17094,13193,84900,0.00382,152.1,paid_search,19.0,568734.53,0.0011115011115011115,29933.396315789476
2016-10-06,16480,12069,57200,0.0044,200.4,direct,5.0,199070.77,0.00030339805825242716,39814.153999999995
2016-10-07,18947,14466,88287,0.00375,130.4,social_media,26.0,805109.04,0.0013722489048398163,30965.73230769231
2016-10-08,16749,13285,90179,0.00569,119.7,organic_search,37.0,985637.74,0.00220908710967819,26638.857837837837
2016-10-09,13627,9848,63580,0.00504,239.5,paid_search,20.0,676698.13,0.0014676744698025978,33834.9065
2016-10-10,17553,12553,69444,0.00421,191.3,social_media,31.0,971611.53,0.0017660798723864867,31342.30741935484
2016-10-11,15134,11420,51660,0.00351,194.3,paid_search,31.0,798223.01,0.0020483679133077837,25749.12935483871
2016-10-12,16384,12184,80295,0.00377,315.8,email_campaign,16.0,376737.76,0.0009765625,23546.11
2016-10-13,16117,12753,75419,0.00541,258.5,email_campaign,13.0,389809.51,0.0008066017248867655,29985.346923076922
2016-10-14,15800,11450,61624,0.00469,296.7,email_campaign,25.0,753095.15,0.0015822784810126582,30123.806
2016-10-15,16332,12994,52674,0.00492,155.9,email_campaign,9.0,310643.27,0.0005510653930933138,34515.91888888889
2016-10-16,16728,12769,77896,0.00462,289.6,email_campaign,8.0,282103.07,0.00047824007651841227,35262.88375
2016-10-17,16976,12404,85828,0.00457,204.5,social_media,30.0,605738.37,0.001767200754005655,20191.279
2016-10-18,15801,11691,84041,0.00524,192.0,email_campaign,27.0,707424.7100000001,0.0017087526105942661,26200.91518518519
2016-10-19,16470,12951,58118,0.00417,318.6,social_media,26.0,840627.13,0.001578627808136005,32331.812692307692
2016-10-20,15730,12739,76784,0.00563,197.5,organic_search,26.0,695024.67,0.001652892561983471,26731.71807692308
2016-10-21,18497,13104,61071,0.00398,135.0,email_campaign,20.0,534609.27,0.0010812564199599935,26730.4635
2016-10-22,17596,14020,78544,0.00424,190.1,referral,18.0,531148.87,0.0010229597635826324,29508.270555555555
2016-10-23,15290,10820,78871,0.00579,167.0,social_media,18.0,499287.83,0.0011772400261608894,27738.21277777778
2016-10-24,16565,12863,81578,0.00426,263.5,referral,15.0,365137.52999999997,0.0009055236945366737,24342.501999999997
2016-10-25,17226,13670,66957,0.00464,133.5,social_media,40.0,906911.9,0.002322071287588529,22672.7975
2016-10-26,17265,13081,64846,0.00511,138.8,paid_search,38.0,1111789.77,0.0022009846510280917,29257.62552631579
2016-10-27,16121,11701,83758,0.00442,220.9,organic_search,33.0,957813.37,0.0020470194156690033,29024.647575757575
2016-10-28,16013,12025,51729,0.00362,191.4,organic_search,78.0,1614313.65,0.004871042278149004,20696.328846153843
2016-10-29,16178,12385,65228,0.004,258.1,paid_search,56.0,1551650.35,0.0034614909135863518,27708.041964285716
2016-10-30,14980,10862,76509,0.00522,260.3,referral,26.0,571159.88,0.0017356475300400534,21967.687692307692
2016-10-31,14528,11617,48878,0.00447,200.6,organic_search,59.0,1741897.94,0.0040611233480176215,29523.693898305082
2016-11-01,9921,6954,37157,0.00411,297.2,organic_search,78.0,2212787.19,0.007862110674327185,28369.06653846154
2016-11-02,13377,10448,62589,0.00476,180.1,direct,7.0,252567.58000000002,0.0005232862375719519,36081.08285714286
2016-11-03,13217,10821,57843,0.00364,242.8,referral,6.0,123549.72,0.0004539608080502383,20591.62
2016-11-04,15480,12205,65097,0.00336,152.5,paid_search,26.0,826193.7,0.0016795865633074936,31776.680769230767
2016-11-05,12693,10390,58940,0.00526,188.3,organic_search,31.0,1126599.53,0.002442291026550067,36341.92032258065
2016-11-06,14121,11290,69354,0.00322,101.3,social_media,23.0,622520.65,0.0016287798314566957,27066.115217391307
2016-11-07,14412,10835,58813,0.00325,225.5,direct,16.0,573149.16,0.0011101859561476548,35821.8225
2016-11-08,15021,10948,56211,0.00332,142.2,paid_search,30.0,824382.1,0.0019972039145196726,27479.403333333332
2016-11-09,14051,10096,50820,0.00434,221.4,referral,14.0,316157.01,0.0009963703650985695,22582.643571428573
2016-11-10,12300,9590,54043,0.00443,153.5,organic_search,30.0,975093.61,0.0024390243902439024,32503.120333333332
2016-11-11,14481,10750,60880,0.00334,318.5,paid_search,23.0,788035.39,0.0015882881016504385,34262.40826086957
2016-11-12,13921,10552,76023,0.0044,257.7,social_media,33.0,1027753.87,0.0023705193592414337,31144.056666666667
2016-11-13,14357,11022,70333,0.00438,102.8,email_campaign,23.0,582929.87,0.0016020059901093544,25344.77695652174
2016-11-14,15703,11310,82333,0.00511,311.7,social_media,50.0,1253363.15,0.0031841049480990894,25067.263
2016-11-15,16722,13433,76078,0.00413,178.0,paid_search,33.0,633043.98,0.001973448152134912,19183.15090909091
2016-11-16,14954,11372,67005,0.00381,282.0,organic_search,30.0,775190.63,0.002006152200080246,25839.68766666667
2016-11-17,13839,10869,54220,0.00365,109.5,referral,10.0,333959.62,0.0007225955632632415,33395.962
2016-11-18,14924,11640,57143,0.00428,128.9,organic_search,39.0,723680.6,0.002613240418118467,18555.912820512818
2016-11-19,16193,12098,70086,0.00558,203.9,referral,16.0,387171.11,0.0009880812696844315,24198.194375
2016-11-20,13513,10080,50458,0.00516,116.9,social_media,23.0,388541.03,0.0017020646784577814,16893.088260869565
2016-11-21,16673,12248,63606,0.00532,175.6,referral,14.0,215868.27000000002,0.0008396809212499251,15419.162142857143
2016-11-22,13636,10775,51147,0.00456,223.3,organic_search,31.0,630358.24,0.002273393957172191,20334.136774193546
2016-11-23,14106,10280,67908,0.00468,195.8,organic_search,34.0,430922.63,0.002410321848858642,12674.195
2016-11-24,15361,11156,56779,0.00435,309.2,direct,8.0,65617.22,0.0005207994271206302,8202.1525
2016-11-25,11287,9107,48716,0.00397,307.9,organic_search,63.0,801627.98,0.005581642597678745,12724.253650793651
2016-11-26,12882,10027,49661,0.00364,247.6,email_campaign,17.0,238805.1,0.001319670858562335,14047.358823529412
2016-11-27,13309,9682,72788,0.0042,174.3,paid_search,63.0,839508.34,0.004733638890976031,13325.529206349205
2016-11-28,12901,10483,54139,0.00383,306.6,email_campaign,42.0,606818.08,0.0032555615843733042,14448.049523809523
2016-11-29,14112,10479,69379,0.00549,286.5,direct,21.0,308984.62,0.001488095238095238,14713.553333333333
2016-11-30,14123,10842,56376,0.00495,289.5,organic_search,62.0,940978.59,0.004390002124194576,15177.074032258064
2016-12-01,17034,12965,62158,0.00354,116.7,organic_search,38.0,428848.64,0.002230832452741576,11285.49052631579
2016-12-02,17041,12600,91993,0.00527,241.9,referral,6.0,85286.13,0.0003520920133794965,14214.355000000001
2016-12-03,16495,12690,63476,0.00478,257.6,organic_search,25.0,314130.27,0.001515610791148833,12565.2108
2016-12-04,18203,13285,60709,0.00453,247.7,paid_search,23.0,452983.84,0.0012635279898917762,19694.949565217394
2016-12-05,14288,11009,46630,0.0046,207.4,organic_search,32.0,499490.84,0.0022396416573348264,15609.08875
2016-12-06,16069,11394,53670,0.00344,198.8,email_campaign,15.0,273836.97,0.0009334743916858548,18255.798
2016-12-07,16032,12887,71188,0.00474,204.0,organic_search,29.0,493027.34,0.0018088822355289422,17000.94275862069
2016-12-08,18023,13994,73555,0.00476,247.8,social_media,25.0,393344.56,0.0013871164622981747,15733.7824
2016-12-09,17983,13716,64924,0.00516,296.0,referral,9.0,134859.63999999998,0.0005004726686314853,14984.404444444443
2016-12-10,19218,14825,91028,0.00513,225.8,organic_search,39.0,608511.11,0.0020293474867311896,15602.848974358974
2016-12-11,16676,11969,65996,0.00442,228.0,organic_search,50.0,648281.4,0.002998320940273447,12965.628
2016-12-12,13350,9592,51730,0.00349,174.2,referral,22.0,254771.76,0.001647940074906367,11580.534545454546
2016-12-13,15412,11215,67548,0.00536,114.1,organic_search,67.0,927802.2100000001,0.004347261873864521,13847.79417910448
2016-12-14,13095,9864,60583,0.0042,115.6,paid_search,33.0,575308.39,0.0025200458190148913,17433.587575757578
2016-12-15,16207,12614,82968,0.00458,145.8,organic_search,38.0,658670.46,0.0023446658851113715,17333.433157894735
2016-12-16,15939,11652,53942,0.00536,199.6,social_media,27.0,375068.57,0.0016939582156973462,13891.428518518518
2016-12-17,14917,12185,63940,0.0039,267.9,email_campaign,22.0,308504.77999999997,0.0014748273781591472,14022.944545454544
2016-12-18,15169,11685,62649,0.00373,222.6,paid_search,38.0,455054.26,0.0025051091040938756,11975.112105263159
2016-12-19,18344,13487,67232,0.00352,236.3,organic_search,65.0,910279.97,0.003543392935019625,14004.307230769231
2016-12-20,16681,12738,74053,0.00346,282.3,organic_search,74.0,1041837.65,0.004436184881002338,14078.887162162162
2016-12-21,15734,12849,54528,0.0043,216.5,paid_search,63.0,958686.48,0.00400406762425321,15217.245714285715
2016-12-22,15796,11671,56842,0.00422,150.4,email_campaign,27.0,567425.59,0.001709293492023297,21015.762592592593
2016-12-23,15987,11280,68313,0.00422,227.1,organic_search,42.0,588493.0499999999,0.0026271345468192905,14011.739285714284
2016-12-24,13567,10748,66087,0.0049,307.2,organic_search,39.0,530848.12,0.002874622245153682,13611.490256410256
2016-12-25,16706,12156,71340,0.00409,195.1,paid_search,44.0,506440.47000000003,0.0026337842691248653,11510.010681818183
2016-12-26,14146,10364,52010,0.00412,192.7,email_campaign,30.0,303905.73,0.0021207408454686836,10130.190999999999
2016-12-27,16063,12885,52487,0.00326,146.9,referral,27.0,376203.63,0.0016808815289796426,13933.467777777778
2016-12-28,13341,9462,58408,0.00536,301.8,paid_search,101.0,1311926.1199999999,0.007570646878045124,12989.367524752473
2016-12-29,15158,11598,76740,0.00376,108.0,social_media,80.0,977255.27,0.00527774112679773,12215.690875
2016-12-30,14375,11585,55377,0.00346,138.8,paid_search,89.0,1233528.45,0.006191304347826087,13859.870224719101
2016-12-31,17037,12745,70383,0.00342,157.5,referral,29.0,401587.86,0.0017021776134295945,13847.85724137931
2017-01-01,12622,10240,40788,0.00428,164.0,paid_search,36.0,599493.66,0.0028521628901917286,16652.60166666667
2017-01-02,11539,9413,61868,0.00549,155.9,organic_search,9.0,208737.42,0.0007799636016985874,23193.04666666667
2017-01-03,11507,8946,55783,0.00542,226.0,organic_search,19.0,507500.27,0.001651168853741201,26710.54052631579
2017-01-04,10925,8136,50441,0.00384,228.1,email_campaign,7.0,156438.0,0.0006407322654462242,22348.285714285714
2017-01-05,12054,9143,55335,0.00487,158.4,email_campaign,1.0,5638.75,8.296001327360213e-05,5638.75
2017-01-06,13380,9430,58369,0.00382,235.2,referral,7.0,217209.88999999998,0.0005231689088191331,31029.984285714283
2017-01-07,13715,10628,61889,0.00404,223.4,referral,7.0,193906.56,0.0005103900838497995,27700.937142857143
2017-01-08,12389,9146,43499,0.00392,182.3,organic_search,18.0,498205.8,0.0014529017676971508,27678.1
2017-01-09,11802,8776,58449,0.00466,197.2,organic_search,36.0,818315.86,0.003050330452465684,22730.99611111111
2017-01-10,12803,9158,65574,0.00514,108.1,social_media,21.0,459850.64,0.0016402405686167304,21897.649523809523
2017-01-11,13414,9660,52857,0.00537,297.6,email_campaign,12.0,315325.63,0.0008945877441479052,26277.135833333334
2017-01-12,12525,9985,45854,0.00521,287.0,email_campaign,14.0,240962.35,0.0011177644710578841,17211.59642857143
2017-01-13,14039,11266,55457,0.00543,116.4,organic_search,25.0,868814.56,0.0017807536149298383,34752.5824
2017-01-14,14325,10550,55281,0.00325,230.8,paid_search,14.0,366372.64,0.0009773123909249564,26169.47428571429
2017-01-15,12653,9484,44274,0.00529,311.3,social_media,20.0,678403.29,0.001580652809610369,33920.1645
2017-01-16,13013,9791,44548,0.00437,229.0,paid_search,23.0,696593.27,0.0017674633059248444,30286.663913043478
2017-01-17,10949,8323,40253,0.00326,277.2,referral,6.0,232585.19,0.0005479952507078272,38764.198333333334
2017-01-18,12495,8815,55397,0.00489,112.5,organic_search,25.0,737378.91,0.0020008003201280513,29495.1564
2017-01-19,12554,10249,49214,0.00469,150.2,organic_search,23.0,518628.34,0.001832085391110403,22549.058260869566
2017-01-20,11811,9397,59903,0.00451,162.3,referral,9.0,259546.06,0.000762001524003048,28838.45111111111
2017-01-21,12422,9307,49377,0.00369,236.4,social_media,19.0,507320.23000000004,0.0015295443567863469,26701.06473684211
2017-01-22,12462,9257,64210,0.00561,271.4,paid_search,22.0,797327.76,0.0017653667148130317,36242.170909090906
2017-01-23,12834,10063,46316,0.00328,278.2,paid_search,25.0,890028.36,0.0019479507558048932,35601.1344
2017-01-24,13391,9706,43170,0.00448,281.7,email_campaign,18.0,425306.98,0.0013441863938466133,23628.165555555555
2017-01-25,14150,10329,59924,0.0043,275.9,paid_search,14.0,357895.51,0.000989399293286219,25563.965
2017-01-26,12150,8685,39488,0.00429,125.7,email_campaign,16.0,465833.65,0.0013168724279835392,29114.603125
2017-01-27,13150,9777,51437,0.00565,100.2,social_media,17.0,460635.38,0.0012927756653992395,27096.198823529412
2017-01-28,13864,10045,51529,0.00566,261.3,email_campaign,18.0,618683.95,0.001298326601269475,34371.330555555556
2017-01-29,13325,10241,65733,0.0034,296.0,referral,21.0,777369.63,0.001575984990619137,37017.60142857143
2017-01-30,14275,10425,68719,0.00453,228.7,paid_search,52.0,1314032.3,0.0036427320490367778,25269.851923076923
2017-01-31,13101,10062,45137,0.00354,257.6,organic_search,58.0,1990647.44,0.004427142966185787,34321.5075862069
2017-02-01,20232,15351,104667,0.00577,292.0,organic_search,33.0,1157092.58,0.001631079478054567,35063.411515151514
2017-02-02,19312,14146,65888,0.00445,171.5,organic_search,20.0,463277.65,0.001035625517812759,23163.8825
2017-02-03,20370,16455,82660,0.00362,290.3,paid_search,22.0,940301.71,0.0010800196367206677,42740.98681818182
2017-02-04,18498,13014,98103,0.00502,193.5,social_media,10.0,356906.19999999995,0.0005405989836739107,35690.619999999995
2017-02-05,19918,14950,64989,0.00524,157.2,referral,10.0,254998.94,0.0005020584396023697,25499.894
2017-02-06,16421,13077,77641,0.00532,179.9,social_media,24.0,569627.76,0.0014615431459716218,23734.49
2017-02-07,19113,14914,80835,0.00413,209.7,referral,5.0,62397.8,0.0002616020509600795,12479.560000000001
2017-02-08,18913,13297,101831,0.00382,123.6,organic_search,25.0,568315.24,0.0013218421191772854,22732.6096
2017-02-09,19358,14364,82492,0.00476,179.6,referral,7.0,389693.87,0.00036160760409133176,55670.55285714286
2017-02-10,20565,14652,100848,0.00489,123.2,email_campaign,9.0,255882.86,0.000437636761487965,28431.428888888888
2017-02-11,20397,15311,85105,0.00527,156.1,paid_search,22.0,591544.98,0.001078589988723832,26888.40818181818
2017-02-12,19746,15695,63249,0.00431,200.9,referral,16.0,410008.49,0.0008102906917856781,25625.530625
2017-02-13,18134,13438,64163,0.00406,135.8,paid_search,37.0,843261.66,0.002040366163008713,22790.855675675677
2017-02-14,20499,15808,84387,0.00432,171.4,organic_search,29.0,931852.0900000001,0.0014147031562515245,32132.830689655177
2017-02-15,18861,14219,62685,0.00568,216.2,paid_search,13.0,295778.74,0.0006892529558347913,22752.21076923077
2017-02-16,21116,14886,72121,0.0036,121.2,email_campaign,19.0,496929.02,0.0008997916272021217,26154.15894736842
2017-02-17,19370,14607,104239,0.00552,210.6,paid_search,24.0,521010.89,0.00123902942694889,21708.787083333333
2017-02-18,16868,13003,64837,0.00401,275.6,organic_search,31.0,722306.33,0.0018377993834479487,23300.204193548387
2017-02-19,19576,14548,65886,0.00332,221.7,paid_search,36.0,968894.71,0.0018389865140988966,26913.741944444442
2017-02-20,20870,14625,96876,0.0045,294.8,organic_search,51.0,1304287.99,0.0024436990896023,25574.27431372549
2017-02-21,18854,13238,88714,0.00333,224.6,organic_search,43.0,1051616.14,0.00228068314416039,24456.18930232558
2017-02-22,17550,12520,85769,0.00356,284.9,referral,20.0,702162.3500000001,0.0011396011396011395,35108.11750000001
2017-02-23,19901,15174,92090,0.00563,109.5,paid_search,42.0,1543400.68,0.002110446711220542,36747.63523809524
2017-02-24,18825,15336,70231,0.00519,185.4,paid_search,37.0,1219480.82,0.001965471447543161,32958.94108108108
2017-02-25,21844,17534,118820,0.00564,315.0,organic_search,66.0,1744395.23,0.0030214246475004577,26430.23075757576
2017-02-26,19969,14510,94524,0.0044,220.0,social_media,44.0,1497169.94,0.002203415293705243,34026.589545454546
2017-02-27,16986,13530,90178,0.00535,247.1,email_campaign,30.0,917539.25,0.0017661603673613563,30584.641666666666
2017-02-28,18395,14684,80475,0.00375,296.3,organic_search,63.0,1392523.01,0.00342484370752922,22103.53984126984
2017-03-01,31339,25451,117827,0.0055,237.9,paid_search,31.0,865209.66,0.0009891828073646256,27909.989032258065
2017-03-02,26292,20817,93912,0.00477,206.4,referral,4.0,87087.42,0.00015213753232922562,21771.855
2017-03-03,22532,17241,122003,0.00398,288.3,direct,4.0,100564.95999999999,0.00017752529735487306,25141.239999999998
2017-03-04,26587,19627,129329,0.00426,129.1,paid_search,9.0,294176.95,0.00033851130251626735,32686.32777777778
2017-03-05,24658,20216,107200,0.00566,101.8,social_media,11.0,311097.41000000003,0.00044610268472706626,28281.58272727273
2017-03-06,25866,18584,119513,0.00452,296.3,paid_search,23.0,467899.29,0.0008891981752107013,20343.447391304348
2017-03-07,26052,21324,121338,0.0041,297.9,social_media,16.0,506736.29,0.0006141563027790573,31671.018125
2017-03-08,24150,19653,126445,0.004,120.4,email_campaign,24.0,686566.49,0.0009937888198757764,28606.937083333334
2017-03-09,29725,22479,144087,0.00543,280.9,paid_search,37.0,1090058.54,0.0012447434819175779,29461.04162162162
2017-03-10,25479,20206,107208,0.00343,121.4,paid_search,41.0,1526255.63,0.0016091683347070136,37225.74707317073
2017-03-11,29217,21324,153598,0.00485,206.4,social_media,29.0,920924.21,0.0009925728171954684,31756.00724137931
2017-03-12,28008,20985,90754,0.00346,162.0,organic_search,38.0,866260.28,0.001356755212796344,22796.323157894738
2017-03-13,25233,19194,131380,0.00412,161.0,organic_search,54.0,1586524.05,0.0021400546902865295,29380.075
2017-03-14,27428,19351,134330,0.00442,146.4,email_campaign,26.0,591597.72,0.0009479364153419863,22753.758461538462
2017-03-15,26362,19478,121330,0.00423,169.9,organic_search,62.0,2219336.79,0.00235187011607617,35795.754677419354
2017-03-16,23997,18520,93928,0.00322,291.2,social_media,62.0,1957345.5,0.0025836562903696295,31570.08870967742
2017-03-17,28117,20066,102977,0.00454,133.2,direct,20.0,464398.62,0.0007113134402674539,23219.931
2017-03-18,26019,21045,122810,0.00426,313.8,direct,15.0,458480.61,0.0005765017871555402,30565.374
2017-03-19,30770,24465,120261,0.00578,293.9,organic_search,55.0,1581112.32,0.0017874553136171597,28747.49672727273
2017-03-20,26717,21702,140692,0.00558,190.1,social_media,43.0,918540.5700000001,0.001609462140210353,21361.408604651166
2017-03-21,28025,21297,140613,0.00496,256.3,paid_search,59.0,1460486.75,0.002105263157894737,24754.012711864405
2017-03-22,29633,22377,125447,0.00386,118.4,social_media,45.0,845308.6900000001,0.001518577261836466,18784.637555555557
2017-03-23,27385,19403,112532,0.00331,228.8,direct,24.0,522684.24,0.0008763921855030126,21778.51
2017-03-24,29258,21262,108868,0.00379,185.0,direct,32.0,546941.64,0.0010937179574817145,17091.92625
2017-03-25,24253,19444,80650,0.00541,313.7,social_media,47.0,1229016.5899999999,0.001937904589122995,26149.28914893617
2017-03-26,25932,20343,85961,0.00502,268.4,organic_search,64.0,1277827.41,0.0024679932130186643,19966.05328125
2017-03-27,28655,22329,106341,0.00349,146.1,referral,21.0,493031.19,0.0007328563950444949,23477.675714285713
2017-03-28,27352,19599,104654,0.00538,216.2,email_campaign,43.0,944364.3,0.001572097104416496,21961.96046511628
2017-03-29,24119,17923,116628,0.00461,148.0,paid_search,87.0,1690808.23,0.0036071147228326217,19434.57735632184
2017-03-30,26971,19071,86387,0.00398,233.3,social_media,141.0,2897708.07,0.005227837306736866,20551.121063829785
2017-03-31,24915,20002,92676,0.00326,149.1,referral,53.0,1090330.32,0.0021272325908087497,20572.270188679246
2017-04-01,38431,28563,187339,0.00481,266.5,paid_search,116.0,2428521.59,0.003018396606905883,20935.53094827586
2017-04-02,40207,28170,178934,0.00426,290.7,email_campaign,51.0,1238663.8,0.0012684358445046882,24287.52549019608
2017-04-03,33072,25843,112801,0.00483,223.1,organic_search,143.0,3363230.94,0.004323899371069182,23519.09748251748
2017-04-04,33989,27225,155858,0.0039,175.9,paid_search,38.0,757721.17,0.0011180087675424402,19940.030789473687
2017-04-05,36364,25936,177513,0.00454,251.2,social_media,38.0,742687.84,0.001044989550104499,19544.416842105264
2017-04-06,34141,24945,126208,0.00403,257.5,paid_search,28.0,696471.95,0.0008201282914970271,24873.99821428571
2017-04-07,32188,25653,157226,0.0051,169.4,paid_search,23.0,479461.51,0.0007145520069591152,20846.15260869565
2017-04-08,40281,28931,155181,0.00332,192.8,referral,16.0,327169.82,0.00039720960254214144,20448.11375
2017-04-09,34091,24873,185984,0.00379,247.1,social_media,44.0,1050996.66,0.001290663224898067,23886.287727272724
2017-04-10,33877,24739,131585,0.0058,202.9,email_campaign,25.0,549796.31,0.0007379638102547451,21991.852400000003
2017-04-11,32932,23764,125962,0.00334,126.2,email_campaign,36.0,986517.01,0.0010931616664642293,27403.250277777777
2017-04-12,35148,27088,152289,0.00386,282.4,organic_search,84.0,1642232.1,0.002389894161829976,19550.382142857143
2017-04-13,42500,34195,161371,0.00475,205.0,social_media,45.0,764751.31,0.0010588235294117646,16994.473555555556
2017-04-14,37043,27050,185341,0.00473,202.5,paid_search,49.0,1083170.08,0.0013227870312879626,22105.511836734695
2017-04-15,35179,26145,114493,0.00431,209.5,referral,22.0,459522.27999999997,0.0006253730919014185,20887.376363636362
2017-04-16,33153,24240,136032,0.00321,139.1,paid_search,60.0,1462615.42,0.001809790969143064,24376.923666666666
2017-04-17,28523,22616,137529,0.00333,239.8,organic_search,47.0,1204476.6,0.00164779300915051,25627.16170212766
2017-04-18,32079,24550,106023,0.00323,112.9,organic_search,67.0,1828070.82,0.0020885937840955143,27284.639104477614
2017-04-19,35793,26391,161461,0.00556,213.5,paid_search,81.0,2132932.01,0.002263012320844858,26332.49395061728
2017-04-20,37700,30613,156417,0.0042,226.6,email_campaign,36.0,951716.42,0.0009549071618037135,26436.567222222224
2017-04-21,34469,27342,113849,0.00486,187.9,paid_search,36.0,1193917.64,0.0010444167222721866,33164.37888888889
2017-04-22,35014,27749,178933,0.00432,150.9,organic_search,57.0,1341944.48,0.0016279202604672417,23542.885614035087
2017-04-23,34949,27137,154407,0.0035,185.7,organic_search,56.0,2179490.25,0.0016023348307533836,38919.46875
2017-04-24,39024,29763,128812,0.00528,122.4,social_media,53.0,1455116.59,0.001358138581385814,27455.030000000002
2017-04-25,32804,26730,168725,0.00474,203.1,paid_search,70.0,1587211.81,0.002133886111449823,22674.45442857143
2017-04-26,37962,27673,208232,0.00388,280.4,referral,46.0,1350057.61,0.001211738053843317,29349.07847826087
2017-04-27,33066,26305,130394,0.00534,227.0,social_media,78.0,1741063.87,0.0023589185265831974,22321.33166666667
2017-04-28,39311,31002,183407,0.00544,204.0,social_media,77.0,2382476.44,0.0019587392841698254,30941.252467532468
2017-04-29,34984,26887,117941,0.00339,313.7,social_media,123.0,3316315.46,0.003515892979647839,26961.91430894309
2017-04-30,33629,23674,152003,0.0039,113.5,email_campaign,46.0,1173481.33,0.0013678670195367093,25510.463695652175
2017-05-01,35419,28180,139200,0.00484,247.5,referral,41.0,1148067.68,0.0011575707953358366,28001.650731707316
2017-05-02,31907,25516,137623,0.00405,124.1,referral,44.0,1428582.16,0.001379007741248002,32467.776363636363
2017-05-03,32706,26684,159335,0.00379,103.6,paid_search,78.0,2179691.7,0.002384883507613282,27944.765384615388
2017-05-04,40776,31284,177898,0.00339,274.0,email_campaign,27.0,903663.16,0.0006621542083578575,33469.00592592593
2017-05-05,34742,26251,146458,0.00377,254.8,social_media,45.0,1596250.32,0.0012952622186402625,35472.22933333334
2017-05-06,32822,25112,108429,0.00358,254.5,email_campaign,13.0,366801.94,0.00039607580281518495,28215.533846153845
2017-05-07,31502,25544,126351,0.00525,209.4,social_media,40.0,1177919.29,0.001269760650117453,29447.98225
2017-05-08,38996,31829,154237,0.00419,185.4,organic_search,51.0,1620317.0,0.0013078264437378193,31770.92156862745
2017-05-09,32416,23982,130327,0.00383,296.1,organic_search,67.0,1836548.54,0.0020668805528134254,27411.17223880597
2017-05-10,31077,21933,108879,0.00331,198.6,organic_search,76.0,1832159.66,0.002445538501142324,24107.36394736842
2017-05-11,40565,31416,187398,0.00356,102.6,paid_search,78.0,2130387.08,0.0019228398866017503,27312.65487179487
2017-05-12,36556,28715,185671,0.00557,177.5,paid_search,75.0,2084419.3,0.002051646788488894,27792.257333333335
2017-05-13,36185,25745,115795,0.00355,162.9,paid_search,52.0,1495365.99,0.001437059555064253,28757.03826923077
2017-05-14,35091,25607,124227,0.00346,108.7,social_media,41.0,1127480.69,0.001168390755464364,27499.529024390242
2017-05-15,30119,22719,105449,0.00395,104.1,email_campaign,24.0,582840.31,0.0007968392044888609,24285.01291666667
2017-05-16,29307,21668,114024,0.0056,279.4,organic_search,71.0,1997254.91,0.0024226294059439724,28130.35084507042
2017-05-17,35769,25156,117395,0.00454,279.9,email_campaign,37.0,1151642.26,0.0010344152757974783,31125.466486486486
2017-05-18,30812,22207,157739,0.00457,132.3,direct,31.0,953081.24,0.0010061015188887446,30744.55612903226
2017-05-19,33045,26472,149938,0.00441,280.1,paid_search,74.0,1995167.6300000001,0.002239370555303374,26961.724729729733
2017-05-20,35913,28096,193013,0.00538,308.4,email_campaign,22.0,921050.94,0.0006125915406677248,41865.95181818181
2017-05-21,33719,27372,161464,0.0057,117.1,social_media,48.0,1402615.89,0.001423529760669059,29221.164374999997
2017-05-22,30096,23024,119937,0.00501,254.2,social_media,51.0,1559811.21,0.0016945773524720893,30584.533529411765
2017-05-23,36796,28201,184009,0.00447,301.7,referral,25.0,662173.95,0.0006794216762691597,26486.958
2017-05-24,33264,25804,148653,0.00328,245.9,paid_search,68.0,1861197.1300000001,0.002044252044252044,27370.546029411766
2017-05-25,42164,30899,163992,0.00414,210.7,organic_search,128.0,3623884.02,0.0030357651076747937,28311.59390625
2017-05-26,38464,29297,162907,0.00345,219.4,paid_search,86.0,2755247.46,0.00223585690515807,32037.7611627907
2017-05-27,37792,26861,164495,0.00512,216.1,social_media,51.0,1295112.28,0.0013494919559695173,25394.358431372548
2017-05-28,36429,25857,184949,0.00459,219.3,organic_search,67.0,1824609.8800000001,0.0018391940486974664,27232.983283582093
2017-05-29,37677,27433,176246,0.00471,318.5,direct,19.0,324428.76,0.0005042864346949068,17075.197894736844
2017-05-30,33980,26896,157781,0.00511,149.0,organic_search,167.0,4316424.3,0.0049146556798116536,25846.852095808383
2017-05-31,33594,25749,174323,0.00519,102.6,social_media,118.0,3238366.45,0.0035125319997618624,27443.783474576274
2017-06-01,35023,25765,160167,0.00423,101.6,email_campaign,80.0,2141270.1,0.0022842132313051424,26765.87625
2017-06-02,34130,26604,146895,0.00339,212.5,social_media,126.0,3337855.42,0.003691766774099033,26490.91603174603
2017-06-03,35091,27042,133878,0.00328,280.5,paid_search,134.0,3752295.39,0.0038186429568835313,28002.204402985077
2017-06-04,35649,26916,179071,0.00382,260.0,paid_search,40.0,1397555.26,0.0011220511094280346,34938.8815
2017-06-05,35826,29166,119666,0.00458,145.8,social_media,37.0,935097.38,0.0010327694970133422,25272.90216216216
2017-06-06,32575,25695,133505,0.00334,124.0,referral,18.0,565433.0,0.0005525709900230238,31412.944444444445
2017-06-07,39435,29407,178969,0.0045,195.7,organic_search,85.0,2453317.42,0.0021554456700900214,28862.55788235294
2017-06-08,40944,33493,180190,0.00556,129.4,paid_search,63.0,1669665.62,0.0015386869871043376,26502.628888888892
2017-06-09,35721,27148,133317,0.00387,207.7,direct,16.0,387479.02,0.00044791579183113577,24217.43875
2017-06-10,33686,24717,143139,0.0038,305.6,organic_search,59.0,1679434.4,0.0017514694531852995,28464.98983050847
2017-06-11,35853,25199,143300,0.00399,180.7,email_campaign,22.0,573585.48,0.0006136167126879202,26072.067272727272
2017-06-12,31576,23416,141683,0.00469,275.5,paid_search,56.0,1435661.56,0.00177349885989359,25636.81357142857
2017-06-13,37243,27019,175384,0.00489,110.5,paid_search,59.0,1775607.68,0.001584190317643584,30095.045423728814
2017-06-14,37351,29518,179754,0.00403,122.5,social_media,85.0,2334220.93,0.002275708816363685,27461.422705882356
2017-06-15,36969,25886,188129,0.00463,205.3,organic_search,68.0,1820271.23,0.0018393789391111472,26768.69455882353
2017-06-16,34268,28084,145117,0.0055,256.6,organic_search,75.0,2515457.62,0.0021886307925761644,33539.43493333334
2017-06-17,34308,27419,171234,0.00571,218.3,direct,26.0,717914.24,0.0007578407368543779,27612.086153846154
2017-06-18,32370,23780,143718,0.00394,253.9,paid_search,62.0,2017780.22,0.0019153537225826383,32544.842258064516
2017-06-19,33905,25119,108701,0.0037,254.3,organic_search,70.0,1947534.31,0.0020645922430320013,27821.918714285715
2017-06-20,34714,27073,188181,0.00439,223.6,paid_search,74.0,1954654.03,0.0021317047876937257,26414.243648648648
2017-06-21,35493,27221,143116,0.00353,204.6,paid_search,92.0,2720883.82,0.002592060406277294,29574.82413043478
2017-06-22,35661,25646,158778,0.00433,270.2,organic_search,106.0,2603711.27,0.002972434872830263,24563.313867924528
2017-06-23,33715,24358,120962,0.00321,102.8,referral,20.0,672604.8,0.0005932077710218003,33630.240000000005
2017-06-24,35424,25113,130720,0.00451,141.1,direct,20.0,519881.27999999997,0.0005645889792231255,25994.064
2017-06-25,36412,28892,119913,0.00551,317.2,paid_search,63.0,1754664.5,0.0017301988355487201,27851.81746031746
2017-06-26,30718,23077,136114,0.00518,310.6,organic_search,88.0,1887102.26,0.0028647698417865746,21444.343863636364
2017-06-27,35040,27683,132527,0.00577,233.5,social_media,86.0,1596354.0,0.002454337899543379,18562.25581395349
2017-06-28,42111,34054,146124,0.00511,191.7,organic_search,144.0,2571458.75,0.0034195340884804444,17857.352430555555
2017-06-29,37150,27468,120218,0.00421,124.4,organic_search,184.0,3372406.08,0.004952893674293405,18328.29391304348
2017-06-30,35611,25213,157515,0.00353,156.5,organic_search,144.0,2480469.95,0.00404369436410098,17225.48576388889
2017-07-01,27145,22248,147955,0.00368,234.5,referral,39.0,718274.14,0.001436728679314791,18417.285641025643
2017-07-02,23645,16898,105672,0.00439,257.1,social_media,64.0,1363512.48,0.002706703319940791,21304.8825
2017-07-03,29634,22682,146736,0.00543,260.1,paid_search,53.0,1133321.84,0.0017884861982857528,21383.430943396226
2017-07-04,23817,17795,91606,0.00345,284.0,organic_search,14.0,276190.88,0.0005878154259562498,19727.920000000002
2017-07-05,30269,22948,122353,0.00578,199.5,organic_search,28.0,482212.11,0.0009250388185932803,17221.86107142857
2017-07-06,25118,18918,82615,0.0057,312.3,organic_search,48.0,906494.97,0.0019109801735806991,18885.311875
2017-07-07,26598,18854,90748,0.00491,128.4,email_campaign,19.0,516131.49,0.0007143394240168434,27164.815263157896
2017-07-08,25459,19735,132902,0.00547,203.4,email_campaign,15.0,243559.86,0.0005891826073294316,16237.323999999999
2017-07-09,26766,20461,123557,0.00459,180.9,organic_search,44.0,1072716.88,0.0016438765598146903,24379.92909090909
2017-07-10,29237,23394,130703,0.00479,287.9,social_media,37.0,765606.3300000001,0.0012655197181653385,20692.062972972974
2017-07-11,26995,20036,108610,0.00546,260.5,email_campaign,27.0,597836.82,0.0010001852194850898,22142.10444444444
2017-07-12,26508,20514,98051,0.00523,154.8,organic_search,59.0,1193070.8,0.002225743171872642,20221.538983050847
2017-07-13,27766,21735,135675,0.00339,100.2,direct,26.0,495873.83,0.0009363970323417129,19072.070384615385
2017-07-14,28660,22433,96760,0.00511,165.1,email_campaign,21.0,324742.98,0.0007327285415212841,15463.951428571429
2017-07-15,28075,20085,111258,0.00333,234.6,paid_search,51.0,1084410.91,0.0018165627782724845,21262.959019607842
2017-07-16,27449,19255,149747,0.00324,211.5,direct,19.0,278536.7,0.0006921927939087034,14659.826315789474
2017-07-17,25338,19798,118388,0.00494,118.4,social_media,52.0,1071047.24,0.0020522535322440604,20597.062307692308
2017-07-18,30601,24469,141407,0.00476,233.4,social_media,53.0,956719.44,0.0017319695434789713,18051.310188679243
2017-07-19,29232,23099,131517,0.00432,309.9,email_campaign,31.0,601075.3300000001,0.0010604816639299397,19389.52677419355
2017-07-20,27033,19410,112947,0.00459,260.3,email_campaign,34.0,650489.35,0.0012577220434284023,19132.03970588235
2017-07-21,26517,19629,88480,0.00414,183.2,email_campaign,30.0,658589.69,0.0011313497001923295,21952.989666666665
2017-07-22,27599,20340,104019,0.00502,254.5,paid_search,40.0,1147341.22,0.0014493278741983405,28683.5305
2017-07-23,25790,18090,117908,0.00561,213.1,email_campaign,26.0,640776.9,0.0010081426909654904,24645.265384615384
2017-07-24,29863,22909,115978,0.0035,207.0,email_campaign,24.0,704609.57,0.0008036700934266484,29358.732083333332
2017-07-25,30138,21262,110196,0.00477,280.9,social_media,44.0,1501728.32,0.0014599508925608865,34130.189090909094
2017-07-26,29732,22503,146625,0.00403,289.5,direct,21.0,571085.1699999999,0.0007063096999865465,27194.5319047619
2017-07-27,26209,19977,93723,0.00396,281.2,social_media,73.0,2077215.44,0.002785302758594376,28455.00602739726
2017-07-28,25463,19086,122555,0.00416,135.1,email_campaign,32.0,1035487.96,0.0012567254447629894,32358.99875
2017-07-29,25990,18977,137669,0.00502,108.7,paid_search,50.0,1587093.01,0.001923816852635629,31741.8602
2017-07-30,31426,23608,165188,0.00561,100.8,paid_search,68.0,1883708.41,0.002163813402914784,27701.59426470588
2017-07-31,25165,19158,119787,0.00522,123.9,referral,35.0,739429.59,0.0013908205841446453,21126.559714285715
2017-08-01,28290,22258,146911,0.00577,181.6,referral,31.0,467766.62,0.0010957935666313185,15089.245806451612
2017-08-02,26788,20979,114784,0.00423,271.5,direct,37.0,590970.0,0.0013812154696132596,15972.162162162162
2017-08-03,31496,22536,143701,0.00427,285.1,social_media,82.0,1407057.66,0.002603505207010414,17159.23975609756
2017-08-04,30889,23962,151068,0.0034,185.8,email_campaign,35.0,544987.98,0.0011330894493185276,15571.085142857142
2017-08-05,34707,27103,183550,0.00566,266.9,paid_search,19.0,400824.68,0.0005474399976949895,21096.035789473684
2017-08-06,35889,25345,116865,0.00401,209.5,paid_search,24.0,403081.14,0.0006687285797876786,16795.0475
2017-08-07,31053,24200,119017,0.00353,228.7,email_campaign,20.0,423797.55,0.0006440601552184974,21189.8775
2017-08-08,30612,21678,109280,0.00374,309.4,organic_search,32.0,548675.12,0.0010453416960669018,17146.0975
2017-08-09,31315,23629,161035,0.00433,287.5,paid_search,46.0,629784.84,0.0014689445952418968,13690.974782608695
2017-08-10,33136,24768,140706,0.00397,298.9,direct,12.0,129221.01000000001,0.00036214389183969096,10768.417500000001
2017-08-11,30520,21870,130101,0.00446,264.1,organic_search,54.0,791725.09,0.0017693315858453473,14661.57574074074
2017-08-12,31638,24053,168384,0.00465,198.6,organic_search,43.0,736635.19,0.0013591251027245718,17131.050930232555
2017-08-13,33074,25703,134513,0.00339,181.1,organic_search,38.0,435090.41,0.0011489387434238374,11449.747631578946
2017-08-14,34068,27358,160835,0.00476,163.2,organic_search,58.0,875320.91,0.0017024773981448866,15091.739827586207
2017-08-15,35864,25366,115515,0.00534,219.2,organic_search,45.0,788667.28,0.0012547401293776489,17525.939555555557
2017-08-16,33700,25872,170639,0.0045,144.8,social_media,39.0,578336.74,0.0011572700296735906,14829.14717948718
2017-08-17,28915,20843,111578,0.00344,250.4,organic_search,62.0,1066671.75,0.00214421580494553,17204.38306451613
2017-08-18,30910,21663,162728,0.00545,104.9,organic_search,67.0,1050346.3,0.002167583306373342,15676.810447761194
2017-08-19,32936,25133,134014,0.00476,117.1,direct,16.0,217504.29,0.00048579062424095217,13594.018125
2017-08-20,33483,25702,121266,0.00361,149.8,organic_search,38.0,633098.9299999999,0.001134904279783771,16660.498157894734
2017-08-21,30617,24399,136168,0.00572,170.5,organic_search,44.0,711867.69,0.001437110102230787,16178.811136363634
2017-08-22,34121,24435,178933,0.00379,296.8,direct,18.0,286307.24,0.0005275343630022567,15905.957777777778
2017-08-23,34443,27665,164113,0.00425,252.9,referral,20.0,300759.17,0.0005806695119472752,15037.958499999999
2017-08-24,31644,25469,118814,0.00424,114.5,organic_search,77.0,1208589.0,0.002433320692706358,15695.961038961039
2017-08-25,33330,24632,156353,0.00353,166.7,social_media,43.0,833678.62,0.0012901290129012902,19387.87488372093
2017-08-26,32780,24563,144906,0.00363,198.2,organic_search,38.0,681991.47,0.0011592434411226357,17947.14394736842
2017-08-27,35204,26254,132453,0.00414,306.4,direct,18.0,249471.97,0.0005113055334621066,13859.55388888889
2017-08-28,28810,22222,120902,0.0044,299.8,email_campaign,21.0,364830.17,0.0007289135716765013,17372.865238095237
2017-08-29,32051,23655,174402,0.00478,267.7,organic_search,141.0,2189004.51,0.004399238713300677,15524.854680851062
2017-08-30,30624,21466,126950,0.004,189.6,social_media,93.0,1543314.86,0.003036833855799373,16594.783440860218
2017-08-31,31077,22060,161632,0.00411,198.8,organic_search,126.0,1864308.23,0.00405444540978859,14796.097063492063
2017-09-01,20846,16703,76000,0.00525,112.3,organic_search,99.0,1580424.64,0.0047491125395759375,15963.885252525251
2017-09-02,23091,18684,106469,0.00431,126.4,social_media,71.0,1250281.85,0.0030747910441297475,17609.603521126763
2017-09-03,19088,13619,80620,0.00412,261.1,paid_search,19.0,447509.54000000004,0.0009953897736797988,23553.133684210527
2017-09-04,22223,17808,119084,0.00525,134.6,referral,4.0,141542.66,0.00017999370022049228,35385.665
2017-09-05,22874,17929,110468,0.00348,181.6,organic_search,47.0,1258904.42,0.002054734633208009,26785.20042553191
2017-09-06,23093,18419,87810,0.00364,127.8,email_campaign,12.0,388938.32,0.0005196379855367427,32411.52666666667
2017-09-07,24979,18665,82315,0.00575,212.2,organic_search,21.0,719327.64,0.0008407061932022899,34253.69714285714
2017-09-08,19331,15167,102782,0.00366,319.4,direct,4.0,74540.89,0.00020692152501163933,18635.2225
2017-09-09,19179,15303,92723,0.00327,176.9,organic_search,31.0,960120.1,0.0016163512174774493,30971.616129032256
2017-09-10,22223,15732,82195,0.00437,257.9,email_campaign,15.0,420343.93,0.0006749763758268461,28022.928666666667
2017-09-11,20980,15408,88063,0.00574,310.3,organic_search,41.0,966514.83,0.0019542421353670163,23573.532439024388
2017-09-12,22613,15960,108189,0.00361,171.2,referral,20.0,337396.2,0.0008844469995135542,16869.81
2017-09-13,23911,16994,111917,0.00321,145.2,organic_search,58.0,1481123.1500000001,0.002425661829283593,25536.60603448276
2017-09-14,21462,15173,105722,0.00534,215.0,paid_search,18.0,377462.11,0.0008386916410399776,20970.117222222223
2017-09-15,18682,14184,86802,0.00554,236.3,organic_search,42.0,1018787.4700000001,0.0022481533026442566,24256.844523809526
2017-09-16,23441,17775,78852,0.00466,191.4,social_media,33.0,972067.61,0.0014077897700610043,29456.594242424242
2017-09-17,21658,16922,102167,0.00578,138.3,paid_search,33.0,640453.78,0.0015236863976359775,19407.690303030304
2017-09-18,26686,20277,86684,0.0033,231.8,social_media,41.0,879074.63,0.0015363861200629544,21440.844634146342
2017-09-19,22505,16516,111810,0.00395,304.1,email_campaign,30.0,898095.1799999999,0.0013330371028660297,29936.505999999998
2017-09-20,23533,18431,80584,0.00368,281.9,referral,21.0,443827.46,0.0008923639145030383,21134.640952380953
2017-09-21,25061,18573,86344,0.00363,177.0,organic_search,45.0,889085.7000000001,0.0017956186903954352,19757.460000000003
2017-09-22,22964,18801,98691,0.00435,131.3,paid_search,30.0,697208.02,0.0013063926145270859,23240.267333333333
2017-09-23,20569,16593,70094,0.00424,198.6,paid_search,39.0,827606.44,0.001896057173416306,21220.67794871795
2017-09-24,20937,15172,72188,0.00499,130.0,referral,23.0,542596.81,0.0010985336963270766,23591.165652173917
2017-09-25,23029,18798,118847,0.00574,246.0,organic_search,55.0,1418585.2,0.0023882930218420253,25792.45818181818
2017-09-26,23233,18525,97864,0.00449,120.3,social_media,44.0,635857.55,0.0018938578745749581,14451.307954545455
2017-09-27,18923,13403,94972,0.00425,271.7,email_campaign,39.0,838217.67,0.0020609839877397877,21492.760769230772
2017-09-28,21195,16470,108775,0.00484,244.4,referral,28.0,684178.4400000001,0.0013210662892191554,24434.94428571429
2017-09-29,20000,16351,77127,0.00422,253.6,paid_search,51.0,948756.28,0.00255,18603.064313725492
2017-09-30,22021,16969,95903,0.00344,111.8,paid_search,48.0,812615.96,0.002179737523273239,16929.499166666665
2017-10-01,17915,14178,59367,0.00358,161.5,social_media,32.0,671079.44,0.0017862126709461345,20971.2325
2017-10-02,16833,12837,82412,0.00404,123.3,paid_search,19.0,371479.3,0.001128735222479653,19551.542105263157
2017-10-03,18334,14736,66664,0.00402,148.4,paid_search,21.0,475424.16000000003,0.001145412894076579,22639.245714285717
2017-10-04,17386,13879,59820,0.00513,127.7,referral,16.0,669205.1900000001,0.0009202806856091108,41825.324375000004
2017-10-05,17122,12358,80059,0.00543,246.5,referral,6.0,199886.28999999998,0.00035042635206167504,33314.38166666666
2017-10-06,15453,10992,79238,0.00447,166.0,referral,9.0,261302.28,0.0005824111822947001,29033.586666666666
2017-10-07,19468,13738,96644,0.00383,137.9,organic_search,33.0,937392.1900000001,0.0016950893774399015,28405.82393939394
2017-10-08,16925,13107,66952,0.00416,114.9,organic_search,34.0,1103537.68,0.0020088626292466766,32456.99058823529
2017-10-09,18314,13255,83649,0.00363,274.5,organic_search,25.0,792980.5599999999,0.001365075898219941,31719.2224
2017-10-10,16264,11813,65359,0.00543,113.2,organic_search,32.0,814795.5599999999,0.001967535661583866,25462.361249999998
2017-10-11,17697,14266,67961,0.00426,291.3,paid_search,34.0,1069620.41,0.0019212295869356388,31459.42382352941
2017-10-12,17354,13593,92248,0.00401,151.3,email_campaign,20.0,757404.2899999999,0.0011524720525527255,37870.214499999995
2017-10-13,19097,14182,78609,0.0048,292.7,email_campaign,10.0,202713.88,0.000523642456930408,20271.388
2017-10-14,17842,14135,58830,0.0052,257.3,organic_search,26.0,577276.6799999999,0.0014572357359040466,22202.949230769227
2017-10-15,15929,12116,79246,0.00506,200.9,paid_search,23.0,641785.72,0.001443907338815996,27903.72695652174
2017-10-16,18508,15059,79703,0.00537,295.6,paid_search,26.0,857308.81,0.0014047979252215259,32973.41576923077
2017-10-17,14949,11039,59306,0.00527,275.8,paid_search,26.0,1056091.06,0.0017392467723593551,40618.88692307693
2017-10-18,19764,15554,71338,0.00403,271.7,direct,19.0,590309.3,0.0009613438575187209,31068.91052631579
2017-10-19,17442,12576,80272,0.00328,221.9,organic_search,42.0,1003140.95,0.002407980736154111,23884.30833333333
2017-10-20,17968,14229,95705,0.00424,134.0,organic_search,21.0,544481.28,0.0011687444345503117,25927.68
2017-10-21,18349,14662,66645,0.00549,197.8,organic_search,44.0,1228885.68,0.002397950842007739,27929.219999999998
2017-10-22,18520,14092,73426,0.00568,156.9,direct,10.0,168091.63,0.0005399568034557236,16809.163
2017-10-23,16768,12376,70432,0.00494,101.3,organic_search,31.0,1021711.56,0.0018487595419847329,32958.43741935484
2017-10-24,17739,12781,65769,0.00571,178.4,referral,10.0,279999.96,0.000563729635266926,27999.996000000003
2017-10-25,19179,15268,72475,0.00538,139.2,organic_search,50.0,1433717.52,0.0026070180927055633,28674.3504
2017-10-26,19358,14916,98511,0.00367,161.3,paid_search,38.0,1014298.0499999999,0.0019630127079243724,26692.05394736842
2017-10-27,17948,12685,93032,0.00562,234.1,organic_search,30.0,823679.34,0.0016714954312458212,27455.978
2017-10-28,18092,13116,88459,0.00565,280.4,organic_search,40.0,929173.2,0.002210921954455008,23229.329999999998
2017-10-29,19456,14861,97374,0.00559,300.3,organic_search,88.0,2001973.14,0.004523026315789474,22749.69477272727
2017-10-30,16394,12277,56462,0.00393,113.5,referral,16.0,431508.22000000003,0.0009759668171282176,26969.263750000002
2017-10-31,17456,13639,85404,0.00416,197.9,social_media,42.0,1174352.67,0.0024060494958753438,27960.777857142857
2017-11-01,14321,11372,51949,0.00464,115.8,email_campaign,32.0,820827.27,0.00223448083234411,25650.8521875
2017-11-02,12018,9483,44492,0.00433,118.6,social_media,42.0,1429882.22,0.003494757863205192,34044.81476190476
2017-11-03,15192,12008,52311,0.00436,280.2,social_media,16.0,479008.37,0.00105318588730911,29938.023125
2017-11-04,13373,10254,64034,0.00544,135.6,organic_search,22.0,455653.55,0.0016451058102146116,20711.524999999998
2017-11-05,13852,11242,56895,0.00507,109.8,organic_search,24.0,694316.09,0.0017326017903551833,28929.837083333332
2017-11-06,14695,10725,75189,0.00513,120.7,social_media,27.0,703632.7,0.0018373596461381421,26060.470370370367
2017-11-07,14231,10696,72485,0.00553,293.8,email_campaign,17.0,429357.91000000003,0.0011945752231044902,25256.347647058825
2017-11-08,15737,12892,70203,0.00373,178.2,referral,10.0,233626.33000000002,0.0006354451293130838,23362.633
2017-11-09,14570,10374,71269,0.00574,315.4,direct,7.0,110540.01999999999,0.0004804392587508579,15791.431428571426
2017-11-10,12163,8640,46045,0.00459,307.7,social_media,22.0,773978.73,0.0018087642851270247,35180.851363636364
2017-11-11,14199,10391,69029,0.00567,295.8,email_campaign,13.0,437001.43,0.000915557433622086,33615.49461538462
2017-11-12,16862,12751,72373,0.00366,291.1,paid_search,25.0,652269.1,0.0014826236508124777,26090.764
2017-11-13,15862,12395,55608,0.00456,169.2,social_media,28.0,713885.92,0.00176522506619594,25495.925714285717
2017-11-14,14054,11085,48002,0.00456,142.3,paid_search,38.0,1130800.25,0.0027038565532944356,29757.901315789473
2017-11-15,17195,12430,84000,0.00338,203.6,social_media,26.0,738158.12,0.001512067461471358,28390.696923076925
2017-11-16,16292,12647,89319,0.00512,301.3,organic_search,35.0,825136.17,0.0021482936410508226,23575.319142857144
2017-11-17,15449,10944,60520,0.00578,261.8,organic_search,24.0,405444.33999999997,0.0015534986083241633,16893.514166666664
2017-11-18,13233,9863,59263,0.00566,178.4,social_media,17.0,427904.45,0.0012846671200785914,25170.850000000002
2017-11-19,17300,12388,88596,0.00548,138.4,referral,11.0,189144.68,0.0006358381502890173,17194.97090909091
2017-11-20,14606,10292,59542,0.00454,262.1,paid_search,26.0,601671.34,0.0017800903738189786,23141.205384615383
2017-11-21,12991,10410,66044,0.00532,226.9,paid_search,18.0,375860.31,0.0013855746285890232,20881.128333333334
2017-11-22,16414,11974,54277,0.0039,317.1,organic_search,31.0,507855.47,0.001888631655903497,16382.434516129031
2017-11-23,16073,12474,84984,0.00478,196.5,referral,7.0,115394.88,0.00043551297206495364,16484.98285714286
2017-11-24,16534,12308,76128,0.0032,177.6,social_media,19.0,276099.31,0.0011491472118059756,14531.542631578946
2017-11-25,13887,10739,47740,0.00575,301.4,paid_search,26.0,328368.6,0.0018722546266292217,12629.561538461538
2017-11-26,15331,11878,56009,0.00497,140.4,social_media,32.0,418701.8,0.0020872741504141933,13084.43125
2017-11-27,15891,11381,78015,0.00393,264.9,organic_search,47.0,732315.11,0.0029576489837014664,15581.172553191489
2017-11-28,14540,11330,46626,0.00439,279.2,email_campaign,38.0,682158.5,0.0026134800550206326,17951.53947368421
2017-11-29,14488,11480,59571,0.00528,269.2,social_media,34.0,551663.78,0.0023467697404748757,16225.405294117649
2017-11-30,15443,12167,53521,0.00435,129.7,paid_search,53.0,836876.35,0.0034319756523991454,15790.119811320754
2017-12-01,16368,12107,53712,0.00464,256.7,organic_search,31.0,519167.25,0.001893939393939394,16747.33064516129
2017-12-02,15521,10884,85143,0.00557,264.0,paid_search,26.0,316224.72,0.0016751497970491592,12162.48923076923
2017-12-03,16466,11801,81064,0.00566,104.3,social_media,11.0,143135.34,0.000668043240617029,13012.303636363637
2017-12-04,17262,13107,70326,0.00328,218.7,paid_search,19.0,265551.84,0.0011006835824354073,13976.412631578949
2017-12-05,15001,11194,79075,0.00421,144.5,social_media,19.0,312369.56,0.0012665822278514767,16440.50315789474
2017-12-06,18173,14139,71724,0.00558,250.7,referral,9.0,131750.62,0.0004952401914928741,14638.957777777778
2017-12-07,15975,12565,77815,0.00475,156.8,organic_search,27.0,534472.8,0.0016901408450704226,19795.288888888892
2017-12-08,15992,12153,80340,0.0056,107.2,organic_search,22.0,405479.83,0.001375687843921961,18430.901363636363
2017-12-09,15565,11541,78310,0.00427,307.6,organic_search,19.0,250663.47,0.001220687439768712,13192.814210526316
2017-12-10,17215,13767,92344,0.00427,225.4,paid_search,22.0,315916.32,0.0012779552715654952,14359.832727272727
2017-12-11,17260,12272,94346,0.00406,229.9,organic_search,26.0,265397.54,0.0015063731170336038,10207.597692307692
2017-12-12,17386,13528,75549,0.00393,274.4,direct,12.0,186415.34,0.0006902105142068331,15534.611666666666
2017-12-13,16360,12417,89686,0.00325,295.3,referral,15.0,269875.62,0.0009168704156479218,17991.708
2017-12-14,17626,12709,56746,0.00333,252.3,organic_search,47.0,631185.23,0.0026665153750141837,13429.472978723405
2017-12-15,16696,12618,88119,0.00359,256.2,organic_search,40.0,686380.22,0.0023957834211787254,17159.5055
2017-12-16,15380,12573,76990,0.0042,247.9,email_campaign,16.0,171481.38999999998,0.0010403120936280884,10717.586874999999
2017-12-17,16427,12479,56203,0.00504,246.8,social_media,40.0,601100.34,0.0024350155232239607,15027.5085
2017-12-18,16764,13481,92034,0.00394,122.3,referral,13.0,218144.16,0.0007754712479121927,16780.32
2017-12-19,19770,14315,68091,0.00413,310.4,organic_search,49.0,660163.51,0.0024785027819929184,13472.724693877552
2017-12-20,15328,12099,75750,0.00552,285.6,social_media,36.0,500979.31,0.002348643006263048,13916.091944444444
2017-12-21,15794,12560,68764,0.00514,123.8,organic_search,52.0,519140.57,0.0032923895150056984,9983.4725
2017-12-22,16334,12950,56385,0.00354,184.4,paid_search,38.0,465552.58999999997,0.002326435655687523,12251.38394736842
2017-12-23,16850,12718,87565,0.00361,113.8,referral,18.0,169513.44,0.0010682492581602374,9417.413333333334
2017-12-24,18787,13195,88138,0.00328,218.8,organic_search,27.0,311206.43,0.001437163996380476,11526.164074074073
2017-12-25,19152,14167,102672,0.00497,287.8,paid_search,30.0,258939.97999999998,0.0015664160401002505,8631.332666666665
2017-12-26,15201,11994,52565,0.00412,218.5,referral,16.0,180252.22,0.001052562331425564,11265.76375
2017-12-27,17541,13665,71457,0.00556,245.1,email_campaign,27.0,283603.95,0.0015392508978963571,10503.85
2017-12-28,17951,13961,93009,0.00437,165.1,email_campaign,38.0,422255.32,0.002116873711770932,11111.982105263158
2017-12-29,17291,12167,62258,0.00401,314.0,referral,29.0,412481.99,0.0016771730958302007,14223.516896551724
2017-12-30,16564,13467,76662,0.00394,155.2,paid_search,70.0,849170.1,0.004226032359333495,12131.001428571428
2017-12-31,15712,11391,75745,0.00458,169.6,email_campaign,40.0,686065.83,0.0025458248472505093,17151.64575
2018-01-01,13904,10077,53381,0.00323,207.9,organic_search,57.0,880717.7999999999,0.004099539700805524,15451.18947368421
2018-01-02,12928,10507,60337,0.00546,230.0,referral,16.0,317219.38,0.0012376237623762376,19826.21125
2018-01-03,14048,10822,47328,0.00544,274.1,direct,4.0,85917.13,0.0002847380410022779,21479.2825
2018-01-04,11481,9267,37524,0.00376,277.7,email_campaign,4.0,93876.83,0.0003484017071683651,23469.2075
2018-01-05,13547,9619,73673,0.00531,164.9,organic_search,21.0,569840.88,0.001550158706724736,27135.28
2018-01-06,13294,10711,69884,0.0051,115.9,referral,9.0,256129.08,0.0006769971415676245,28458.786666666667
2018-01-07,13866,9930,51120,0.00437,240.3,organic_search,13.0,203597.28,0.0009375450742824174,15661.32923076923
2018-01-08,13310,9713,49025,0.00457,272.2,email_campaign,13.0,416157.97000000003,0.0009767092411720512,32012.15153846154
2018-01-09,13582,9879,67305,0.00545,259.7,organic_search,29.0,711195.59,0.00213517891326756,24523.985862068963
2018-01-10,14394,10246,55185,0.00453,202.3,social_media,19.0,748759.66,0.0013199944421286647,39408.40315789474
2018-01-11,13327,10140,46271,0.00545,149.6,direct,4.0,143396.22,0.00030014256771966684,35849.055
2018-01-12,16056,12141,64034,0.00368,242.1,paid_search,16.0,458524.38,0.000996512207274539,28657.77375
2018-01-13,11440,8719,61413,0.00551,272.6,paid_search,25.0,741231.75,0.0021853146853146855,29649.27
2018-01-14,15058,11539,62934,0.00385,292.4,referral,7.0,212294.53,0.0004648691725328729,30327.79
2018-01-15,12203,9300,47063,0.00567,143.6,organic_search,28.0,870049.67,0.002294517741538966,31073.202500000003
2018-01-16,12004,9665,64845,0.00361,158.7,organic_search,43.0,989399.73,0.003582139286904365,23009.296046511627
2018-01-17,13315,10603,59094,0.00516,180.3,organic_search,31.0,1020424.25,0.002328201276755539,32916.91129032258
2018-01-18,14303,10695,72093,0.00438,231.4,referral,8.0,298239.54,0.0005593232189051248,37279.9425
2018-01-19,14149,10956,56631,0.00352,112.1,direct,3.0,39647.27,0.00021202911866563008,13215.756666666666
2018-01-20,13626,10427,68278,0.0037,294.9,social_media,17.0,532190.52,0.001247614853955673,31305.324705882354
2018-01-21,11820,9291,45315,0.00403,223.9,social_media,25.0,535275.25,0.0021150592216582064,21411.01
2018-01-22,13976,10323,74019,0.00381,168.6,direct,8.0,313201.1,0.0005724098454493417,39150.1375
2018-01-23,14031,10228,45833,0.00359,284.0,social_media,39.0,1234346.88,0.0027795595467179817,31649.92
2018-01-24,13276,9889,56881,0.00327,230.5,social_media,19.0,373644.81,0.001431153962036758,19665.516315789475
2018-01-25,12850,9395,65032,0.00325,190.2,paid_search,16.0,721890.61,0.001245136186770428,45118.163125
2018-01-26,14225,10076,76115,0.00511,239.0,social_media,23.0,840180.8099999999,0.001616871704745167,36529.60043478261
2018-01-27,13116,9200,46423,0.00569,217.4,social_media,18.0,554934.16,0.0013723696248856359,30829.675555555557
2018-01-28,14338,10498,54629,0.00428,114.3,paid_search,25.0,664536.9299999999,0.0017436183568140605,26581.477199999998
2018-01-29,14330,11734,56472,0.00477,111.1,email_campaign,26.0,688146.72,0.0018143754361479413,26467.181538461537
2018-01-30,14184,10806,63903,0.00574,100.8,paid_search,42.0,1020535.11,0.002961082910321489,24298.454999999998
2018-01-31,13111,10727,55626,0.00382,240.7,organic_search,56.0,1492635.7,0.004271222637479978,26654.20892857143
2018-02-01,18158,13551,99763,0.00325,239.1,referral,14.0,368094.31,0.0007710100231303007,26292.450714285715
2018-02-02,20628,15815,77262,0.00542,258.4,social_media,30.0,1111571.53,0.0014543339150668994,37052.384333333335
2018-02-03,17142,12608,84791,0.00332,276.7,paid_search,19.0,502394.23,0.001108388752770972,26441.80157894737
2018-02-04,21937,16156,71702,0.00499,157.9,email_campaign,17.0,630035.08,0.0007749464375256416,37060.88705882353
2018-02-05,20312,14559,94216,0.00522,218.3,organic_search,35.0,933123.17,0.001723119338322174,26660.662
2018-02-06,20841,15923,93977,0.00522,188.6,email_campaign,12.0,540010.49,0.000575788109975529,45000.87416666667
2018-02-07,22384,17511,84703,0.00466,118.5,organic_search,24.0,581745.41,0.001072194424588992,24239.392083333336
2018-02-08,19053,14537,77067,0.00533,296.6,organic_search,19.0,799635.06,0.000997218285834252,42086.055789473685
2018-02-09,23928,17973,97995,0.00367,311.0,paid_search,17.0,443768.65,0.0007104647275158809,26104.03823529412
2018-02-10,17673,12439,84212,0.00446,254.2,paid_search,22.0,596897.1,0.001244836756634414,27131.686363636363
2018-02-11,19511,14638,89520,0.00327,279.7,organic_search,32.0,740034.15,0.0016401004561529394,23126.0671875
2018-02-12,21143,14809,68725,0.00355,318.8,paid_search,31.0,684978.74,0.0014662063094168282,22096.088387096774
2018-02-13,20955,14914,105610,0.00385,272.6,social_media,33.0,767289.8,0.0015748031496062992,23251.206060606062
2018-02-14,22852,17086,124421,0.00358,123.1,organic_search,35.0,1148745.71,0.001531594608786977,32821.306
2018-02-15,21016,16188,93867,0.00515,113.3,organic_search,28.0,826471.22,0.0013323182337266844,29516.829285714284
2018-02-16,18882,15239,64391,0.0035,292.9,paid_search,24.0,625197.9,0.001271051795360661,26049.912500000002
2018-02-17,19469,14949,76665,0.00442,105.0,organic_search,41.0,1131343.06,0.0021059119626072216,27593.73317073171
2018-02-18,21695,15462,109393,0.00533,203.5,direct,7.0,260001.97,0.0003226549896289468,37143.13857142857
2018-02-19,17034,12909,62250,0.00479,227.6,direct,12.0,236615.48,0.0007044734061289186,19717.95666666667
2018-02-20,20969,15753,89224,0.00529,251.8,social_media,36.0,691563.52,0.0017168200677190138,19210.097777777777
2018-02-21,18697,14423,60082,0.00395,311.9,email_campaign,22.0,684546.35,0.001176659357116115,31115.74318181818
2018-02-22,16486,12941,66844,0.00471,296.4,email_campaign,15.0,363590.59,0.0009098629139876258,24239.37266666667
2018-02-23,20807,15501,82589,0.00537,210.0,direct,4.0,58972.950000000004,0.00019224299514586436,14743.237500000001
2018-02-24,18429,13700,81461,0.00461,136.9,email_campaign,9.0,280524.83,0.0004883607357968419,31169.425555555557
2018-02-25,19363,13575,70572,0.0035,235.6,social_media,25.0,613318.98,0.0012911222434540102,24532.7592
2018-02-26,17681,14289,93780,0.00511,143.3,email_campaign,44.0,1140882.26,0.002488547027883038,25929.142272727273
2018-02-27,21338,17159,70800,0.00501,301.0,organic_search,84.0,2252165.37,0.003936638860249321,26811.4925
2018-02-28,23064,18450,121432,0.00462,189.7,organic_search,76.0,2290693.83,0.0032951786333680192,30140.708289473685
2018-03-01,26962,20950,146189,0.00338,223.3,paid_search,52.0,1334711.59,0.0019286403085824494,25667.53057692308
2018-03-02,29092,23279,98813,0.00379,102.6,referral,19.0,563187.12,0.0006531005087309226,29641.427368421053
2018-03-03,27876,21526,149949,0.00378,246.6,paid_search,5.0,189016.11000000002,0.00017936576266322285,37803.222
2018-03-04,30258,21870,124545,0.00383,213.5,email_campaign,3.0,85744.35,9.9147332936744e-05,28581.45
2018-03-05,26618,20081,104341,0.00465,195.2,organic_search,26.0,531741.15,0.0009767826282966413,20451.582692307693
2018-03-06,29196,23434,122158,0.00407,306.2,email_campaign,12.0,390907.77,0.0004110152075626798,32575.647500000003
2018-03-07,26569,19335,94979,0.00384,143.7,email_campaign,23.0,509225.14,0.0008656705182731755,22140.22347826087
2018-03-08,34353,25095,155950,0.00534,220.1,organic_search,33.0,776235.12,0.0009606147934678194,23522.276363636363
2018-03-09,29115,20468,127999,0.00463,229.0,referral,4.0,106986.02,0.00013738622703074016,26746.505
2018-03-10,25362,19672,85753,0.00394,311.6,organic_search,40.0,1103037.8,0.0015771626843308888,27575.945
2018-03-11,26119,18591,111401,0.00386,271.8,organic_search,33.0,920010.36,0.0012634480646272828,27879.101818181818
2018-03-12,27756,20759,148710,0.00434,152.9,email_campaign,18.0,513713.2,0.0006485084306095979,28539.622222222224
2018-03-13,26655,19160,112081,0.00457,109.4,paid_search,44.0,971822.08,0.0016507221909585444,22086.865454545452
2018-03-14,27642,21968,141297,0.00399,117.8,referral,29.0,864211.2,0.001049128138340207,29800.38620689655
2018-03-15,31602,23640,167018,0.00365,222.6,referral,23.0,680100.39,0.000727802037845706,29569.582173913044
2018-03-16,28981,22332,104925,0.00542,136.7,organic_search,42.0,1032210.73,0.0014492253545426313,24576.445952380953
2018-03-17,28478,20529,153768,0.00342,254.1,organic_search,54.0,1404741.63,0.0018962005758831378,26013.733888888888
2018-03-18,33664,26103,120319,0.00385,189.4,organic_search,53.0,1445028.57,0.0015743821292775666,27264.690000000002
2018-03-19,29822,23760,120238,0.00381,225.1,paid_search,45.0,1189472.52,0.0015089531218563477,26432.72266666667
2018-03-20,26355,21495,128021,0.00571,305.1,paid_search,46.0,1024226.03,0.001745399354961108,22265.783260869564
2018-03-21,30225,21804,161283,0.00463,280.2,email_campaign,35.0,807088.61,0.0011579818031430935,23059.67457142857
2018-03-22,28583,20430,141889,0.0047,196.4,referral,22.0,483624.27,0.0007696882762481195,21982.921363636364
2018-03-23,24716,17705,100647,0.0034,296.0,email_campaign,16.0,315272.62,0.0006473539407671144,19704.53875
2018-03-24,26212,21135,127578,0.00508,184.9,social_media,33.0,893078.12,0.0012589653593773843,27062.97333333333
2018-03-25,23343,18573,126488,0.00395,116.0,paid_search,52.0,1230168.9,0.0022276485456025363,23657.094230769228
2018-03-26,25091,18621,119391,0.00428,205.3,direct,20.0,509148.79,0.0007970985612370969,25457.4395
2018-03-27,30251,22878,115879,0.00577,142.0,organic_search,82.0,1727783.81,0.00271065419324981,21070.534268292682
2018-03-28,30581,21506,167274,0.00486,209.3,email_campaign,40.0,839422.14,0.0013080017004022104,20985.5535
2018-03-29,25464,20112,101309,0.00441,285.6,email_campaign,40.0,599279.0,0.0015708451146716933,14981.975
2018-03-30,29367,23066,155084,0.00546,177.9,email_campaign,52.0,1088647.79,0.0017706949977866313,20935.534423076922
2018-03-31,28256,19940,102427,0.00383,160.0,organic_search,131.0,2768916.3,0.004636183465458663,21136.765648854962
2018-04-01,40226,29826,165701,0.00384,125.5,organic_search,94.0,2140828.73,0.0023367970964053098,22774.773723404254
2018-04-02,40849,31424,191170,0.00391,145.1,organic_search,104.0,2435283.27,0.002545961957453059,23416.18528846154
2018-04-03,34758,28049,134893,0.00333,257.1,paid_search,92.0,1974258.48,0.002646872662408654,21459.331304347827
2018-04-04,34281,25289,151738,0.00515,303.6,organic_search,36.0,909734.0,0.0010501443948542925,25270.38888888889
2018-04-05,38153,28260,209383,0.00504,182.4,referral,14.0,268964.03,0.00036694362173354654,19211.71642857143
2018-04-06,33990,27256,114295,0.00396,235.4,organic_search,37.0,857854.96,0.0010885554574874964,23185.26918918919
2018-04-07,37970,26750,130583,0.00404,226.0,organic_search,40.0,972531.96,0.0010534632604687912,24313.299
2018-04-08,41237,30368,184076,0.00538,219.2,email_campaign,27.0,582829.77,0.0006547518005674516,21586.28777777778
2018-04-09,38879,29987,153130,0.00405,107.5,social_media,40.0,831727.55,0.0010288330461174413,20793.18875
2018-04-10,37779,30196,183909,0.00561,214.5,paid_search,70.0,1476301.67,0.0018528812303131369,21090.023857142856
2018-04-11,28383,21274,132116,0.00431,264.7,social_media,55.0,1089705.82,0.001937779656836839,19812.83309090909
2018-04-12,44218,33173,219615,0.00334,265.4,social_media,30.0,907174.8099999999,0.0006784567370753991,30239.16033333333
2018-04-13,37055,25955,147670,0.00442,138.5,organic_search,55.0,1144441.84,0.0014842801241397921,20808.033454545457
2018-04-14,35319,26697,158222,0.00537,220.2,social_media,53.0,1186597.75,0.0015006087375067244,22388.63679245283
2018-04-15,39032,28257,170493,0.00518,104.8,paid_search,54.0,1374269.54,0.0013834802213568355,25449.435925925925
2018-04-16,34822,27737,170463,0.00562,103.4,organic_search,74.0,1858265.48,0.0021250933318017347,25111.695675675677
2018-04-17,43094,34356,169578,0.00439,282.2,paid_search,76.0,1963006.17,0.0017635865781779367,25829.02855263158
2018-04-18,39902,31111,194491,0.00575,118.2,social_media,53.0,1677848.77,0.0013282542228459726,31657.523962264153
2018-04-19,40961,33526,201133,0.00574,259.9,referral,18.0,347857.5,0.0004394423964258685,19325.416666666668
2018-04-20,35604,27892,183788,0.00501,184.4,paid_search,55.0,1680150.03,0.0015447702505336479,30548.182363636362
2018-04-21,34335,24248,136326,0.00525,278.5,paid_search,52.0,1478070.96,0.0015144895878840834,28424.44153846154
2018-04-22,35770,27328,160066,0.00337,192.1,social_media,49.0,1484363.62,0.0013698630136986301,30293.13510204082
2018-04-23,41030,31142,178894,0.00403,278.3,organic_search,84.0,2573074.84,0.0020472824762369,30631.84333333333
2018-04-24,40760,29004,186444,0.00406,176.7,paid_search,85.0,1951098.96,0.002085377821393523,22954.105411764707
2018-04-25,38340,27746,125240,0.0054,209.5,social_media,70.0,2096035.75,0.0018257694314032342,29943.367857142857
2018-04-26,34008,25877,186139,0.0043,171.4,paid_search,65.0,1515822.29,0.00191131498470948,23320.342923076925
2018-04-27,38475,29471,203546,0.00413,306.9,social_media,51.0,1277002.62,0.0013255360623781677,25039.26705882353
2018-04-28,31176,22646,170784,0.00378,228.9,email_campaign,47.0,1143623.4,0.0015075699255837824,24332.412765957444
2018-04-29,34533,28246,187174,0.00573,248.8,paid_search,100.0,2546071.15,0.002895780847305476,25460.711499999998
2018-04-30,36513,29598,143406,0.00565,197.5,direct,43.0,1200488.78,0.0011776627502533344,27918.343720930232
2018-05-01,27608,22557,145666,0.00422,106.2,social_media,109.0,2816150.65,0.003948130976528542,25836.244495412844
2018-05-02,39960,31187,153413,0.00526,167.1,email_campaign,40.0,979300.15,0.001001001001001001,24482.50375
2018-05-03,32729,24929,163856,0.00524,128.8,referral,31.0,839291.64,0.000947172232576614,27073.92387096774
2018-05-04,33324,26152,114014,0.00374,297.8,social_media,21.0,749064.18,0.0006301764494058336,35669.72285714286
2018-05-05,36485,28172,122272,0.00495,127.1,direct,17.0,579399.24,0.00046594490886665754,34082.30823529412
2018-05-06,41927,31062,200310,0.00376,200.2,referral,23.0,780164.4299999999,0.0005485725189019009,33920.19260869565
2018-05-07,36044,25587,146400,0.0049,104.9,referral,27.0,604851.16,0.0007490844523360338,22401.894814814816
2018-05-08,34926,27779,120521,0.00419,149.0,direct,13.0,308397.08999999997,0.00037221554143045295,23722.853076923075
2018-05-09,35193,28654,165437,0.00424,294.0,paid_search,57.0,1412436.91,0.00161964026937175,24779.5949122807
2018-05-10,35384,28150,151189,0.00546,311.0,organic_search,88.0,2671668.07,0.0024869997739091114,30359.86443181818
2018-05-11,34796,26089,143086,0.00364,143.3,paid_search,54.0,1403297.3900000001,0.0015519025175307506,25986.988703703708
2018-05-12,34524,26447,111369,0.00433,314.4,organic_search,63.0,1638599.71,0.0018248175182481751,26009.519206349207
2018-05-13,31346,24540,121932,0.0054,227.1,email_campaign,28.0,610898.9,0.0008932559178204555,21817.817857142858
2018-05-14,41790,29502,160981,0.00396,189.9,organic_search,69.0,1851548.8,0.0016511127063890882,26834.040579710145
2018-05-15,37625,26932,151990,0.00404,116.4,referral,38.0,1273722.6,0.0010099667774086378,33519.015789473684
2018-05-16,34563,24230,171423,0.00545,209.8,paid_search,91.0,1938786.47,0.002632873303822006,21305.345824175824
2018-05-17,36783,30142,138732,0.00458,295.8,paid_search,77.0,2152994.25,0.002093358344887584,27960.964285714286
2018-05-18,34098,26485,161075,0.00516,189.6,referral,28.0,665992.12,0.0008211625315267758,23785.432857142856
2018-05-19,36343,26694,154398,0.00494,162.1,email_campaign,36.0,827024.83,0.0009905621440167295,22972.911944444444
2018-05-20,34373,26804,112561,0.00405,108.9,email_campaign,33.0,1058645.38,0.0009600558577953627,32080.163030303025
2018-05-21,34907,28015,113096,0.00537,107.3,social_media,48.0,1290213.54,0.0013750823617039562,26879.44875
2018-05-22,39610,30329,172611,0.00382,172.1,social_media,61.0,1655320.06,0.0015400151476899773,27136.394426229508
2018-05-23,29420,21478,150125,0.00549,144.6,paid_search,83.0,2326526.47,0.002821210061182869,28030.439397590362
2018-05-24,36243,27824,194795,0.0055,289.5,organic_search,100.0,2645919.71,0.002759153491708744,26459.1971
2018-05-25,37954,29878,178017,0.0048,269.4,social_media,47.0,1148413.05,0.0012383411498129314,24434.320212765957
2018-05-26,38529,27569,177123,0.00426,259.0,social_media,35.0,1136651.55,0.0009084066547276078,32475.758571428574
2018-05-27,34124,25951,126584,0.00543,319.7,organic_search,73.0,1939240.31,0.002139256828038917,26564.93575342466
2018-05-28,38930,28999,151548,0.00564,119.1,email_campaign,36.0,1015348.5,0.0009247367069098382,28204.125
2018-05-29,31312,23118,116886,0.00575,127.8,organic_search,98.0,2403914.52,0.0031297904956566172,24529.74
2018-05-30,39158,29293,202153,0.00556,114.9,paid_search,182.0,4193919.27,0.004647836968180193,23043.512472527473
2018-05-31,35888,25472,120845,0.00443,140.2,social_media,164.0,4020594.86,0.004569772625947392,24515.82231707317
2018-06-01,47179,37945,239522,0.0032,201.2,organic_search,215.0,5602292.8,0.004557112274528922,26057.175813953487
2018-06-02,29884,22953,137345,0.00338,249.7,organic_search,169.0,4298430.55,0.005655200107080712,25434.500295857986
2018-06-03,36288,28957,120447,0.00464,280.3,referral,44.0,931674.45,0.0012125220458553791,21174.419318181815
2018-06-04,34071,24605,187212,0.0057,290.4,referral,16.0,329110.31,0.0004696075841624842,20569.394375
2018-06-05,37927,28705,182011,0.00363,235.5,organic_search,64.0,1645512.6,0.0016874522108260607,25711.134375
2018-06-06,33776,26974,112758,0.00558,307.7,organic_search,66.0,1634083.58,0.001954050213169114,24758.84212121212
2018-06-07,41500,29983,205089,0.00444,230.3,social_media,31.0,655006.94,0.0007469879518072289,21129.256129032256
2018-06-08,37564,28762,177882,0.00438,252.4,paid_search,34.0,816831.55,0.0009051219252475775,24024.45735294118
2018-06-09,40097,31883,153368,0.004,234.2,organic_search,68.0,1815007.17,0.0016958874728782703,26691.281911764705
2018-06-10,40800,31690,187618,0.00409,166.0,paid_search,51.0,1818711.62,0.00125,35661.012156862744
2018-06-11,32986,24599,150352,0.00399,281.6,organic_search,82.0,1772023.97,0.002485903110410477,21610.048414634148
2018-06-12,36251,28989,164285,0.00491,262.6,organic_search,109.0,2755940.08,0.003006813605141927,25283.853944954128
2018-06-13,32938,23239,117179,0.00524,272.6,referral,26.0,863484.28,0.0007893618313194486,33210.93384615385
2018-06-14,34917,27025,139828,0.00531,252.9,referral,22.0,628571.13,0.0006300655840994358,28571.415
2018-06-15,39046,31002,166369,0.00323,267.5,paid_search,60.0,1610118.06,0.0015366490805716335,26835.301
2018-06-16,31765,23429,127180,0.00348,261.0,email_campaign,40.0,1194963.29,0.0012592475995592634,29874.08225
2018-06-17,33962,26621,114192,0.00572,202.2,paid_search,64.0,1283066.0999999999,0.001884459101348566,20047.907812499998
2018-06-18,41049,31882,179211,0.00388,123.6,email_campaign,42.0,1040699.71,0.0010231674340422422,24778.564523809524
2018-06-19,37705,28117,162384,0.00402,208.6,referral,45.0,1125025.19,0.001193475666357247,25000.559777777777
2018-06-20,34798,28382,133347,0.00499,276.5,paid_search,76.0,1919248.23,0.002184033565147422,25253.266184210526
2018-06-21,36911,29597,164959,0.00508,125.0,direct,11.0,217607.88,0.0002980141421256536,19782.534545454546
2018-06-22,36318,26821,177512,0.00408,206.2,organic_search,95.0,2468980.2,0.0026157828074233162,25989.265263157897
2018-06-23,41607,31405,181887,0.0047,121.5,organic_search,78.0,1970048.36,0.0018746845482731271,25257.030256410257
2018-06-24,38453,28066,202524,0.00394,129.4,paid_search,65.0,1354936.35,0.0016903752633084545,20845.174615384618
2018-06-25,41673,31372,216679,0.00422,162.1,email_campaign,44.0,855680.08,0.0010558395123941161,19447.274545454544
2018-06-26,36493,25827,143130,0.00495,238.7,organic_search,139.0,2695325.73,0.003808949661578933,19390.832589928057
2018-06-27,40418,30516,190692,0.00564,124.2,organic_search,142.0,2622006.92,0.0035132861596318473,18464.837464788732
2018-06-28,34949,26799,138918,0.00431,122.3,email_campaign,43.0,657625.4,0.0012303642450427767,15293.613953488373
2018-06-29,40113,28258,181229,0.00397,102.1,social_media,124.0,2189415.56,0.0030912671702440606,17656.577096774196
2018-06-30,37244,26665,131397,0.00404,239.2,organic_search,129.0,2624717.2600000002,0.0034636451508967886,20346.64542635659
2018-07-01,27410,20843,103997,0.00477,114.8,organic_search,111.0,1864914.34,0.00404961692812842,16801.03009009009
2018-07-02,30348,22779,162176,0.00361,304.3,social_media,78.0,1141318.46,0.0025701858442071963,14632.287948717949
2018-07-03,28774,21475,109317,0.00363,161.3,social_media,77.0,1423403.09,0.00267602696879127,18485.754415584415
2018-07-04,28097,21531,130464,0.00503,264.2,email_campaign,14.0,247604.68000000002,0.0004982738370644553,17686.04857142857
2018-07-05,28366,22351,105387,0.00378,128.8,email_campaign,17.0,200079.59,0.000599309031939646,11769.387647058824
2018-07-06,29007,21919,141788,0.00466,187.6,organic_search,20.0,486480.36000000004,0.0006894887440962526,24324.018000000004
2018-07-07,29236,22150,105103,0.00333,300.4,organic_search,38.0,731806.12,0.0012997674100424135,19258.055789473685
2018-07-08,30925,23904,121874,0.00519,186.3,direct,12.0,153812.07,0.0003880355699272433,12817.6725
2018-07-09,25089,18234,99948,0.00373,268.0,organic_search,54.0,1022057.22,0.002152337677866794,18926.985555555555
2018-07-10,27959,20801,142277,0.00552,302.2,email_campaign,36.0,634948.66,0.0012875996995600702,17637.46277777778
2018-07-11,28821,23357,125619,0.00405,297.7,social_media,59.0,1143456.9,0.0020471184205960932,19380.625423728812
2018-07-12,27924,22230,145185,0.00371,180.4,referral,19.0,242812.15999999997,0.0006804182781836413,12779.587368421051
2018-07-13,29480,22174,149528,0.00533,243.7,organic_search,62.0,1226679.7,0.0021031207598371775,19785.156451612904
2018-07-14,25762,19665,103669,0.0055,115.4,direct,14.0,274757.99,0.0005434360686282121,19625.570714285714
2018-07-15,26495,20800,137434,0.0051,111.8,organic_search,67.0,1242391.51,0.0025287790149084734,18543.15686567164
2018-07-16,25962,20845,116096,0.00323,190.7,organic_search,64.0,1115137.38,0.0024651413604498884,17424.0215625
2018-07-17,29693,23265,157213,0.00475,259.6,referral,30.0,607755.0700000001,0.001010339137170377,20258.502333333334
2018-07-18,29851,23324,133543,0.00335,313.5,direct,27.0,511855.08999999997,0.0009044923118153496,18957.595925925925
2018-07-19,30288,21242,113696,0.00532,157.2,organic_search,78.0,1483907.7,0.0025752773375594296,19024.457692307693
2018-07-20,26713,18765,109158,0.00342,294.8,email_campaign,21.0,362167.61,0.0007861340920151237,17246.076666666668
2018-07-21,29476,23535,120740,0.00465,218.8,organic_search,55.0,1279404.15,0.001865924820192699,23261.893636363635
2018-07-22,27433,20277,105875,0.00574,274.8,organic_search,55.0,1388886.83,0.00200488462800277,25252.48781818182
2018-07-23,27239,21660,112878,0.00548,254.1,paid_search,49.0,1292435.56,0.0017988912955688534,26376.235918367347
2018-07-24,30476,23773,162322,0.00486,172.7,social_media,59.0,1734081.2,0.001935949599684998,29391.206779661017
2018-07-25,34882,25462,165909,0.0047,234.9,organic_search,75.0,2136111.85,0.0021501060718995472,28481.491333333335
2018-07-26,31947,26072,140584,0.00349,182.6,email_campaign,27.0,871471.59,0.000845149779322002,32276.725555555553
2018-07-27,28280,20923,151389,0.00559,153.0,paid_search,41.0,1137028.68,0.0014497878359264497,27732.40682926829
2018-07-28,25680,18188,124380,0.00562,253.1,email_campaign,20.0,484433.76,0.000778816199376947,24221.688000000002
2018-07-29,27643,19432,122643,0.0037,288.8,organic_search,56.0,1422271.94,0.002025829323879463,25397.71321428571
2018-07-30,31131,22315,112726,0.00322,298.1,email_campaign,33.0,910722.02,0.0010600366194468537,27597.63696969697
2018-07-31,27391,20528,142951,0.00466,165.5,paid_search,86.0,2288790.83,0.0031397174254317113,26613.846860465117
2018-08-01,34337,26084,135710,0.00479,204.2,organic_search,123.0,3894668.88,0.0035821417130209397,31663.97463414634
2018-08-02,32655,26106,143131,0.00382,196.8,email_campaign,41.0,1103771.45,0.0012555504516919308,26921.254878048778
2018-08-03,29494,21206,126311,0.00477,285.2,paid_search,66.0,2483215.58,0.00223774326981759,37624.478484848485
2018-08-04,30114,22002,110771,0.00475,122.8,direct,23.0,488481.42,0.0007637643620907219,21238.322608695653
2018-08-05,32477,26417,177486,0.00379,278.5,organic_search,29.0,769208.07,0.0008929396188071558,26524.41620689655
2018-08-06,39013,30452,180333,0.00376,106.6,direct,8.0,336784.1,0.00020505985184425706,42098.0125
2018-08-07,32519,25917,106275,0.0043,210.1,organic_search,38.0,1202962.69,0.0011685476183154464,31656.91289473684
2018-08-08,29424,23086,100598,0.00455,279.9,paid_search,39.0,1377607.45,0.0013254486133768353,35323.26794871795
2018-08-09,31580,23104,172112,0.00558,201.3,email_campaign,18.0,836867.9,0.0005699810006333122,46492.66111111111
2018-08-10,33078,25094,169398,0.00469,255.2,paid_search,37.0,1106471.32,0.0011185682326621924,29904.63027027027
2018-08-11,31058,21892,149625,0.00441,111.7,direct,10.0,370181.95,0.00032197823427136327,37018.195
2018-08-12,26034,19446,140718,0.00401,144.7,direct,6.0,186910.66999999998,0.00023046784973496196,31151.778333333332
2018-08-13,30743,22138,144336,0.00428,275.2,paid_search,39.0,1054606.18,0.0012685814656995089,27041.1841025641
2018-08-14,30362,22819,153338,0.00427,187.6,social_media,34.0,1066581.68,0.0011198208286674132,31370.049411764703
2018-08-15,32052,23837,162434,0.00402,177.5,organic_search,68.0,1706864.61,0.00212155247722451,25100.950147058826
2018-08-16,27297,19987,138459,0.00402,233.4,referral,21.0,426224.05,0.0007693153093746566,20296.38333333333
2018-08-17,31433,23332,161030,0.00496,226.4,social_media,32.0,716917.75,0.0010180383673209683,22403.6796875
2018-08-18,33012,23808,111264,0.0037,239.7,referral,10.0,292133.58,0.00030292015024839454,29213.358
2018-08-19,39488,31318,132972,0.0046,133.1,organic_search,52.0,1348710.62,0.0013168557536466774,25936.742692307693
2018-08-20,38268,28430,207495,0.00434,181.0,paid_search,41.0,1217826.25,0.0010713912407233198,29703.079268292684
2018-08-21,34313,25553,133424,0.00518,121.3,email_campaign,29.0,783027.87,0.0008451607262553551,27000.96103448276
2018-08-22,32336,25361,165802,0.00376,123.9,email_campaign,27.0,890224.01,0.000834982681840673,32971.25962962963
2018-08-23,35869,27145,119929,0.00565,259.7,paid_search,49.0,1612187.99,0.0013660821322032954,32901.79571428571
2018-08-24,36561,29845,129066,0.00576,118.8,organic_search,37.0,940576.09,0.0010120073302152567,25420.975405405403
2018-08-25,32544,25889,127834,0.00347,294.7,organic_search,36.0,1243206.66,0.0011061946902654867,34533.51833333333
2018-08-26,31686,25282,144816,0.00576,237.8,direct,12.0,317210.43,0.0003787161522438932,26434.2025
2018-08-27,34463,25911,179758,0.0032,189.9,paid_search,40.0,1317051.67,0.0011606650610799989,32926.29175
2018-08-28,33919,27739,133606,0.00453,117.2,direct,30.0,1163248.02,0.0008844600371473216,38774.934
2018-08-29,37620,28926,122447,0.00356,105.2,paid_search,68.0,2066767.31,0.0018075491759702285,30393.63691176471
2018-08-30,30458,21439,158311,0.0054,184.2,paid_search,55.0,1486613.66,0.0018057653161730907,27029.33927272727
2018-08-31,33256,25137,154605,0.00453,175.4,organic_search,81.0,2645805.16,0.0024356507096463796,32664.261234567904
2018-09-01,21853,17413,85618,0.00487,147.4,organic_search,83.0,2436603.98,0.0037981055232691164,29356.674457831326
2018-09-02,26234,21116,100063,0.00425,103.8,email_campaign,17.0,321410.88,0.0006480140275977739,18906.522352941178
2018-09-03,23328,16937,101305,0.00398,279.5,organic_search,30.0,756089.49,0.001286008230452675,25202.983
2018-09-04,20499,15360,107914,0.00526,287.4,social_media,15.0,295596.74,0.0007317430118542368,19706.449333333334
2018-09-05,25916,19961,99437,0.00321,315.0,paid_search,24.0,589461.79,0.0009260688377836086,24560.907916666667
2018-09-06,23575,17588,98789,0.0047,175.0,paid_search,25.0,685522.85,0.0010604453870625664,27420.914
2018-09-07,24675,18579,111428,0.00538,318.4,social_media,19.0,392453.99,0.0007700101317122594,20655.473157894736
2018-09-08,21499,15749,93009,0.00556,285.5,social_media,21.0,646098.26,0.0009767896181217732,30766.58380952381
2018-09-09,24572,19429,126340,0.00483,165.2,referral,16.0,525746.03,0.0006511476477291225,32859.126875
2018-09-10,23077,16331,84070,0.00467,315.6,referral,16.0,513972.06,0.0006933310222299258,32123.25375
2018-09-11,22565,16306,114735,0.00572,100.7,email_campaign,16.0,453330.49,0.0007090627077332151,28333.155625
2018-09-12,22982,17271,81255,0.00384,220.7,organic_search,34.0,828646.51,0.0014794186754851623,24371.956176470587
2018-09-13,20905,15542,103260,0.0057,306.6,organic_search,26.0,727952.37,0.0012437215977038987,27998.168076923077
2018-09-14,22390,16009,91293,0.00441,240.7,direct,11.0,245651.87,0.0004912907548012506,22331.988181818182
2018-09-15,22602,16440,120105,0.00547,163.6,organic_search,43.0,976389.8200000001,0.0019024865056189717,22706.74
2018-09-16,20769,15024,107735,0.00474,300.6,email_campaign,18.0,360446.88,0.0008666762964032933,20024.826666666668
2018-09-17,22065,16173,117402,0.00557,191.4,social_media,26.0,621992.71,0.0011783367323816,23922.796538461538
2018-09-18,21571,16801,113374,0.00455,174.5,organic_search,26.0,851071.87,0.0012053219600389412,32733.53346153846
2018-09-19,25224,19107,122166,0.00499,155.2,organic_search,26.0,586228.22,0.0010307643514113542,22547.239230769228
2018-09-20,25444,19205,132990,0.00518,184.4,social_media,27.0,630162.99,0.0010611539066184563,23339.37
2018-09-21,26491,19068,135595,0.0042,265.6,social_media,24.0,544986.4,0.0009059680646257219,22707.766666666666
2018-09-22,24669,17919,86950,0.00407,279.4,paid_search,26.0,683281.49,0.0010539543556690584,26280.057307692306
2018-09-23,20624,14669,86285,0.00398,242.3,direct,8.0,257295.79,0.0003878975950349108,32161.97375
2018-09-24,20102,15393,101632,0.0036,228.8,social_media,32.0,829424.1,0.0015918814048353398,25919.503125
2018-09-25,24408,19735,107389,0.00503,155.4,social_media,23.0,441959.0,0.0009423139954113406,19215.608695652172
2018-09-26,24321,17845,96118,0.0057,148.0,paid_search,38.0,1117420.1,0.0015624357551087538,29405.79210526316
2018-09-27,22241,17169,112579,0.00439,153.6,paid_search,40.0,955456.86,0.001798480284159885,23886.4215
2018-09-28,20002,15966,77655,0.00488,140.3,direct,17.0,315648.95,0.0008499150084991501,18567.58529411765
2018-09-29,22427,17112,115587,0.00363,141.3,direct,19.0,430519.54000000004,0.0008471931154412092,22658.92315789474
2018-09-30,23354,18129,116452,0.00334,298.0,paid_search,39.0,933383.06,0.0016699494733236277,23932.898974358977
2018-10-01,17446,13969,65445,0.00368,212.8,social_media,41.0,933866.99,0.0023501089074859567,22777.243658536587
2018-10-02,20271,15969,70112,0.00454,243.0,social_media,7.0,233649.84,0.0003453209017808692,33378.54857142857
2018-10-03,19658,15280,105418,0.00385,282.1,paid_search,16.0,465797.33,0.0008139179977617255,29112.333125
2018-10-04,18539,14197,96559,0.0041,301.5,paid_search,13.0,576038.69,0.0007012244457629862,44310.66846153846
2018-10-05,20697,16077,73261,0.0042,172.2,social_media,11.0,352899.36,0.000531477991979514,32081.76
2018-10-06,16653,12906,80971,0.00459,151.6,organic_search,26.0,737391.6799999999,0.00156128024980484,28361.218461538458
2018-10-07,17138,13053,57506,0.0047,117.9,email_campaign,13.0,346159.73,0.0007585482553390127,26627.671538461538
2018-10-08,19068,13677,65463,0.00561,170.3,social_media,23.0,779516.62,0.0012062093559890917,33892.02695652174
2018-10-09,19974,16002,90108,0.00525,192.4,direct,7.0,208416.01,0.0003504555922699509,29773.715714285714
2018-10-10,17449,12425,61769,0.00542,291.6,email_campaign,5.0,166726.34,0.0002865493724568743,33345.268
2018-10-11,19030,14401,90502,0.00354,243.5,email_campaign,11.0,289815.46,0.0005780346820809249,26346.86
2018-10-12,18202,13618,64683,0.0033,137.8,social_media,21.0,779232.77,0.0011537193714976377,37106.322380952384
2018-10-13,19872,15725,80948,0.00442,131.6,direct,8.0,291091.8,0.00040257648953301127,36386.475
2018-10-14,20239,14377,69632,0.00438,200.6,email_campaign,13.0,477661.05,0.0006423242255052127,36743.157692307694
2018-10-15,17769,13147,75308,0.00481,233.4,social_media,27.0,794086.2899999999,0.0015195002532500423,29410.60333333333
2018-10-16,19688,14863,91384,0.00362,108.0,social_media,26.0,832598.93,0.0013206013815522145,32023.03576923077
2018-10-17,19552,14296,99335,0.0037,240.5,organic_search,19.0,675309.81,0.0009717675941080196,35542.62157894737
2018-10-18,19459,14580,100285,0.00469,250.1,paid_search,15.0,604266.42,0.0007708515339945527,40284.428
2018-10-19,20461,14643,94374,0.0047,177.2,organic_search,25.0,789236.78,0.0012218366648746395,31569.4712
2018-10-20,18986,13449,102852,0.00465,200.6,paid_search,27.0,894264.59,0.0014221004951016538,33120.91074074074
2018-10-21,16474,13416,72338,0.00505,168.9,organic_search,37.0,796863.93,0.00224596333616608,21536.862972972973
2018-10-22,16423,12464,56130,0.00535,265.1,organic_search,30.0,958414.03,0.0018267064482737625,31947.134333333335
2018-10-23,18758,14397,102111,0.00516,260.6,direct,10.0,238040.49,0.0005331058748267406,23804.049
2018-10-24,19856,16190,91843,0.00573,262.3,social_media,20.0,527843.72,0.001007252215954875,26392.185999999998
2018-10-25,20502,15589,76666,0.00381,269.5,organic_search,23.0,681270.29,0.0011218417715344845,29620.44739130435
2018-10-26,20468,16548,96900,0.0053,180.3,referral,7.0,190089.09,0.0003419972640218878,27155.584285714285
2018-10-27,17633,14288,87551,0.00355,240.0,social_media,26.0,905284.79,0.0014745080247263653,34818.645769230774
2018-10-28,18790,14337,74564,0.00374,265.4,organic_search,51.0,1513318.52,0.002714209686003193,29672.912156862745
2018-10-29,16800,12522,83164,0.00475,118.8,referral,22.0,839965.16,0.0013095238095238095,38180.23454545455
2018-10-30,20762,15120,98114,0.00388,247.9,organic_search,48.0,1648829.32,0.002311916000385319,34350.61083333333
2018-10-31,18241,13224,62125,0.00501,104.5,email_campaign,24.0,672060.8200000001,0.001315717340058111,28002.534166666668
2018-11-01,15431,12049,57107,0.0042,230.1,organic_search,39.0,1170543.79,0.002527379949452401,30013.943333333333
2018-11-02,13047,9573,43887,0.00564,127.6,email_campaign,8.0,117576.31,0.0006131677780332643,14697.03875
2018-11-03,14646,11622,77355,0.00537,293.0,organic_search,21.0,615991.5,0.0014338385907414993,29332.928571428572
2018-11-04,16325,12263,85351,0.00457,314.8,paid_search,14.0,370595.43,0.0008575803981623277,26471.102142857144
2018-11-05,13853,9904,50174,0.00508,160.2,paid_search,20.0,652346.38,0.0014437305998700643,32617.319
2018-11-06,15092,12371,58135,0.00427,308.8,email_campaign,6.0,187383.09,0.00039756162205141797,31230.515
2018-11-07,16607,12795,90142,0.00418,105.6,social_media,18.0,680724.76,0.0010838802914433672,37818.042222222226
2018-11-08,17730,13648,64345,0.00345,112.3,direct,6.0,138950.99,0.00033840947546531303,23158.498333333333
2018-11-09,14879,12155,53499,0.00527,155.6,direct,5.0,124416.83,0.00033604408898447476,24883.366
2018-11-10,15586,11264,81426,0.00494,278.0,social_media,12.0,378722.29000000004,0.0007699217246246631,31560.190833333338
2018-11-11,18244,14668,98163,0.00532,291.4,email_campaign,15.0,461179.71,0.0008221881166410875,30745.314000000002
2018-11-12,15697,11542,78287,0.00575,129.6,social_media,18.0,688784.96,0.0011467159329808243,38265.83111111111
2018-11-13,15702,11307,84018,0.00447,179.5,organic_search,15.0,394794.55,0.0009552923194497516,26319.636666666665
2018-11-14,16436,12825,87206,0.00487,198.1,social_media,12.0,192613.66999999998,0.0007301046483329277,16051.139166666666
2018-11-15,14003,10197,49244,0.00433,199.7,referral,9.0,242877.85,0.0006427194172677283,26986.42777777778
2018-11-16,15836,11472,82918,0.00438,235.5,email_campaign,12.0,280769.03,0.0007577671129072998,23397.41916666667
2018-11-17,15104,12205,57142,0.00538,198.1,email_campaign,8.0,272260.56,0.0005296610169491525,34032.57
2018-11-18,15009,11168,79389,0.0047,278.3,organic_search,23.0,791312.72,0.0015324138850023319,34404.900869565216
2018-11-19,15077,12273,60967,0.00549,123.6,social_media,12.0,429905.88,0.0007959143065596604,35825.49
2018-11-20,17846,14400,87533,0.0045,182.0,email_campaign,7.0,210307.62,0.000392244760730696,30043.945714285714
2018-11-21,15276,12136,79255,0.00536,156.9,social_media,17.0,383243.17000000004,0.0011128567687876407,22543.715882352943
2018-11-22,15961,11888,67405,0.00503,136.9,direct,3.0,98846.29000000001,0.00018795814798571519,32948.763333333336
2018-11-23,17599,14309,82555,0.0037,273.5,social_media,18.0,293200.3,0.001022785385533269,16288.905555555555
2018-11-24,17089,12539,58015,0.0052,175.8,email_campaign,16.0,453169.23,0.0009362747966528176,28323.076875
2018-11-25,17558,12870,90020,0.00326,123.7,referral,16.0,420805.12,0.0009112655199908873,26300.32
2018-11-26,15157,11521,51414,0.00441,229.9,paid_search,24.0,539037.61,0.0015834267994985815,22459.900416666667
2018-11-27,15933,11620,54362,0.00523,255.0,social_media,26.0,410290.49,0.0016318333019519236,15780.40346153846
2018-11-28,15834,12045,51498,0.00481,273.9,direct,4.0,95749.94,0.00025262094227611467,23937.485
2018-11-29,17179,13078,82000,0.00436,117.9,social_media,22.0,384768.41000000003,0.0012806333313929799,17489.473181818183
2018-11-30,15350,12215,73651,0.00536,188.3,direct,7.0,52500.28,0.0004560260586319218,7500.04
2018-12-01,18574,14254,99528,0.00366,118.0,email_campaign,9.0,59565.95,0.0004845482933132336,6618.438888888889
2018-12-02,19511,14644,80313,0.00511,238.7,email_campaign,7.0,104329.49,0.0003587719747834555,14904.212857142858
2018-12-03,15506,11009,64657,0.00522,233.4,organic_search,20.0,401550.68000000005,0.0012898232942086935,20077.534000000003
2018-12-04,17005,13022,74402,0.00571,290.5,organic_search,23.0,455291.16,0.0013525433695971774,19795.267826086954
2018-12-05,16108,12734,75172,0.00359,178.1,social_media,9.0,217496.37,0.0005587285820710206,24166.263333333332
2018-12-06,18794,13315,64401,0.00434,244.9,organic_search,15.0,187396.27000000002,0.0007981270618282431,12493.084666666668
2018-12-07,16317,12500,53866,0.00397,315.4,paid_search,15.0,217326.95,0.0009192866335723479,14488.463333333335
2018-12-08,19012,14291,82685,0.00474,171.6,organic_search,20.0,353314.46,0.001051967178624027,17665.723
2018-12-09,20477,15247,109812,0.00334,114.6,social_media,15.0,317933.0,0.0007325291790789666,21195.533333333333
2018-12-10,20449,16320,78059,0.00368,244.2,paid_search,18.0,406313.71,0.0008802386424764047,22572.98388888889
2018-12-11,16690,12758,71698,0.00555,227.9,email_campaign,7.0,113439.84,0.0004194128220491312,16205.691428571428
2018-12-12,19810,14513,106078,0.00327,167.2,organic_search,24.0,376291.2,0.0012115093387178194,15678.800000000001
2018-12-13,16278,12050,84818,0.00363,194.2,direct,6.0,175098.94999999998,0.00036859565057132326,29183.15833333333
2018-12-14,17277,14024,71847,0.00478,118.1,organic_search,21.0,373194.07,0.001215488800138913,17771.14619047619
2018-12-15,16953,12495,82434,0.00331,260.5,organic_search,21.0,326641.71,0.0012387188108299416,15554.367142857143
2018-12-16,17668,13728,81437,0.00521,127.6,organic_search,19.0,141600.32,0.0010753905365632783,7452.648421052632
2018-12-17,19993,14961,82231,0.00472,191.5,email_campaign,13.0,126951.55,0.0006502275796528785,9765.503846153846
2018-12-18,17386,14023,73775,0.00448,247.1,social_media,26.0,342303.29,0.001495456114114805,13165.511153846153
2018-12-19,19880,14317,99436,0.00333,267.5,organic_search,17.0,229829.88,0.0008551307847082495,13519.404705882353
2018-12-20,16785,12570,86527,0.00512,170.3,email_campaign,9.0,189081.97,0.0005361930294906167,21009.10777777778
2018-12-21,17089,13989,75369,0.00508,129.2,social_media,22.0,228860.56,0.0012873778453976242,10402.752727272727
2018-12-22,19131,15097,92396,0.00334,287.5,direct,9.0,96705.81,0.0004704406460718206,10745.09
2018-12-23,18677,14418,67357,0.0052,138.0,organic_search,30.0,300411.94,0.001606253680998019,10013.731333333333
2018-12-24,18196,14167,81305,0.00328,221.9,organic_search,35.0,557276.97,0.0019234996702571993,15922.199142857142
2018-12-25,18220,13502,82734,0.0053,177.6,paid_search,23.0,378505.58999999997,0.0012623490669593854,16456.764782608694
2018-12-26,16195,11429,85129,0.00506,167.4,email_campaign,21.0,320744.34,0.0012966965112689102,15273.54
2018-12-27,20352,14676,96078,0.00359,136.4,organic_search,42.0,655125.36,0.002063679245283019,15598.222857142857
2018-12-28,16913,12431,77764,0.00478,165.5,organic_search,65.0,1064655.7,0.003843197540353574,16379.318461538462
2018-12-29,18932,15491,81645,0.0041,307.7,organic_search,65.0,1022321.17,0.003433340376082823,15728.018
2018-12-30,16773,12407,59562,0.00403,310.6,direct,8.0,104026.65,0.0004769570142490908,13003.33125
2018-12-31,17432,12802,79582,0.00562,300.5,social_media,32.0,478438.33999999997,0.0018357044515832951,14951.198124999999
2019-01-01,13010,10036,51325,0.00495,219.9,paid_search,25.0,437311.45,0.001921598770176787,17492.458
2019-01-02,12737,9001,48341,0.00576,217.0,social_media,4.0,75370.67,0.00031404569364842585,18842.6675
2019-01-03,13152,9372,68314,0.00433,319.8,direct,1.0,8515.55,7.603406326034063e-05,8515.55
2019-01-04,15690,11339,79556,0.00549,210.1,paid_search,13.0,183589.09,0.0008285532186105799,14122.237692307692
2019-01-05,14519,11859,75716,0.00358,152.5,email_campaign,9.0,131046.98,0.0006198774020249329,14560.775555555556
2019-01-06,14231,10763,49759,0.0046,180.6,paid_search,12.0,337543.9,0.0008432295692502284,28128.658333333336
2019-01-07,15866,12380,77357,0.00362,241.1,direct,5.0,262220.16,0.00031513929156687257,52444.03199999999
2019-01-08,15100,11084,66828,0.00569,118.8,paid_search,15.0,408583.46,0.0009933774834437086,27238.897333333334
2019-01-09,15325,11547,55452,0.00497,153.5,referral,8.0,375245.31,0.0005220228384991844,46905.66375
2019-01-10,16076,12915,67366,0.00463,201.7,organic_search,8.0,176553.48,0.0004976362279173924,22069.185
2019-01-11,13433,9721,57341,0.00557,165.2,organic_search,19.0,547567.33,0.0014144271570014145,28819.333157894736
2019-01-12,14383,11480,57737,0.00466,170.6,email_campaign,9.0,602115.11,0.0006257387193214211,66901.67888888888
2019-01-13,16540,12051,79348,0.00569,179.2,organic_search,27.0,708207.52,0.0016324062877871826,26229.908148148148
2019-01-14,13279,10415,53209,0.00385,125.3,email_campaign,8.0,290199.64,0.0006024550041418781,36274.955
2019-01-15,13831,10313,63195,0.0057,181.0,paid_search,11.0,311033.2,0.0007953148723881137,28275.745454545457
2019-01-16,15512,12091,66027,0.00503,267.2,paid_search,8.0,190105.09,0.0005157297576070139,23763.13625
2019-01-17,14437,11002,52900,0.00432,100.9,social_media,9.0,487515.68,0.0006233982129251229,54168.40888888889
2019-01-18,12024,8525,58167,0.00466,144.5,organic_search,14.0,541594.0599999999,0.001164337990685296,38685.28999999999
2019-01-19,14677,11769,67428,0.00531,283.3,organic_search,17.0,472217.3,0.0011582748518089527,27777.488235294117
2019-01-20,15110,11469,60771,0.0034,183.6,email_campaign,10.0,236993.62,0.0006618133686300463,23699.362
2019-01-21,15061,11446,64174,0.00378,289.8,organic_search,17.0,502091.93,0.0011287431113471882,29534.819411764707
2019-01-22,12987,9617,49093,0.00474,308.7,organic_search,16.0,390693.64,0.001232001232001232,24418.3525
2019-01-23,14097,10037,57611,0.00503,179.2,organic_search,18.0,539429.53,0.001276867418599702,29968.307222222225
2019-01-24,13164,9414,42251,0.00526,104.6,email_campaign,13.0,546463.55,0.0009875417806137952,42035.657692307694
2019-01-25,12789,9244,55846,0.00431,307.5,organic_search,6.0,195542.32,0.0004691531785127844,32590.38666666667
2019-01-26,13361,10817,55817,0.0039,192.9,organic_search,30.0,954878.14,0.0022453409175959885,31829.271333333334
2019-01-27,12775,10329,44948,0.00478,292.4,paid_search,29.0,868856.76,0.002270058708414873,29960.577931034484
2019-01-28,15400,11899,70499,0.00577,208.4,direct,7.0,146382.08000000002,0.00045454545454545455,20911.725714285716
2019-01-29,14448,11220,68530,0.00336,169.9,organic_search,36.0,946194.34,0.0024916943521594683,26283.176111111112
2019-01-30,14923,12073,63324,0.00336,216.5,paid_search,39.0,988990.38,0.002613415533069758,25358.727692307693
2019-01-31,14374,10316,64100,0.00544,316.0,organic_search,39.0,1017575.8,0.002713232224850424,26091.68717948718
2019-02-01,21456,16332,74218,0.00425,284.6,organic_search,31.0,940620.36,0.0014448173005219985,30342.592258064516
2019-02-02,26402,20797,84827,0.00511,147.9,referral,7.0,235231.59,0.00026513142943716383,33604.51285714286
2019-02-03,21455,15621,73729,0.00363,308.3,organic_search,26.0,602242.02,0.0012118387322302493,23163.154615384618
2019-02-04,21022,14913,102651,0.00543,242.9,organic_search,21.0,534981.27,0.0009989534773094852,25475.29857142857
2019-02-05,21983,15429,118103,0.00497,202.4,paid_search,18.0,283900.6,0.0008188145385070282,15772.255555555554
2019-02-06,17637,13730,89322,0.0042,123.9,referral,8.0,170109.37,0.00045359188070533536,21263.67125
2019-02-07,20404,16004,102948,0.00417,128.1,organic_search,22.0,466498.14,0.0010782199568712017,21204.46090909091
2019-02-08,18850,15216,78104,0.00499,201.0,paid_search,21.0,393978.97000000003,0.0011140583554376659,18760.903333333335
2019-02-09,21447,17104,87018,0.00466,194.5,paid_search,24.0,626350.95,0.0011190376276402293,26097.95625
2019-02-10,22210,15951,97571,0.00322,162.1,direct,13.0,315716.29000000004,0.0005853219270598829,24285.868461538463
2019-02-11,19672,14175,70067,0.00354,217.1,email_campaign,8.0,226793.71,0.00040666937779585197,28349.21375
2019-02-12,21591,17277,81267,0.00409,174.5,social_media,10.0,447005.27,0.00046315594460654905,44700.527
2019-02-13,22905,16771,80895,0.00493,251.0,paid_search,20.0,571242.54,0.0008731717965509714,28562.127
2019-02-14,20533,15357,68715,0.0041,119.4,organic_search,31.0,1197890.25,0.0015097647689085861,38641.62096774193
2019-02-15,26260,19148,97929,0.00568,116.5,paid_search,21.0,534119.84,0.0007996953541507997,25434.278095238093
2019-02-16,18875,14265,67908,0.0041,229.5,referral,12.0,370094.44,0.0006357615894039735,30841.203333333335
2019-02-17,20194,15177,107514,0.00447,266.8,paid_search,25.0,646606.82,0.0012379914826185995,25864.2728
2019-02-18,21547,16824,87633,0.00321,310.1,email_campaign,13.0,657592.1,0.0006033322504292941,50584.00769230769
2019-02-19,21342,16787,100305,0.00499,286.3,paid_search,15.0,445682.5,0.0007028394714647174,29712.166666666668
2019-02-20,20880,16896,110379,0.00338,284.5,paid_search,25.0,639758.49,0.0011973180076628352,25590.3396
2019-02-21,21342,16968,99918,0.00357,123.2,social_media,21.0,588020.49,0.0009839752600506045,28000.975714285712
2019-02-22,22545,16491,102964,0.0054,213.9,paid_search,31.0,994644.91,0.0013750277223331115,32085.319677419357
2019-02-23,21323,16835,101099,0.00521,227.8,referral,10.0,326834.92000000004,0.00046897716081226843,32683.492000000006
2019-02-24,19867,16186,90727,0.00491,193.4,email_campaign,16.0,552394.44,0.0008053556148386772,34524.6525
2019-02-25,25657,20787,98848,0.00516,268.4,organic_search,53.0,1982423.33,0.0020657130607631444,37404.21377358491
2019-02-26,20019,14720,95647,0.00463,274.2,organic_search,38.0,1260886.87,0.0018981967131225337,33181.23342105263
2019-02-27,24095,17580,87711,0.00483,165.3,email_campaign,17.0,824841.92,0.0007055405685826935,48520.11294117647
2019-02-28,19085,15002,93981,0.00528,133.4,social_media,26.0,816814.76,0.0013623264343725439,31415.952307692307
2019-03-01,29754,24115,108657,0.00579,140.5,organic_search,22.0,615383.66,0.0007393963836795053,27971.984545454547
2019-03-02,29578,23227,102551,0.00438,244.1,organic_search,7.0,236916.78,0.0002366623842044763,33845.25428571428
2019-03-03,29633,23779,153733,0.00432,167.6,referral,4.0,126010.6,0.00013498464549657478,31502.65
2019-03-04,32652,23117,116494,0.00549,309.6,organic_search,16.0,513426.04,0.0004900159255175794,32089.1275
2019-03-05,30840,24990,162661,0.00573,225.1,email_campaign,7.0,353705.04000000004,0.00022697795071335928,50529.291428571436
2019-03-06,32515,26584,134079,0.00382,318.9,social_media,20.0,766840.55,0.0006151007227433493,38342.027500000004
2019-03-07,27794,20646,127956,0.00483,200.2,organic_search,20.0,617203.93,0.0007195797654169965,30860.196500000002
2019-03-08,29339,23224,159152,0.00324,108.1,email_campaign,16.0,453331.91,0.0005453491939057227,28333.244375
2019-03-09,30100,22854,150323,0.0057,134.0,organic_search,21.0,757372.65,0.0006976744186046512,36065.364285714284
2019-03-10,26432,19667,92021,0.00333,104.4,social_media,22.0,993722.0399999999,0.0008323244552058112,45169.18363636363
2019-03-11,29213,21897,131049,0.00577,218.3,organic_search,18.0,514870.17,0.0006161640365590662,28603.89833333333
2019-03-12,29197,22060,129430,0.00469,206.2,organic_search,28.0,579755.83,0.0009590026372572524,20705.565357142856
2019-03-13,27971,19772,93737,0.00368,170.8,social_media,34.0,1040008.66,0.001215544671266669,30588.49
2019-03-14,30018,23278,124240,0.00399,232.6,organic_search,34.0,1070379.96,0.0011326537410886802,31481.763529411764
2019-03-15,30390,22699,156640,0.00502,135.8,direct,6.0,77450.96,0.00019743336623889436,12908.493333333334
2019-03-16,29509,22694,122642,0.00434,221.7,social_media,13.0,437555.02,0.0004405435629807855,33658.07846153846
2019-03-17,30650,21468,106652,0.00414,139.7,email_campaign,11.0,407060.58999999997,0.00035889070146818925,37005.50818181818
2019-03-18,28762,21021,140215,0.00432,269.6,referral,7.0,187252.28,0.00024337667756067034,26750.325714285715
2019-03-19,29335,21958,149400,0.00556,261.6,organic_search,35.0,1152459.25,0.0011931140276120675,32927.40714285714
2019-03-20,27405,20656,138092,0.00342,185.6,paid_search,46.0,1289000.26,0.0016785258164568509,28021.744782608697
2019-03-21,29272,23169,143683,0.0041,104.4,organic_search,49.0,1422932.3299999998,0.0016739546324132278,29039.435306122446
2019-03-22,27607,20415,98682,0.00555,253.5,email_campaign,16.0,305064.26,0.0005795631542724672,19066.51625
2019-03-23,31744,22838,143568,0.00501,200.2,paid_search,37.0,888643.61,0.0011655745967741936,24017.394864864866
2019-03-24,28415,23292,140934,0.00365,273.6,paid_search,32.0,888290.16,0.0011261657575224353,27759.0675
2019-03-25,30897,22658,150146,0.00481,211.5,social_media,29.0,748648.13,0.0009386024533126194,25815.45275862069
2019-03-26,31738,25563,104496,0.00477,169.4,organic_search,46.0,1163330.35,0.0014493666897725124,25289.790217391306
2019-03-27,29291,22963,143666,0.00376,268.8,email_campaign,32.0,650533.97,0.0010924857464750264,20329.1865625
2019-03-28,27780,22281,106871,0.00404,191.4,email_campaign,22.0,574398.78,0.0007919366450683946,26109.035454545457
2019-03-29,32668,24576,161268,0.00417,290.3,email_campaign,12.0,288602.66000000003,0.00036733194563487204,24050.221666666668
2019-03-30,25372,18591,115629,0.00386,251.0,organic_search,94.0,2395710.46,0.003704871511902885,25486.281489361703
2019-03-31,29648,21628,136636,0.00542,169.2,referral,27.0,746997.0599999999,0.0009106853750674582,27666.557777777776
2019-04-01,44576,34666,212249,0.00561,299.7,social_media,36.0,868853.12,0.0008076094759511845,24134.80888888889
2019-04-02,38298,28561,174559,0.00495,148.8,paid_search,49.0,1095595.51,0.0012794401796438456,22359.092040816326
2019-04-03,37654,27054,206297,0.00476,205.1,social_media,51.0,1375201.35,0.0013544377755351357,26964.732352941177
2019-04-04,40892,31638,200895,0.00329,234.6,paid_search,15.0,250736.02000000002,0.00036681991587596594,16715.734666666667
2019-04-05,35912,27354,180193,0.00359,298.1,organic_search,17.0,430757.5,0.00047337937179772776,25338.676470588234
2019-04-06,37338,29048,187574,0.00473,300.4,organic_search,20.0,587325.9,0.0005356473297980609,29366.295000000002
2019-04-07,36099,28975,138367,0.00491,171.8,referral,14.0,227805.09,0.00038782237735117316,16271.792142857143
2019-04-08,46874,35394,212734,0.00416,174.8,paid_search,33.0,729117.29,0.0007040150189870717,22094.463333333333
2019-04-09,41659,29802,224000,0.00507,185.3,email_campaign,15.0,389371.0,0.00036006625219040303,25958.066666666666
2019-04-10,43127,35165,161086,0.00378,316.7,social_media,18.0,478210.03,0.0004173719479676305,26567.22388888889
2019-04-11,38911,29838,167168,0.00498,151.6,organic_search,35.0,978483.49,0.0008994885764950785,27956.671142857143
2019-04-12,40148,28212,213820,0.00478,229.2,email_campaign,12.0,303624.24,0.00029889409186011756,25302.02
2019-04-13,44228,31397,187646,0.00322,197.8,organic_search,30.0,691601.97,0.0006783033372524192,23053.398999999998
2019-04-14,40040,32744,184887,0.0052,232.4,email_campaign,20.0,526985.54,0.0004995004995004995,26349.277000000002
2019-04-15,44505,33791,196936,0.00464,141.4,organic_search,38.0,855847.01,0.000853836647567689,22522.289736842107
2019-04-16,41567,33382,161203,0.00578,160.7,paid_search,32.0,929550.73,0.0007698414607741718,29048.4603125
2019-04-17,43808,31816,223025,0.00533,312.6,social_media,24.0,641522.17,0.000547845142439737,26730.09041666667
2019-04-18,42723,34260,201707,0.0042,114.4,referral,12.0,420508.55,0.00028087915174496175,35042.379166666666
2019-04-19,38066,27093,156489,0.00324,292.8,organic_search,27.0,970984.9,0.0007092943834392896,35962.403703703705
2019-04-20,46440,36613,170991,0.00339,217.7,referral,12.0,300457.42,0.00025839793281653745,25038.118333333332
2019-04-21,38052,27648,145134,0.00353,161.2,organic_search,43.0,1500669.98,0.0011300325869862294,34899.301860465115
2019-04-22,41414,31022,171318,0.00343,115.1,paid_search,36.0,1224103.48,0.0008692712609262569,34002.874444444446
2019-04-23,40730,29395,153580,0.00488,257.6,organic_search,65.0,2378019.19,0.0015958752762091823,36584.910615384615
2019-04-24,43102,30805,204218,0.00533,109.8,email_campaign,29.0,1017601.77,0.0006728226068395898,35089.716206896555
2019-04-25,38511,27906,132039,0.00513,272.0,organic_search,39.0,1366095.35,0.001012697670795357,35028.0858974359
2019-04-26,42329,30400,142532,0.00365,259.1,direct,8.0,246138.69,0.00018899572397174515,30767.33625
2019-04-27,38950,30294,186718,0.00534,145.9,direct,10.0,272756.86,0.00025673940949935817,27275.685999999998
2019-04-28,40314,31509,150802,0.0052,205.2,paid_search,48.0,1566324.4,0.0011906533710373567,32631.75833333333
2019-04-29,38891,28675,130645,0.00342,121.1,paid_search,76.0,2214223.02,0.0019541796302486435,29134.51342105263
2019-04-30,37656,29583,124370,0.00357,272.0,organic_search,71.0,2156015.52,0.0018854896961971533,30366.41577464789
2019-05-01,38270,31120,163918,0.00421,232.6,email_campaign,29.0,960917.74,0.0007577737130911942,33135.09448275862
2019-05-02,40890,32732,174072,0.00556,310.2,email_campaign,21.0,622274.23,0.0005135730007336757,29632.10619047619
2019-05-03,33869,24127,159855,0.00568,229.6,social_media,30.0,925152.98,0.0008857657444861082,30838.432666666668
2019-05-04,40801,32941,153355,0.00497,178.5,paid_search,11.0,412385.58,0.00026960123526384157,37489.59818181818
2019-05-05,43470,31878,145614,0.00369,128.4,paid_search,18.0,408762.02,0.00041407867494824016,22709.001111111113
2019-05-06,38954,29248,128267,0.00407,291.6,direct,12.0,403795.94,0.00030805565538840685,33649.66166666667
2019-05-07,38311,27298,156221,0.00422,144.3,email_campaign,10.0,356993.77,0.0002610216386938477,35699.377
2019-05-08,36951,26620,161456,0.00516,172.0,paid_search,19.0,623885.65,0.0005141944737625504,32836.086842105266
2019-05-09,31426,25738,101030,0.00338,167.1,paid_search,22.0,624574.3,0.0007000572774136065,28389.74090909091
2019-05-10,35218,28849,175528,0.00393,101.3,organic_search,36.0,1288137.37,0.0010222045544891816,35781.593611111115
2019-05-11,42448,32625,208628,0.00409,309.2,organic_search,27.0,904969.23,0.000636072370900867,33517.37888888889
2019-05-12,33210,25645,133895,0.0052,294.7,email_campaign,17.0,700733.12,0.0005118940078289672,41219.595294117644
2019-05-13,35644,29007,191085,0.00568,285.4,referral,12.0,515839.96,0.0003366625519021434,42986.66333333334
2019-05-14,35531,27439,133228,0.00397,203.1,direct,17.0,389234.05,0.0004784554332836115,22896.120588235295
2019-05-15,39361,30634,144469,0.00373,122.7,organic_search,52.0,1019252.35,0.0013211046467315362,19601.00673076923
2019-05-16,34486,27697,187184,0.0053,122.9,email_campaign,15.0,417421.0,0.00043495911384329873,27828.066666666666
2019-05-17,37582,29636,185076,0.00544,306.9,organic_search,39.0,1000736.32,0.001037730828588154,25659.905641025638
2019-05-18,42600,31147,183594,0.00352,187.8,email_campaign,16.0,650100.5,0.0003755868544600939,40631.28125
2019-05-19,36971,27994,139333,0.00554,118.2,social_media,27.0,589014.24,0.0007303021286954641,21815.34222222222
2019-05-20,33598,24840,175466,0.00475,185.5,paid_search,35.0,1212009.98,0.0010417286743258528,34628.85657142857
2019-05-21,40671,32416,170943,0.00335,211.4,paid_search,32.0,877908.2,0.0007868014064075139,27434.63125
2019-05-22,38160,28709,122146,0.00575,104.6,paid_search,44.0,1536924.92,0.0011530398322851154,34930.11181818182
2019-05-23,37448,29299,136767,0.00579,137.7,email_campaign,21.0,611983.23,0.0005607776116214484,29142.05857142857
2019-05-24,39257,29905,132206,0.00478,309.8,referral,17.0,613139.16,0.0004330437883689533,36067.00941176471
2019-05-25,42312,31516,205258,0.00387,206.6,paid_search,22.0,625004.51,0.0005199470599357157,28409.29590909091
2019-05-26,37448,29153,134959,0.00378,310.3,paid_search,26.0,638637.6799999999,0.0006942960905789361,24562.987692307688
2019-05-27,34961,24499,177796,0.00479,215.3,referral,16.0,544730.61,0.00045765281313463576,34045.663125
2019-05-28,37280,27314,163509,0.00372,212.8,direct,11.0,203740.54,0.0002950643776824034,18521.867272727275
2019-05-29,34893,24699,113956,0.00523,301.4,organic_search,70.0,2044447.39,0.0020061330352792823,29206.391285714286
2019-05-30,35571,27779,145299,0.0051,276.5,email_campaign,39.0,1028086.13,0.0010963987517921903,26361.182820512822
2019-05-31,36407,28343,128081,0.00367,251.4,organic_search,100.0,3144959.71,0.0027467245309967863,31449.5971
2019-06-01,35963,25401,152872,0.00354,235.7,organic_search,72.0,1889934.21,0.0020020576703834495,26249.08625
2019-06-02,36512,28207,156568,0.0044,233.9,email_campaign,34.0,838946.74,0.0009312007011393514,24674.90411764706
2019-06-03,41523,30131,182954,0.00375,120.5,paid_search,54.0,1778719.89,0.0013004840690701539,32939.25722222222
2019-06-04,40229,32190,185194,0.00521,130.0,organic_search,38.0,1121282.55,0.0009445922096000398,29507.435526315792
2019-06-05,46601,35608,188669,0.00411,176.7,paid_search,20.0,736161.24,0.00042917533958498747,36808.062
2019-06-06,41559,29193,188443,0.00505,262.8,organic_search,32.0,1166513.93,0.0007699896532640342,36453.5603125
2019-06-07,37857,27285,143379,0.00376,219.3,organic_search,25.0,765921.41,0.0006603798504900019,30636.8564
2019-06-08,38349,27319,172622,0.00561,213.2,email_campaign,14.0,311903.7,0.00036506818952254297,22278.835714285717
2019-06-09,36665,26939,146871,0.00484,246.3,organic_search,33.0,1253104.25,0.0009000409109504977,37972.856060606064
2019-06-10,38109,30915,139539,0.00434,105.6,paid_search,37.0,1310287.64,0.0009708992626413708,35413.179459459454
2019-06-11,38309,29446,138808,0.00479,261.9,social_media,29.0,1006830.84,0.000757002271006813,34718.30482758621
2019-06-12,39967,28872,162871,0.0035,163.6,organic_search,33.0,968897.99,0.0008256811869792579,29360.54515151515
2019-06-13,40245,31843,155119,0.00512,170.5,social_media,26.0,720178.98,0.0006460429867064232,27699.19153846154
2019-06-14,44684,32193,214740,0.00443,248.5,paid_search,30.0,650803.87,0.0006713812550353595,21693.462333333333
2019-06-15,43528,34973,164124,0.00404,141.0,organic_search,36.0,1407591.92,0.000827053850395148,39099.775555555556
2019-06-16,38327,30471,137920,0.00531,206.7,referral,13.0,358207.42,0.00033918647428705614,27554.416923076922
2019-06-17,41752,33966,199738,0.00429,232.5,organic_search,49.0,1494867.06,0.0011735964744203871,30507.491020408164
2019-06-18,35478,25009,127409,0.00574,208.8,social_media,30.0,683250.21,0.0008455944529003889,22775.006999999998
2019-06-19,35784,26499,126141,0.00493,304.7,organic_search,51.0,1770826.26,0.001425217974513749,34722.083529411764
2019-06-20,40522,30027,211063,0.00454,288.1,email_campaign,18.0,370365.12,0.0004442031489067667,20575.84
2019-06-21,40287,30805,164957,0.00341,196.7,social_media,24.0,645294.74,0.0005957256683297342,26887.280833333334
2019-06-22,41557,33705,158285,0.00419,232.6,paid_search,32.0,935479.41,0.0007700267103015136,29233.7315625
2019-06-23,40377,29710,160716,0.00392,100.1,organic_search,38.0,1033840.01,0.000941129851152884,27206.31605263158
2019-06-24,42129,32514,163901,0.00478,180.4,organic_search,34.0,649765.71,0.0008070450283652591,19110.756176470586
2019-06-25,37671,27919,129819,0.00503,253.6,social_media,56.0,1277153.46,0.001486554644155982,22806.311785714286
2019-06-26,38408,28743,163129,0.00331,279.3,organic_search,66.0,1370723.24,0.0017183920016663194,20768.53393939394
2019-06-27,39168,27618,169449,0.00385,193.5,email_campaign,15.0,321321.9,0.0003829656862745098,21421.460000000003
2019-06-28,38207,28841,177868,0.00415,150.6,social_media,21.0,492774.02999999997,0.0005496375009814955,23465.43
2019-06-29,36838,26350,181925,0.00471,258.0,referral,35.0,749679.18,0.0009501058689396818,21419.405142857144
2019-06-30,33931,27510,166764,0.00496,156.0,organic_search,68.0,1377874.9,0.00200406707730394,20262.866176470587
2019-07-01,30649,22435,108659,0.00517,213.0,paid_search,40.0,975488.94,0.00130509967698783,24387.2235
2019-07-02,31146,23463,121588,0.00451,258.5,social_media,38.0,770107.1,0.001220060360881012,20265.976315789474
2019-07-03,30229,24504,151719,0.00504,159.1,organic_search,67.0,1492832.3,0.0022164147011148236,22281.079104477612
2019-07-04,33700,24759,149794,0.00544,260.3,organic_search,16.0,297971.29000000004,0.00047477744807121664,18623.205625000002
2019-07-05,28053,20725,142813,0.00394,253.5,social_media,11.0,294552.08999999997,0.00039211492531993016,26777.462727272723
2019-07-06,30267,24108,98786,0.0049,198.2,email_campaign,6.0,136178.8,0.00019823570224997521,22696.466666666664
2019-07-07,26042,18496,95916,0.004,284.6,email_campaign,14.0,238663.75999999998,0.0005375931188080792,17047.411428571428
2019-07-08,28853,21400,123844,0.00322,240.6,paid_search,26.0,494502.55,0.0009011194676463453,19019.328846153847
2019-07-09,32447,26102,174380,0.00412,274.5,organic_search,24.0,351445.83,0.000739667765895152,14643.57625
2019-07-10,34463,25057,159621,0.00446,140.1,paid_search,27.0,586173.52,0.0007834489162289992,21710.13037037037
2019-07-11,36925,28683,119806,0.00547,278.9,referral,10.0,209388.38999999998,0.00027081922816519973,20938.839
2019-07-12,31992,23290,134627,0.00555,130.9,organic_search,21.0,347434.66000000003,0.0006564141035258815,16544.50761904762
2019-07-13,31461,23123,109485,0.00378,193.0,referral,13.0,189601.21,0.00041321000603922317,14584.708461538461
2019-07-14,30689,23107,126201,0.00339,249.1,referral,6.0,173593.31,0.00019550979178207175,28932.218333333334
2019-07-15,33584,24679,123317,0.00382,135.9,social_media,20.0,437562.91000000003,0.0005955216769890424,21878.145500000002
2019-07-16,32949,25163,106127,0.00578,181.5,social_media,22.0,359900.9,0.0006676985644480865,16359.131818181819
2019-07-17,27662,22207,118197,0.00453,200.0,organic_search,47.0,866815.05,0.0016990817728291519,18442.87340425532
2019-07-18,33180,24421,175720,0.00393,114.6,social_media,26.0,750327.25,0.0007836045810729355,28858.740384615383
2019-07-19,33359,24768,162683,0.00416,220.2,paid_search,23.0,486216.58,0.0006894691087862346,21139.851304347827
2019-07-20,31303,25386,126631,0.00542,174.3,organic_search,30.0,798313.5,0.0009583745966840239,26610.45
2019-07-21,27249,20931,129731,0.00382,106.9,organic_search,28.0,698024.13,0.0010275606444273184,24929.433214285713
2019-07-22,35006,27980,166673,0.00456,105.8,organic_search,29.0,940075.05,0.0008284294121007827,32416.38103448276
2019-07-23,30275,23514,121949,0.00476,254.2,referral,9.0,174333.16,0.0002972749793559042,19370.35111111111
2019-07-24,34123,25043,132316,0.00564,172.2,paid_search,31.0,905342.9,0.0009084781525657181,29204.609677419354
2019-07-25,25491,18121,120516,0.00359,141.1,direct,13.0,297233.02,0.0005099839158918834,22864.078461538462
2019-07-26,28454,23032,106488,0.00478,124.1,direct,9.0,298483.15,0.0003162999929711113,33164.794444444444
2019-07-27,25171,20184,93475,0.00482,315.1,paid_search,18.0,437123.4,0.000715108656787573,24284.633333333335
2019-07-28,29673,22489,125620,0.00461,253.1,organic_search,32.0,785528.85,0.0010784214605870656,24547.7765625
2019-07-29,29279,21774,139901,0.00432,237.0,paid_search,24.0,798345.65,0.0008197001263704362,33264.402083333334
2019-07-30,34258,24978,140557,0.00572,138.4,referral,12.0,169310.71,0.00035028314554264695,14109.225833333332
2019-07-31,32965,24945,136757,0.00495,297.8,email_campaign,28.0,650564.46,0.000849385712118914,23234.445
2019-08-01,37760,28566,205970,0.00427,310.3,social_media,33.0,756858.95,0.0008739406779661017,22935.119696969694
2019-08-02,36313,26157,152843,0.00495,136.5,organic_search,51.0,936870.2,0.0014044557045686118,18370.003921568627
2019-08-03,37071,26418,194543,0.00329,120.4,email_campaign,15.0,257030.58,0.00040462895524803755,17135.372
2019-08-04,29902,22329,136233,0.00503,239.3,paid_search,23.0,375661.86,0.0007691793191090897,16333.124347826086
2019-08-05,44223,32371,155964,0.00363,292.5,email_campaign,10.0,144789.31,0.00022612667616398707,14478.931
2019-08-06,33817,26222,161936,0.00428,164.0,organic_search,25.0,516442.96,0.0007392731466422214,20657.7184
2019-08-07,34145,25373,182511,0.00353,260.8,organic_search,37.0,684712.83,0.001083613999121394,18505.75216216216
2019-08-08,37036,29698,127464,0.00411,296.9,social_media,21.0,466767.32,0.0005670158764445405,22227.01523809524
2019-08-09,32288,26460,173586,0.00564,101.3,direct,5.0,73327.89000000001,0.00015485629335976214,14665.578000000003
2019-08-10,34327,26840,138077,0.00452,188.5,referral,8.0,168515.13999999998,0.00023305269904157078,21064.392499999998
2019-08-11,36705,26339,188312,0.00571,109.4,organic_search,30.0,660641.29,0.0008173273395995096,22021.376333333334
2019-08-12,34577,26641,160627,0.00447,155.7,direct,7.0,80511.74,0.00020244671313300749,11501.677142857143
2019-08-13,31269,23166,141471,0.00542,280.0,organic_search,24.0,379456.64,0.0007675333397294445,15810.693333333335
2019-08-14,30200,23338,143432,0.00325,292.4,paid_search,32.0,581417.42,0.0010596026490066225,18169.294375
2019-08-15,30521,22191,121686,0.00337,310.4,social_media,27.0,558931.37,0.0008846368074440549,20701.16185185185
2019-08-16,37711,26507,123132,0.00405,245.5,paid_search,26.0,443949.16000000003,0.0006894540054625971,17074.967692307695
2019-08-17,33680,27542,183308,0.00476,198.4,direct,10.0,212491.09999999998,0.0002969121140142518,21249.109999999997
2019-08-18,32176,23289,152259,0.00347,151.5,social_media,25.0,387878.87,0.0007769766285430134,15515.1548
2019-08-19,31023,23243,119218,0.00409,187.5,social_media,29.0,558198.01,0.0009347903168616833,19248.20724137931
2019-08-20,38795,29098,167871,0.00411,188.5,email_campaign,13.0,217471.6,0.00033509472870215236,16728.584615384614
2019-08-21,32523,24417,117226,0.00459,204.2,email_campaign,16.0,268574.5,0.000491959536328137,16785.90625
2019-08-22,32699,25763,139482,0.00393,249.6,organic_search,42.0,932487.77,0.0012844429493256673,22202.08976190476
2019-08-23,34981,26845,172585,0.00474,199.0,email_campaign,11.0,217141.31999999998,0.0003144564191989937,19740.12
2019-08-24,31736,23983,163423,0.00326,154.9,referral,12.0,117841.7,0.0003781194857574994,9820.141666666666
2019-08-25,32083,23744,103964,0.00461,301.3,social_media,29.0,541388.34,0.0009039054951220272,18668.56344827586
2019-08-26,33250,25753,150733,0.0038,134.7,paid_search,17.0,412997.29,0.0005112781954887218,24293.958235294118
2019-08-27,32833,26446,117571,0.0045,234.3,social_media,23.0,369658.23,0.0007005147260378278,16072.096956521738
2019-08-28,31563,25463,159479,0.00577,108.1,referral,26.0,466181.68,0.0008237493267433387,17930.064615384614
2019-08-29,35811,26356,156979,0.00472,260.4,social_media,60.0,942371.09,0.0016754628466113764,15706.184833333333
2019-08-30,35419,28771,178660,0.00361,215.3,email_campaign,24.0,392166.16000000003,0.0006776024167819532,16340.256666666668
2019-08-31,32891,23627,144581,0.004,108.8,paid_search,54.0,986845.4299999999,0.0016417865069471892,18274.91537037037
2019-09-01,26185,18902,87206,0.0038,295.5,organic_search,65.0,1212779.81,0.0024823372159633377,18658.150923076922
2019-09-02,29060,21406,104211,0.00352,104.5,social_media,18.0,357336.8,0.0006194081211286992,19852.044444444444
2019-09-03,25072,17728,119670,0.00543,177.2,email_campaign,6.0,120245.4,0.0002393107849393746,20040.899999999998
2019-09-04,25524,18515,100727,0.00346,270.1,email_campaign,4.0,48400.45,0.0001567152483936687,12100.1125
2019-09-05,23170,16840,117129,0.00495,226.1,direct,6.0,159428.2,0.0002589555459646094,26571.36666666667
2019-09-06,26547,20170,89760,0.00577,187.6,paid_search,16.0,477439.3,0.0006027046370588013,29839.95625
2019-09-07,23733,16764,98671,0.00363,139.7,referral,6.0,66562.95999999999,0.0002528125395019593,11093.826666666666
2019-09-08,23398,17237,92683,0.00412,178.8,email_campaign,9.0,209819.36,0.0003846482605350885,23313.26222222222
2019-09-09,24789,19384,116234,0.00542,271.7,social_media,19.0,354240.35000000003,0.0007664689983460406,18644.22894736842
2019-09-10,22230,17279,115152,0.00479,297.0,paid_search,18.0,366352.46,0.0008097165991902834,20352.914444444446
2019-09-11,21840,17146,95983,0.00513,108.3,paid_search,21.0,577676.14,0.0009615384615384616,27508.38761904762
2019-09-12,22702,16686,104922,0.00345,204.4,social_media,17.0,437700.36,0.0007488327019645846,25747.079999999998
2019-09-13,23488,17017,100424,0.00525,218.0,social_media,18.0,439906.0,0.0007663487738419619,24439.222222222223
2019-09-14,26005,18611,114445,0.00449,310.6,organic_search,30.0,946881.4400000001,0.0011536243030186503,31562.71466666667
2019-09-15,25814,19980,100825,0.00414,115.6,paid_search,23.0,771888.55,0.0008909893856047106,33560.37173913044
2019-09-16,20819,16137,98569,0.00458,195.3,social_media,20.0,700667.08,0.0009606609347230895,35033.354
2019-09-17,24520,18925,93825,0.0037,131.4,organic_search,19.0,349503.03,0.0007748776508972267,18394.896315789476
2019-09-18,24614,18392,108688,0.00326,268.0,social_media,10.0,283465.04,0.0004062728528479727,28346.503999999997
2019-09-19,24003,18510,124057,0.00366,208.1,paid_search,21.0,433119.82999999996,0.0008748906386701663,20624.75380952381
2019-09-20,24393,19784,99499,0.00487,136.8,referral,7.0,122309.74999999999,0.00028696757266428893,17472.821428571428
2019-09-21,26707,19063,124922,0.00437,119.2,direct,5.0,98641.12000000001,0.00018721683453776163,19728.224000000002
2019-09-22,25255,19571,98526,0.00342,210.3,social_media,20.0,524199.71,0.0007919223916056226,26209.985500000003
2019-09-23,23138,16246,115705,0.0056,315.1,paid_search,24.0,555477.51,0.001037254732474717,23144.89625
2019-09-24,24793,18883,113116,0.00453,247.7,social_media,20.0,561694.13,0.0008066793046424393,28084.7065
2019-09-25,24933,18860,97407,0.00372,126.8,social_media,26.0,713185.24,0.0010427946897685798,27430.201538461537
2019-09-26,24782,20223,113023,0.0043,107.0,organic_search,30.0,797893.96,0.0012105560487450568,26596.465333333334
2019-09-27,24131,18595,129342,0.0052,308.8,referral,16.0,601002.04,0.0006630475322199661,37562.6275
2019-09-28,23264,18976,118938,0.00471,225.9,organic_search,38.0,940950.6699999999,0.0016334250343878955,24761.859736842103
2019-09-29,22213,16984,98269,0.00526,233.5,social_media,30.0,788863.0,0.0013505604826002792,26295.433333333334
2019-09-30,24111,17588,128187,0.00573,115.0,organic_search,40.0,1198116.9,0.0016589938202480196,29952.922499999997
2019-10-01,20710,16324,82106,0.00356,319.4,direct,17.0,444719.43,0.0008208594881699662,26159.966470588235
2019-10-02,17131,13716,78304,0.00477,194.4,referral,5.0,168126.92,0.0002918685424084992,33625.384000000005
2019-10-03,20821,17046,86216,0.00484,121.8,organic_search,9.0,251284.96,0.00043225589549013017,27920.551111111112
2019-10-04,20576,16713,81640,0.00335,227.1,referral,5.0,154445.97999999998,0.00024300155520995336,30889.195999999996
2019-10-05,18690,13716,68234,0.00341,122.0,email_campaign,8.0,325233.87,0.00042803638309256285,40654.23375
2019-10-06,16470,12583,57553,0.00505,308.0,paid_search,16.0,703646.87,0.0009714632665452338,43977.929375
2019-10-07,21559,15495,70372,0.00544,194.6,email_campaign,11.0,322364.45,0.0005102277471125747,29305.859090909093
2019-10-08,18757,13854,77286,0.00413,263.0,organic_search,17.0,355310.48,0.0009063283040998027,20900.616470588233
2019-10-09,21553,16339,77208,0.00462,206.5,referral,3.0,97697.82,0.000139191759847817,32565.940000000002
2019-10-10,18506,14673,94049,0.0043,263.8,email_campaign,4.0,64141.22,0.00021614611477358694,16035.305
2019-10-11,20156,14880,88486,0.00363,279.4,social_media,6.0,79088.66,0.0002976781107362572,13181.443333333335
2019-10-12,18926,14454,76157,0.00563,294.0,social_media,12.0,356698.83999999997,0.0006340483990277925,29724.903333333332
2019-10-13,18905,14766,75139,0.00432,208.8,social_media,5.0,139188.7,0.0002644802962179318,27837.74
2019-10-14,19857,15369,108752,0.00565,233.8,paid_search,20.0,508965.89,0.0010072014906582062,25448.2945
2019-10-15,20545,15329,80622,0.00321,177.1,paid_search,16.0,272034.79,0.0007787782915551229,17002.174375
2019-10-16,22893,16393,74138,0.00465,203.9,referral,7.0,93334.85,0.00030577032280609795,13333.550000000001
2019-10-17,21970,16687,119810,0.00545,152.5,organic_search,11.0,299052.99,0.0005006827492034593,27186.635454545452
2019-10-18,19452,14179,93419,0.00389,317.4,social_media,5.0,246633.24,0.00025704297758585235,49326.648
2019-10-19,21807,16138,82880,0.00468,184.2,referral,6.0,183791.7,0.00027514100976750583,30631.95
2019-10-20,19580,14473,80338,0.00465,140.3,social_media,17.0,575252.45,0.0008682328907048009,33838.379411764705
2019-10-21,21522,15193,110079,0.0045,108.8,social_media,10.0,219164.84,0.00046464083263637206,21916.484
2019-10-22,20491,16450,107786,0.00404,242.1,direct,7.0,153637.09,0.0003416133912449368,21948.155714285713
2019-10-23,21124,15901,77921,0.00533,148.2,organic_search,18.0,453354.95,0.0008521113425487597,25186.38611111111
2019-10-24,20281,16545,105059,0.00539,228.9,email_campaign,7.0,222485.41,0.0003451506335979488,31783.63
2019-10-25,18601,13821,86414,0.00433,217.6,organic_search,23.0,931677.39,0.0012364926616848556,40507.712608695656
2019-10-26,19825,15837,101548,0.00469,174.7,paid_search,18.0,532867.78,0.0009079445145018916,29603.765555555558
2019-10-27,19575,13980,72485,0.00441,209.3,direct,3.0,92704.48,0.0001532567049808429,30901.493333333332
2019-10-28,20661,15063,76738,0.00564,131.9,email_campaign,11.0,229953.79,0.0005324040462707517,20904.89
2019-10-29,21438,15871,83688,0.00407,272.7,direct,9.0,150279.87,0.00041981528127623844,16697.763333333332
2019-10-30,22429,17198,103431,0.00465,224.5,paid_search,24.0,835380.4,0.0010700432475812564,34807.51666666667
2019-10-31,20678,15942,89297,0.00343,177.7,social_media,31.0,877908.13,0.0014991778702002129,28319.617096774193
2019-11-01,16216,12680,70987,0.00529,157.5,organic_search,26.0,574666.96,0.001603354711396152,22102.575384615382
2019-11-02,15412,12610,61693,0.00506,273.3,referral,3.0,81087.55,0.00019465351674020245,27029.183333333334
2019-11-03,16872,12686,57144,0.00561,191.2,organic_search,5.0,177145.01,0.0002963489805595069,35429.002
2019-11-04,16316,12784,53263,0.00391,236.3,paid_search,15.0,554197.9299999999,0.0009193429762196617,36946.528666666665
2019-11-05,18603,13193,87384,0.00356,106.2,paid_search,5.0,164093.5,0.00026877385367951405,32818.7
2019-11-06,16846,12017,54649,0.00336,146.9,social_media,11.0,459842.27999999997,0.0006529739997625549,41803.843636363636
2019-11-07,17897,13725,62005,0.00564,247.4,organic_search,12.0,387734.89,0.0006705034363301112,32311.240833333333
2019-11-08,15016,11357,81893,0.0034,287.6,social_media,9.0,284136.13,0.0005993606819392648,31570.681111111113
2019-11-09,17759,13193,58639,0.00569,212.1,organic_search,24.0,440487.63,0.0013514274452390337,18353.65125
2019-11-10,16198,11722,76482,0.00341,181.3,paid_search,20.0,524193.35,0.0012347203358439314,26209.6675
2019-11-11,15632,11764,78188,0.00549,222.8,organic_search,30.0,870771.71,0.0019191402251791197,29025.723666666665
2019-11-12,17758,12899,85445,0.00568,181.3,organic_search,25.0,904716.66,0.0014078161955175133,36188.6664
2019-11-13,16622,12057,76134,0.00515,125.5,email_campaign,9.0,464697.11,0.0005414510889183011,51633.01222222222
2019-11-14,18465,13954,82870,0.00492,245.0,social_media,13.0,314815.62,0.0007040346601678852,24216.586153846154
2019-11-15,16484,11680,66649,0.00576,198.1,organic_search,18.0,521670.89,0.0010919679689395778,28981.716111111113
2019-11-16,14701,10502,69673,0.00541,148.2,paid_search,18.0,536883.37,0.0012244065029589823,29826.853888888887
2019-11-17,17634,14336,90795,0.00374,291.5,organic_search,22.0,560634.16,0.00124758988318022,25483.37090909091
2019-11-18,17442,13837,71670,0.00414,313.0,organic_search,24.0,533184.22,0.0013759889920880633,22216.009166666667
2019-11-19,14815,11638,74691,0.00494,173.8,referral,4.0,66643.28,0.00026999662504218695,16660.82
2019-11-20,18980,13952,102357,0.00408,143.1,referral,5.0,64509.74,0.00026343519494204424,12901.948
2019-11-21,15257,12502,55603,0.00518,147.9,direct,4.0,39461.87,0.00026217473946385267,9865.4675
2019-11-22,17609,12533,74838,0.00473,139.6,email_campaign,11.0,201855.07,0.0006246805610767222,18350.46090909091
2019-11-23,14811,11576,65070,0.00556,185.5,paid_search,13.0,218303.72,0.0008777260144487205,16792.593846153846
2019-11-24,17751,13674,69044,0.00548,277.4,organic_search,20.0,430554.69,0.0011266970874880288,21527.7345
2019-11-25,17758,14100,57719,0.00505,169.9,direct,7.0,119638.24,0.0003941885347449037,17091.177142857145
2019-11-26,16661,12533,78488,0.00459,225.3,organic_search,20.0,374598.27,0.001200408138767181,18729.913500000002
2019-11-27,17350,13306,74658,0.00332,221.2,referral,9.0,142780.74,0.0005187319884726225,15864.526666666665
2019-11-28,17918,13179,94176,0.00456,257.7,organic_search,20.0,421394.12,0.0011161960040183055,21069.706
2019-11-29,17362,12161,57698,0.00441,120.9,social_media,25.0,314544.9,0.0014399262757746802,12581.796
2019-11-30,15642,11420,64710,0.00365,295.8,direct,15.0,266978.7,0.0009589566551591868,17798.58
2019-12-01,19995,16006,99403,0.00416,206.4,organic_search,20.0,282766.22,0.001000250062515629,14138.310999999998
2019-12-02,17602,13704,91031,0.00513,191.4,paid_search,13.0,236703.06,0.0007385524372230429,18207.92769230769
2019-12-03,19623,15744,98361,0.00331,273.2,social_media,11.0,178983.84,0.0005605666819548489,16271.25818181818
2019-12-04,15760,12799,83900,0.00537,134.6,organic_search,14.0,199317.62,0.0008883248730964467,14236.972857142857
2019-12-05,17788,13672,91763,0.00385,172.1,referral,1.0,22628.88,5.621767483696874e-05,22628.88
2019-12-06,17654,13969,66287,0.00529,202.3,social_media,14.0,261379.13999999998,0.0007930214115781126,18669.93857142857
2019-12-07,19994,14532,85994,0.00579,102.6,paid_search,8.0,103790.77,0.00040012003601080324,12973.84625
2019-12-08,17943,13548,58328,0.00458,275.4,email_campaign,6.0,57276.090000000004,0.00033439224209998327,9546.015000000001
2019-12-09,18695,13953,93438,0.00573,143.5,referral,6.0,102646.62,0.00032094142818935543,17107.77
2019-12-10,21835,15963,75243,0.00533,165.3,paid_search,13.0,233479.41,0.0005953743989008472,17959.954615384617
2019-12-11,17449,14297,63628,0.00337,300.3,paid_search,11.0,151839.24,0.0006304086194051235,13803.567272727272
2019-12-12,16323,13286,67289,0.00341,265.9,paid_search,12.0,178123.31,0.0007351589781290203,14843.609166666667
2019-12-13,18670,13126,92613,0.0034,274.7,organic_search,20.0,370979.45,0.0010712372790573112,18548.9725
2019-12-14,18848,13682,82793,0.00395,195.1,social_media,14.0,169939.91,0.0007427843803056027,12138.565
2019-12-15,19212,14987,93259,0.00573,136.2,social_media,18.0,247000.03,0.0009369144284821987,13722.22388888889
2019-12-16,20895,15311,91106,0.00565,219.3,organic_search,39.0,470886.29,0.0018664752333094042,12074.007435897436
2019-12-17,18457,14943,93219,0.00561,257.3,organic_search,25.0,308929.04,0.0013544996478300915,12357.1616
2019-12-18,17942,12982,91808,0.00422,216.5,direct,6.0,94273.42000000001,0.00033441087950061306,15712.23666666667
2019-12-19,19761,14933,97788,0.00496,302.1,paid_search,13.0,212340.3,0.0006578614442588938,16333.869230769229
2019-12-20,18225,14257,97011,0.0034,109.2,direct,6.0,94230.85999999999,0.0003292181069958848,15705.143333333332
2019-12-21,19198,13494,68642,0.00337,191.1,social_media,17.0,197432.25999999998,0.000885508907177831,11613.662352941175
2019-12-22,19601,15485,107238,0.00525,124.4,referral,13.0,295228.65,0.000663231467782256,22709.896153846155
2019-12-23,20796,16515,81832,0.00455,196.2,organic_search,34.0,334943.24,0.0016349297941911907,9851.271764705882
2019-12-24,20496,15631,78628,0.00465,140.7,social_media,22.0,243689.68,0.0010733801717408276,11076.803636363637
2019-12-25,18623,13537,68299,0.00545,311.1,paid_search,19.0,154381.62,0.0010202437845674703,8125.348421052631
2019-12-26,18490,13914,68585,0.00458,264.5,organic_search,16.0,270820.77999999997,0.0008653326122228231,16926.298749999998
2019-12-27,17267,14116,56100,0.00528,294.0,referral,10.0,125442.20999999999,0.000579139398853304,12544.221
2019-12-28,20807,16864,71257,0.00506,113.9,paid_search,47.0,624507.71,0.0022588551929639063,13287.398085106382
2019-12-29,18470,13891,87451,0.0056,232.7,organic_search,45.0,686491.76,0.0024363833243096914,15255.372444444445
2019-12-30,19587,15615,77129,0.00579,313.2,paid_search,45.0,623508.51,0.002297442181038444,13855.744666666667
2019-12-31,17631,12430,69915,0.00361,262.6,referral,25.0,319030.81,0.0014179570075435312,12761.2324
2020-01-01,14183,10830,59821,0.0049,262.0,organic_search,28.0,384826.67,0.001974194458154128,13743.809642857143
2020-01-02,16808,13069,56038,0.00495,183.7,direct,1.0,13049.64,5.949547834364588e-05,13049.64
2020-01-03,14810,10936,74913,0.00564,147.4,organic_search,2.0,97536.18,0.0001350438892640108,48768.09
2020-01-04,16059,12341,62293,0.00466,104.2,paid_search,7.0,110508.37,0.00043589264586836043,15786.91
2020-01-05,15361,10835,53135,0.00431,157.2,social_media,9.0,190073.76,0.000585899355510709,21119.306666666667
2020-01-06,14973,10599,80579,0.00331,237.2,paid_search,11.0,303421.75,0.0007346557136178454,27583.795454545456
2020-01-07,16117,11670,54952,0.00563,157.9,organic_search,12.0,212372.15000000002,0.0007445554383570144,17697.67916666667
2020-01-08,15280,11720,61929,0.00454,273.7,direct,0.0,0.0,0.0,0.0
2020-01-09,16062,12523,52322,0.00523,206.7,paid_search,8.0,134721.87,0.0004980699788320259,16840.23375
2020-01-10,16265,12991,82186,0.00407,234.0,organic_search,9.0,397726.27999999997,0.0005533353827236397,44191.80888888889
2020-01-11,14483,10776,65105,0.00383,198.0,organic_search,13.0,604419.92,0.0008976040875509218,46493.840000000004
2020-01-12,14569,10490,63747,0.00545,293.5,email_campaign,8.0,228661.88,0.000549111126364198,28582.735
2020-01-13,15740,11719,60162,0.00378,316.1,paid_search,11.0,355478.14999999997,0.0006988564167725541,32316.19545454545
2020-01-14,15663,12749,79142,0.00484,173.3,social_media,7.0,372303.47,0.0004469131073229905,53186.21
2020-01-15,18706,15192,99480,0.00514,151.2,organic_search,11.0,502184.49000000005,0.0005880466160590185,45653.13545454546
2020-01-16,15738,12305,85999,0.00463,165.8,organic_search,7.0,209753.00999999998,0.0004447833269792858,29964.71571428571
2020-01-17,15987,11481,62173,0.00433,283.6,email_campaign,8.0,492227.59,0.0005004065803465316,61528.44875
2020-01-18,15401,11821,49765,0.00331,235.1,organic_search,14.0,682746.06,0.0009090318810466853,48767.57571428572
2020-01-19,16878,13764,60169,0.00389,297.2,referral,8.0,142627.39,0.0004739898092191018,17828.42375
2020-01-20,13852,11183,58603,0.00382,158.9,organic_search,11.0,300044.28,0.0007941091539127923,27276.75272727273
2020-01-21,17442,13197,56199,0.00463,229.4,social_media,9.0,206843.38999999998,0.0005159958720330237,22982.598888888886
2020-01-22,16279,12193,73513,0.0044,183.9,social_media,10.0,395580.67000000004,0.0006142883469500584,39558.067
2020-01-23,13978,10732,60429,0.00445,146.8,organic_search,10.0,298267.0,0.0007154099298898269,29826.7
2020-01-24,13647,11168,70273,0.00432,225.5,organic_search,11.0,373338.46,0.0008060379570601598,33939.86
2020-01-25,12842,9859,55792,0.00565,162.2,email_campaign,6.0,255346.59,0.0004672169444011836,42557.765
2020-01-26,16293,12595,71297,0.00414,296.9,referral,12.0,448272.93,0.0007365126127784938,37356.0775
2020-01-27,15354,12334,70501,0.00517,195.5,paid_search,14.0,505968.51,0.0009118145108766445,36140.60785714286
2020-01-28,15279,12244,72585,0.00408,226.2,referral,5.0,112929.89,0.00032724654754892336,22585.978
2020-01-29,15896,12685,64117,0.00423,161.4,direct,8.0,333578.03,0.0005032712632108706,41697.25375
2020-01-30,15257,12504,53575,0.00519,298.7,email_campaign,11.0,354879.27,0.0007209805335255948,32261.75181818182
2020-01-31,16198,13199,53495,0.00531,190.2,referral,5.0,235364.21,0.00030868008396098284,47072.842
2020-02-01,22962,16893,99895,0.00515,167.3,organic_search,11.0,466620.1,0.00047905234735650206,42420.00909090909
2020-02-02,20865,14896,68465,0.00572,106.7,paid_search,11.0,267724.94,0.0005271986580397796,24338.63090909091
2020-02-03,23887,18397,121862,0.00526,288.3,organic_search,9.0,321471.97,0.0003767739774772889,35719.107777777775
2020-02-04,24648,18028,94634,0.00437,296.5,paid_search,11.0,298704.76,0.0004462836741317754,27154.978181818184
2020-02-05,22633,17914,73734,0.0049,184.8,organic_search,10.0,389899.99,0.00044183272213140103,38989.998999999996
2020-02-06,20899,16979,103321,0.00423,164.3,paid_search,9.0,183570.0,0.0004306426144791617,20396.666666666668
2020-02-07,22577,16793,76631,0.00394,267.7,direct,7.0,233419.74,0.0003100500509367941,33345.677142857145
2020-02-08,19524,15196,101952,0.00394,184.6,paid_search,24.0,640811.75,0.001229256299938537,26700.489583333332
2020-02-09,23566,16662,79695,0.00513,248.9,organic_search,13.0,592939.33,0.0005516421963846219,45610.71769230769
2020-02-10,23762,16895,88113,0.0038,186.0,organic_search,17.0,536020.21,0.000715427994276576,31530.60058823529
2020-02-11,21057,15893,70561,0.00469,150.4,organic_search,12.0,490795.17,0.0005698817495369711,40899.597499999996
2020-02-12,22053,17470,91247,0.00495,313.3,organic_search,13.0,375551.35000000003,0.0005894889584183557,28888.565384615387
2020-02-13,23540,16928,95846,0.00402,212.9,referral,8.0,276854.95,0.0003398470688190314,34606.86875
2020-02-14,19576,14700,71906,0.00557,225.6,paid_search,10.0,196511.36000000002,0.0005108295872496935,19651.136000000002
2020-02-15,23915,18996,123972,0.00335,177.7,email_campaign,5.0,116628.65000000001,0.0002090738030524775,23325.730000000003
2020-02-16,23340,16388,118409,0.00555,204.3,direct,10.0,326389.82,0.0004284490145672665,32638.982
2020-02-17,19557,13818,95153,0.00406,305.9,referral,9.0,297855.61,0.0004601932811780948,33095.067777777775
2020-02-18,23688,19373,121108,0.00558,202.3,paid_search,14.0,409743.88,0.000591016548463357,29267.420000000002
2020-02-19,21506,15170,105681,0.0055,185.1,paid_search,15.0,552491.48,0.0006974797730865805,36832.76533333333
2020-02-20,22647,16715,120782,0.00445,316.8,social_media,11.0,444739.70999999996,0.0004857155473131099,40430.88272727272
2020-02-21,21432,16694,88624,0.00532,130.6,email_campaign,5.0,115648.26000000001,0.00023329600597237775,23129.652000000002
2020-02-22,24980,18996,110375,0.00486,222.0,social_media,19.0,671755.42,0.0007606084867894315,35355.548421052634
2020-02-23,21963,16277,115618,0.00544,255.5,social_media,19.0,556764.92,0.0008650912898966444,29303.416842105264
2020-02-24,24177,18165,91019,0.00532,233.1,paid_search,25.0,1164857.92,0.0010340406171154403,46594.3168
2020-02-25,20953,16499,105764,0.00351,185.8,email_campaign,11.0,242758.5,0.0005249844890946404,22068.954545454544
2020-02-26,22835,18087,77810,0.00496,285.3,social_media,22.0,1011741.54,0.000963433326034596,45988.25181818182
2020-02-27,21063,16238,67946,0.00521,313.2,social_media,14.0,448877.25,0.0006646726487205051,32062.660714285714
2020-02-28,20116,15109,93423,0.00541,197.2,direct,7.0,251976.89,0.00034798170610459333,35996.69857142858
2020-02-29,20524,15914,100329,0.00451,264.0,email_campaign,0.0,0.0,0.0,0.0
2020-03-01,36014,29488,146247,0.00375,132.7,email_campaign,2.0,46343.42,5.553395901593825e-05,23171.71
2020-03-02,30765,24633,99703,0.00512,278.5,social_media,3.0,196496.39,9.751340809361287e-05,65498.79666666667
2020-03-03,34111,24045,136681,0.00469,192.6,email_campaign,3.0,113275.79000000001,8.794816921227756e-05,37758.59666666667
2020-03-04,30135,23498,131222,0.00349,229.6,organic_search,16.0,558480.65,0.0005309440849510536,34905.040625
2020-03-05,31540,24232,142833,0.0048,292.1,direct,5.0,119818.47999999998,0.0001585288522511097,23963.695999999996
2020-03-06,30909,23375,129691,0.00423,149.7,email_campaign,7.0,211983.72,0.0002264712543272186,30283.38857142857
2020-03-07,29059,20692,159126,0.00535,125.3,referral,1.0,44469.52,3.441274648129667e-05,44469.52
2020-03-08,35044,24718,166817,0.00561,183.1,paid_search,7.0,183481.1,0.00019974888711334323,26211.585714285717
2020-03-09,29433,22867,103715,0.00395,268.6,organic_search,20.0,548275.25,0.000679509394217375,27413.7625
2020-03-10,27971,20293,135928,0.00525,133.6,direct,9.0,311754.45999999996,0.00032176182474705944,34639.38444444444
2020-03-11,35255,24851,118816,0.00555,168.1,paid_search,19.0,589480.36,0.0005389306481350163,31025.28210526316
2020-03-12,35504,25961,146780,0.00526,136.1,organic_search,33.0,1230320.32,0.0009294727354664263,37282.433939393944
2020-03-13,29460,21021,136446,0.00563,273.6,organic_search,26.0,790954.06,0.0008825526137135098,30421.31
2020-03-14,35810,29278,172678,0.00469,248.5,organic_search,17.0,466727.0,0.00047472772968444566,27454.529411764706
2020-03-15,33227,25808,175710,0.00545,166.9,paid_search,25.0,606543.14,0.0007524001564992326,24261.7256
2020-03-16,30813,23661,127284,0.00375,102.6,email_campaign,10.0,342030.3,0.00032453834420536785,34203.03
2020-03-17,27849,19600,141749,0.00535,210.9,organic_search,32.0,946255.79,0.0011490538259901612,29570.4934375
2020-03-18,36760,29877,197335,0.00432,111.0,referral,10.0,371449.47000000003,0.0002720348204570185,37144.947
2020-03-19,28411,21646,120110,0.00386,317.6,referral,11.0,316657.4,0.00038717398190841573,28787.036363636365
2020-03-20,31181,23354,159941,0.00477,285.3,direct,13.0,576284.48,0.00041692056059779994,44329.57538461538
2020-03-21,36509,28725,155361,0.00546,253.3,organic_search,32.0,1067701.08,0.0008764962064148566,33365.65875
2020-03-22,30641,24575,107852,0.00387,298.8,organic_search,29.0,691735.9199999999,0.0009464443066479554,23852.962758620688
2020-03-23,30524,24293,144878,0.00515,142.6,referral,12.0,344410.10000000003,0.00039313327217926875,28700.84166666667
2020-03-24,37460,28572,181911,0.00384,184.5,paid_search,36.0,932990.03,0.0009610250934329952,25916.389722222222
2020-03-25,30774,23044,99989,0.00419,165.9,email_campaign,20.0,538443.17,0.0006498992656138299,26922.1585
2020-03-26,32870,23721,177471,0.00399,271.3,paid_search,40.0,835699.37,0.001216915120170368,20892.48425
2020-03-27,31899,23483,172870,0.00329,178.3,organic_search,55.0,1235541.94,0.0017241919809398414,22464.39890909091
2020-03-28,35000,26800,161378,0.00491,167.7,organic_search,34.0,990085.2,0.0009714285714285714,29120.152941176468
2020-03-29,29090,21411,93775,0.00381,187.4,social_media,36.0,799147.04,0.0012375386730835338,22198.52888888889
2020-03-30,33713,25286,117283,0.00379,307.1,social_media,61.0,1392923.79,0.0018093910360988342,22834.816229508197
2020-03-31,28802,21651,93574,0.00534,166.1,organic_search,86.0,2292759.98,0.0029859037566835637,26659.99976744186
2020-04-01,49172,39353,197352,0.00334,268.0,paid_search,57.0,1496237.69,0.00115919629057187,26249.78403508772
2020-04-02,45580,37275,190144,0.0037,271.2,social_media,55.0,1195673.51,0.0012066695919262834,21739.518363636365
2020-04-03,43034,32921,186089,0.0039,195.7,social_media,43.0,854962.33,0.000999209927034438,19882.84488372093
2020-04-04,44615,33264,158048,0.00514,109.0,paid_search,22.0,615998.2100000001,0.0004931076992043035,27999.91863636364
2020-04-05,45794,33390,205475,0.00525,192.7,email_campaign,8.0,232398.32,0.00017469537493994847,29049.79
2020-04-06,48680,39248,247194,0.00334,136.5,organic_search,31.0,547645.17,0.0006368118323746919,17665.973225806454
2020-04-07,40824,30012,205218,0.00348,161.2,referral,11.0,254868.79,0.0002694493435234176,23169.89
2020-04-08,45660,37027,183509,0.00526,155.7,direct,12.0,372876.27,0.00026281208935611036,31073.022500000003
2020-04-09,40459,31759,204289,0.00377,116.8,organic_search,29.0,898440.35,0.0007167750067970044,30980.70172413793
2020-04-10,38738,30010,136534,0.00412,281.7,social_media,30.0,882308.54,0.0007744333729154835,29410.284666666666
2020-04-11,43287,34063,143745,0.00482,109.7,paid_search,29.0,821992.75,0.0006699470972809389,28344.577586206895
2020-04-12,37270,28399,139570,0.00387,293.6,paid_search,26.0,678119.09,0.000697612020391736,26081.50346153846
2020-04-13,46241,37526,154891,0.00575,269.9,referral,10.0,237392.90000000002,0.00021625829891222076,23739.29
2020-04-14,45655,32667,202854,0.00451,193.0,referral,18.0,361415.41000000003,0.00039426130763333696,20078.63388888889
2020-04-15,46469,34882,219857,0.00484,173.5,social_media,38.0,998258.46,0.0008177494673868601,26269.95947368421
2020-04-16,42897,30686,223797,0.00522,168.1,paid_search,44.0,1355090.22,0.0010257127538056275,30797.505
2020-04-17,41040,30521,161118,0.00491,194.1,organic_search,42.0,1325030.69,0.0010233918128654971,31548.34976190476
2020-04-18,48136,34468,216916,0.00376,129.1,direct,2.0,80205.54000000001,4.154894465680572e-05,40102.770000000004
2020-04-19,36756,27931,187408,0.00488,112.3,organic_search,35.0,1583367.32,0.0009522254869953205,45239.06628571429
2020-04-20,46424,35176,187668,0.00564,245.8,referral,9.0,330945.02999999997,0.0001938652421161468,36771.67
2020-04-21,38518,30134,142168,0.0057,159.3,social_media,29.0,884970.52,0.0007528947505062568,30516.224827586208
2020-04-22,41307,32775,200929,0.00517,138.4,paid_search,35.0,1216350.24,0.0008473140145738011,34752.864
2020-04-23,44106,34167,170615,0.00544,157.7,direct,10.0,294102.80000000005,0.00022672652246859837,29410.280000000006
2020-04-24,37916,27243,145799,0.00365,107.6,referral,11.0,249171.16999999998,0.00029011499103280937,22651.924545454545
2020-04-25,45937,32490,245372,0.00576,137.1,referral,14.0,471978.35000000003,0.0003047652219343884,33712.73928571429
2020-04-26,38854,30987,129370,0.00427,144.5,referral,14.0,482179.25,0.00036032326144026355,34441.375
2020-04-27,48189,38503,216284,0.00445,281.2,organic_search,45.0,1427522.53,0.0009338230716553571,31722.72288888889
2020-04-28,41682,30068,227421,0.0038,283.1,paid_search,43.0,1373998.03,0.0010316203637061561,31953.442558139537
2020-04-29,39749,32484,210714,0.00519,195.3,email_campaign,30.0,926319.04,0.0007547359682004578,30877.301333333333
2020-04-30,43195,33699,226414,0.00444,296.5,referral,25.0,776812.01,0.0005787706910522051,31072.4804
2020-05-01,37248,29202,154828,0.00477,181.5,social_media,39.0,1058420.51,0.0010470360824742268,27138.987435897438
2020-05-02,44006,34850,232584,0.00386,294.9,social_media,29.0,878069.42,0.0006590010453120029,30278.255862068967
2020-05-03,33774,27599,156949,0.00519,303.2,email_campaign,20.0,689279.6,0.0005921714928643335,34463.979999999996
2020-05-04,34999,25988,162964,0.00538,233.7,paid_search,8.0,339226.05,0.00022857795937026773,42403.25625
2020-05-05,46233,36589,201181,0.00392,129.7,social_media,16.0,586554.89,0.0003460731512123375,36659.680625
2020-05-06,39877,32361,201329,0.00572,257.4,email_campaign,10.0,334065.2,0.00025077112119768286,33406.520000000004
2020-05-07,40887,31237,206054,0.00578,203.2,social_media,27.0,673986.94,0.0006603565925599824,24962.479259259257
2020-05-08,40215,30642,151119,0.00573,144.6,organic_search,34.0,1250009.41,0.0008454556757428821,36764.98264705882
2020-05-09,34391,26650,180223,0.00365,281.4,paid_search,16.0,518757.71,0.0004652379983135123,32422.356875
2020-05-10,34872,25181,142645,0.00332,239.2,paid_search,23.0,777576.68,0.0006595549437944482,33807.681739130436
2020-05-11,45289,36515,227803,0.00415,217.3,organic_search,19.0,736841.1799999999,0.00041952792068714257,38781.1147368421
2020-05-12,42203,32796,149231,0.00539,263.9,organic_search,29.0,1030502.62,0.0006871549415918299,35534.573103448274
2020-05-13,42210,32669,194109,0.00331,213.7,organic_search,33.0,764726.26,0.0007818052594171997,23173.52303030303
2020-05-14,42689,33006,174672,0.00561,275.0,organic_search,35.0,897780.02,0.000819883342313008,25650.857714285714
2020-05-15,40677,32433,199382,0.00547,105.8,paid_search,24.0,1030494.46,0.0005900140128328047,42937.269166666665
2020-05-16,41763,33618,147559,0.00398,110.5,social_media,22.0,763292.58,0.0005267820798314297,34695.11727272727
2020-05-17,48316,36687,169311,0.0038,183.0,organic_search,32.0,1064817.86,0.0006623064823246958,33275.558125
2020-05-18,39843,31462,175578,0.004,314.3,email_campaign,20.0,448435.45,0.0005019702331651733,22421.7725
2020-05-19,42163,32186,169388,0.00376,109.0,organic_search,29.0,837722.1799999999,0.0006878068448639802,28886.97172413793
2020-05-20,35075,28365,157795,0.00336,122.3,email_campaign,15.0,305749.94,0.00042765502494654313,20383.329333333335
2020-05-21,37203,26829,195525,0.0033,195.7,paid_search,31.0,903589.27,0.0008332661344515228,29148.040967741937
2020-05-22,45512,34966,170596,0.00535,196.7,paid_search,33.0,1097693.03,0.0007250834944629988,33263.425151515155
2020-05-23,43072,32884,203926,0.00343,169.8,email_campaign,16.0,461293.35,0.0003714710252600297,28830.834375
2020-05-24,36563,29881,164483,0.00404,169.9,social_media,22.0,882992.78,0.000601701173317288,40136.035454545454
2020-05-25,45355,37154,224944,0.00537,247.7,direct,9.0,239043.09,0.00019843457171204938,26560.343333333334
2020-05-26,38796,29243,125978,0.00409,136.1,paid_search,31.0,1028382.6,0.0007990514486029488,33173.632258064514
2020-05-27,37058,26964,160786,0.00567,106.1,organic_search,41.0,1268271.72,0.0011063737924334827,30933.456585365853
2020-05-28,36672,27937,151505,0.00381,140.5,email_campaign,33.0,951147.55,0.000899869109947644,28822.65303030303
2020-05-29,33780,27094,176373,0.00374,215.2,organic_search,78.0,2504712.21,0.0023090586145648314,32111.695
2020-05-30,40115,28229,185694,0.0056,303.8,email_campaign,28.0,1094416.1199999999,0.000697993269350617,39086.28999999999
2020-05-31,42489,33872,155192,0.00469,199.1,referral,31.0,765808.06,0.0007296006025088846,24703.485806451616
2020-06-01,43625,34300,175784,0.00338,282.6,social_media,50.0,1739174.99,0.001146131805157593,34783.4998
2020-06-02,38550,27223,207470,0.00435,281.9,direct,2.0,18238.59,5.1880674448767835e-05,9119.295
2020-06-03,44126,33550,167992,0.00424,280.8,referral,10.0,214623.36000000002,0.0002266237592349182,21462.336000000003
2020-06-04,43162,33001,179895,0.00577,203.5,direct,5.0,111274.81,0.00011584263935869514,22254.962
2020-06-05,41289,30313,212140,0.00321,156.7,organic_search,19.0,746813.98,0.0004601709898520187,39305.99894736842
2020-06-06,37001,28500,129323,0.00404,306.3,email_campaign,4.0,170581.26,0.00010810518634631496,42645.315
2020-06-07,43638,31329,148158,0.00555,139.1,organic_search,24.0,623400.74,0.0005499793757734085,25975.030833333334
2020-06-08,45005,32086,171951,0.00577,250.2,email_campaign,12.0,457124.04,0.00026663704032885236,38093.67
2020-06-09,42655,31413,156535,0.00369,154.7,email_campaign,18.0,710272.5700000001,0.00042199038799671783,39459.587222222224
2020-06-10,44003,34775,223530,0.00334,285.3,paid_search,31.0,856565.82,0.0007044974206304116,27631.155483870967
2020-06-11,42916,33063,167050,0.00432,137.9,referral,15.0,367341.79000000004,0.0003495199925435735,24489.452666666668
2020-06-12,44428,32076,201234,0.00354,286.2,email_campaign,11.0,306949.2,0.00024759160889529125,27904.47272727273
2020-06-13,40898,29407,172585,0.00391,203.8,organic_search,24.0,943502.6599999999,0.0005868257616509365,39312.61083333333
2020-06-14,43306,35000,211437,0.00446,258.0,email_campaign,16.0,624072.88,0.00036946381563755597,39004.555
2020-06-15,42980,32920,138712,0.00517,310.1,organic_search,38.0,1375456.6,0.0008841321544904607,36196.22631578948
2020-06-16,35345,28859,181042,0.00441,162.5,organic_search,35.0,1144192.9,0.0009902390720045269,32691.225714285712
2020-06-17,36067,26295,197255,0.00529,121.6,organic_search,36.0,1424179.57,0.0009981423461890371,39560.54361111111
2020-06-18,41392,32075,180184,0.0042,267.4,paid_search,34.0,1250499.93,0.0008214147661383842,36779.40970588235
2020-06-19,48502,38712,166918,0.00349,169.8,social_media,17.0,504653.27,0.00035050101026761784,29685.486470588236
2020-06-20,42409,33875,208518,0.00325,201.1,referral,6.0,267537.85,0.00014147940295691953,44589.64166666666
2020-06-21,44397,31865,205562,0.00406,142.0,social_media,28.0,878303.45,0.0006306732436876366,31367.980357142857
2020-06-22,43423,33381,183887,0.00452,266.1,direct,7.0,229895.99,0.000161204891416991,32842.28428571428
2020-06-23,46640,36915,203779,0.00438,181.3,email_campaign,9.0,267291.77999999997,0.00019296740994854202,29699.086666666662
2020-06-24,43528,30569,211079,0.00483,313.8,social_media,35.0,927726.54,0.000804080132328616,26506.472571428574
2020-06-25,43580,34017,151493,0.00541,149.7,organic_search,52.0,1451082.21,0.001193207893529142,27905.427115384613
2020-06-26,40569,30872,186283,0.00556,267.0,organic_search,35.0,909251.12,0.0008627276984889941,25978.603428571427
2020-06-27,37310,30590,182508,0.00441,266.2,paid_search,26.0,434562.49,0.0006968641114982578,16713.941923076924
2020-06-28,39395,28416,150566,0.00483,147.1,social_media,35.0,803364.2000000001,0.0008884376189871811,22953.262857142858
2020-06-29,40040,29410,185068,0.00497,247.5,paid_search,34.0,777430.41,0.0008491508491508492,22865.60029411765
2020-06-30,42180,29724,170415,0.00398,281.4,email_campaign,23.0,622974.87,0.0005452821242294927,27085.86391304348
2020-07-01,30595,24077,99837,0.00559,254.7,paid_search,48.0,938414.41,0.001568883804543226,19550.300208333334
2020-07-02,27460,21481,146044,0.00574,269.2,email_campaign,33.0,616658.09,0.0012017479970866714,18686.608787878788
2020-07-03,30149,22578,101564,0.00454,182.7,paid_search,39.0,750906.9299999999,0.0012935752429599654,19254.023846153843
2020-07-04,36231,25655,167563,0.00358,262.5,email_campaign,6.0,139968.95,0.00016560404073859403,23328.158333333336
2020-07-05,32159,23960,164511,0.00485,136.3,paid_search,11.0,251269.57,0.0003420504368916944,22842.688181818183
2020-07-06,31155,21955,120153,0.00414,252.2,direct,7.0,161034.6,0.00022468303643074947,23004.942857142858
2020-07-07,31719,22876,131244,0.00557,239.0,organic_search,21.0,555058.68,0.0006620637472808096,26431.365714285716
2020-07-08,34532,27716,127995,0.00355,172.7,email_campaign,6.0,82049.58,0.00017375188231205839,13674.93
2020-07-09,31532,23016,144420,0.00393,262.3,direct,10.0,153312.38,0.00031713814537612586,15331.238000000001
2020-07-10,33515,26879,138606,0.00365,278.2,email_campaign,15.0,237097.65,0.00044756079367447413,15806.51
2020-07-11,32050,26172,133615,0.00506,132.5,organic_search,19.0,385377.34,0.000592823712948518,20283.017894736844
2020-07-12,27495,20220,150199,0.00339,160.2,direct,3.0,98337.88,0.00010911074740861975,32779.293333333335
2020-07-13,35078,28181,148375,0.0047,292.3,email_campaign,12.0,342101.4,0.00034209476024858884,28508.45
2020-07-14,32527,23555,137331,0.00323,240.8,paid_search,16.0,256602.9,0.0004918990377225075,16037.68125
2020-07-15,32171,25881,161809,0.0049,194.8,organic_search,29.0,751508.09,0.0009014329675794971,25914.072068965517
2020-07-16,30941,22516,125983,0.00388,237.1,organic_search,36.0,642197.8,0.0011635047348178792,17838.82777777778
2020-07-17,33050,25526,151997,0.00457,218.8,organic_search,33.0,677038.23,0.0009984871406959154,20516.309999999998
2020-07-18,27761,21602,151543,0.00531,312.3,organic_search,30.0,547688.07,0.0010806527142394006,18256.268999999997
2020-07-19,34393,26947,145541,0.00441,180.0,social_media,7.0,269968.25,0.0002035297880382636,38566.892857142855
2020-07-20,37632,29503,155007,0.00431,171.8,social_media,10.0,322778.94,0.0002657312925170068,32277.894
2020-07-21,35054,27530,126216,0.00451,203.5,organic_search,22.0,665297.64,0.0006276031266046671,30240.80181818182
2020-07-22,29644,22426,125613,0.00394,174.0,organic_search,25.0,585854.51,0.0008433409796248819,23434.1804
2020-07-23,31569,25229,159907,0.00453,290.0,email_campaign,20.0,513279.58,0.000633532896195635,25663.979
2020-07-24,27412,21601,122794,0.00484,281.8,paid_search,34.0,1059878.47,0.0012403327010068583,31172.89617647059
2020-07-25,31945,23339,162927,0.00578,213.3,direct,8.0,178279.51,0.0002504304272969166,22284.93875
2020-07-26,34829,25520,177075,0.00422,318.3,referral,11.0,401124.52,0.0003158287633868328,36465.865454545456
2020-07-27,35833,27052,192786,0.0032,154.3,email_campaign,9.0,259737.65,0.00025116512711746155,28859.73888888889
2020-07-28,34319,24787,128819,0.00412,248.6,email_campaign,9.0,386898.97,0.0002622454034208456,42988.77444444444
2020-07-29,26016,18447,110402,0.00555,176.0,organic_search,35.0,1129295.91,0.0013453259532595326,32265.597428571426
2020-07-30,31271,24555,159400,0.00496,294.7,email_campaign,16.0,568052.94,0.0005116561670557386,35503.30875
2020-07-31,31816,23266,112511,0.00494,240.3,email_campaign,27.0,914517.19,0.0008486296203168217,33871.00703703704
2020-08-01,37813,28331,199410,0.00353,197.1,email_campaign,23.0,1026686.9299999999,0.0006082564197498215,44638.562173913044
2020-08-02,35863,28452,153799,0.00428,192.4,direct,10.0,269993.55,0.0002788389147589438,26999.355
2020-08-03,38720,29089,177199,0.00561,191.2,organic_search,37.0,1229103.0,0.0009555785123966942,33219.0
2020-08-04,34620,26378,139818,0.00369,307.3,organic_search,35.0,1028581.18,0.0010109763142692085,29388.033714285717
2020-08-05,36418,26253,187350,0.00364,153.2,email_campaign,8.0,233818.76,0.0002196715909714976,29227.345
2020-08-06,35171,25902,161966,0.00395,244.1,organic_search,26.0,767339.59,0.0007392454010406301,29513.061153846153
2020-08-07,41155,32438,133104,0.00493,302.0,organic_search,19.0,518575.27,0.00046166929899161706,27293.435263157895
2020-08-08,35669,27251,145029,0.00387,172.7,referral,3.0,49011.759999999995,8.410664722868597e-05,16337.253333333332
2020-08-09,37676,26741,164147,0.00423,122.5,email_campaign,8.0,279386.49,0.00021233676611105213,34923.31125
2020-08-10,35228,25251,153470,0.00437,241.6,organic_search,22.0,803513.97,0.0006245032360622233,36523.362272727274
2020-08-11,37719,27782,200458,0.00395,107.6,paid_search,24.0,827237.12,0.00063628410085103,34468.21333333333
2020-08-12,39180,28426,215466,0.00467,125.5,organic_search,27.0,1172839.91,0.0006891271056661562,43438.515185185184
2020-08-13,40215,29520,205003,0.00577,279.0,organic_search,39.0,1484026.19,0.0009697873927638941,38051.953589743585
2020-08-14,35760,26734,166236,0.00351,298.4,organic_search,27.0,713420.57,0.0007550335570469798,26422.984074074073
2020-08-15,33356,26180,178584,0.00497,243.4,referral,8.0,224610.86000000002,0.0002398369109005876,28076.357500000002
2020-08-16,37006,29530,157212,0.00374,174.3,email_campaign,12.0,396950.62,0.00032427173971788357,33079.21833333333
2020-08-17,34854,28022,118396,0.00533,125.2,organic_search,32.0,1172723.38,0.0009181155677970965,36647.605625
2020-08-18,37531,28605,203174,0.00488,187.9,organic_search,35.0,1318935.89,0.0009325624150702086,37683.88257142857
2020-08-19,34147,27810,185856,0.00561,160.0,paid_search,22.0,781009.94,0.0006442732890151404,35500.45181818181
2020-08-20,36424,26616,182461,0.00343,187.4,organic_search,28.0,822750.99,0.0007687239182956292,29383.96392857143
2020-08-21,33606,25978,109747,0.00563,279.8,social_media,19.0,919389.73,0.0005653752306135809,48388.93315789474
2020-08-22,30963,23305,154853,0.0043,319.1,organic_search,30.0,1122023.97,0.0009688983625617672,37400.799
2020-08-23,39987,31388,209083,0.00468,164.1,organic_search,26.0,734108.37,0.0006502113186785706,28234.937307692308
2020-08-24,33539,26264,119660,0.00515,126.0,email_campaign,7.0,327617.89,0.00020871224544560064,46802.555714285714
2020-08-25,32268,26443,160031,0.00527,107.7,email_campaign,18.0,542190.55,0.0005578281889178133,30121.697222222225
2020-08-26,35762,25302,185700,0.00493,277.9,email_campaign,18.0,587689.89,0.0005033275543873385,32649.438333333335
2020-08-27,38266,28828,200768,0.00446,246.8,organic_search,38.0,1649267.96,0.0009930486593843098,43401.78842105263
2020-08-28,38993,30032,174686,0.00351,213.4,paid_search,48.0,1337554.99,0.0012309901777242068,27865.728958333333
2020-08-29,36212,26931,191116,0.00391,150.7,paid_search,58.0,1803632.53,0.001601679001435988,31097.1125862069
2020-08-30,36313,27199,161767,0.00433,233.7,referral,30.0,883749.78,0.0008261504144521246,29458.326
2020-08-31,30899,23108,120249,0.00424,280.9,paid_search,31.0,828280.49,0.0010032687141978704,26718.725483870967
2020-09-01,25779,19525,82568,0.0035,234.7,referral,21.0,674179.01,0.0008146165483533109,32103.762380952383
2020-09-02,25740,20239,87892,0.00528,129.0,email_campaign,4.0,145836.03,0.0001554001554001554,36459.0075
2020-09-03,21880,16243,72566,0.00573,186.9,social_media,6.0,177016.40999999997,0.0002742230347349177,29502.734999999997
2020-09-04,26341,18688,125151,0.0045,284.2,email_campaign,9.0,202626.37,0.00034167267757488325,22514.04111111111
2020-09-05,27061,21025,109833,0.00512,174.8,organic_search,12.0,381926.83,0.0004434425926610251,31827.235833333336
2020-09-06,27527,21630,108802,0.00365,208.6,email_campaign,12.0,429739.12,0.00043593562683910344,35811.59333333333
2020-09-07,24662,17883,108662,0.00407,235.7,organic_search,29.0,647042.51,0.0011758981428918985,22311.810689655173
2020-09-08,22647,18442,121854,0.00525,303.4,paid_search,16.0,321118.03,0.0007064953415463417,20069.876875
2020-09-09,23534,16840,84994,0.00448,196.9,paid_search,15.0,377180.63,0.0006373757117362114,25145.375333333333
2020-09-10,24599,17738,105977,0.00474,124.4,social_media,16.0,431717.04,0.0006504329444286353,26982.315
2020-09-11,25825,19056,95585,0.00394,218.6,email_campaign,9.0,187177.6,0.0003484995159728945,20797.51111111111
2020-09-12,25785,19681,123384,0.00538,186.2,paid_search,20.0,502282.52,0.0007756447547023463,25114.126
2020-09-13,21475,15123,95840,0.00365,146.1,referral,4.0,93407.56,0.00018626309662398137,23351.89
2020-09-14,28528,21280,108347,0.00389,148.8,email_campaign,11.0,296154.95,0.00038558609085810434,26923.177272727273
2020-09-15,30267,22450,113275,0.00372,303.0,social_media,21.0,465361.57,0.0006938249578749133,22160.07476190476
2020-09-16,26144,19196,86584,0.00557,203.7,paid_search,17.0,477096.37,0.0006502447980416157,28064.492352941175
2020-09-17,27837,19900,114571,0.00454,135.7,referral,6.0,131589.56,0.00021554046772281495,21931.593333333334
2020-09-18,21105,15784,100383,0.00425,265.4,email_campaign,4.0,192113.08000000002,0.00018952854773750296,48028.270000000004
2020-09-19,23948,17545,83188,0.00416,181.4,organic_search,14.0,384774.93,0.0005845999665942877,27483.92357142857
2020-09-20,29247,22547,115136,0.00377,152.3,social_media,13.0,392642.23,0.0004444900331657948,30203.24846153846
2020-09-21,29246,22025,136066,0.00353,242.2,paid_search,25.0,704268.29,0.0008548177528550913,28170.731600000003
2020-09-22,27835,20293,106244,0.00409,245.6,paid_search,25.0,589885.45,0.0008981498113885396,23595.417999999998
2020-09-23,28929,21337,145147,0.00541,308.1,organic_search,16.0,456522.78,0.0005530782260015901,28532.67375
2020-09-24,22265,17768,114577,0.00411,155.1,paid_search,14.0,335717.6,0.0006287895800583876,23979.82857142857
2020-09-25,30621,24702,109054,0.00553,302.6,paid_search,14.0,445721.41000000003,0.0004572025733973417,31837.243571428575
2020-09-26,25054,18036,118576,0.00549,177.9,referral,2.0,49968.05,7.9827572443522e-05,24984.025
2020-09-27,29837,23097,142121,0.00533,315.7,organic_search,26.0,715234.67,0.0008714012802895734,27509.02576923077
2020-09-28,28965,22114,125634,0.00361,311.1,email_campaign,15.0,440794.98,0.0005178663904712584,29386.332
2020-09-29,27997,19870,137528,0.0048,188.6,social_media,23.0,755616.51,0.0008215165910633282,32852.891739130435
2020-09-30,23089,16405,113390,0.00371,307.9,email_campaign,12.0,331506.51,0.0005197280090086188,27625.5425
2020-10-01,21266,16930,76549,0.0054,227.6,email_campaign,11.0,253111.59,0.0005172575942819524,23010.144545454546
2020-10-02,18119,14852,77416,0.00406,156.7,organic_search,4.0,108852.73,0.00022076273525028974,27213.1825
2020-10-03,20645,14636,67383,0.00513,214.8,paid_search,9.0,382817.72,0.00043594090578832645,42535.30222222222
2020-10-04,19416,14262,73170,0.00533,195.8,organic_search,13.0,465538.86,0.0006695508858673259,35810.68153846154
2020-10-05,24911,19722,131231,0.00403,246.0,email_campaign,5.0,54565.47,0.00020071454377584198,10913.094000000001
2020-10-06,23347,19051,99243,0.00576,213.7,paid_search,11.0,522639.57,0.00047115261061378335,47512.68818181818
2020-10-07,21132,15554,84375,0.00367,284.1,organic_search,11.0,392621.29,0.0005205375733484763,35692.84454545454
2020-10-08,20037,16325,64298,0.00432,287.7,email_campaign,7.0,329856.64,0.0003493536956630234,47122.37714285714
2020-10-09,22199,17432,101056,0.00555,316.3,paid_search,15.0,754849.15,0.000675706112887968,50323.276666666665
2020-10-10,20615,15266,103142,0.00534,101.8,organic_search,21.0,663478.5,0.0010186757215619694,31594.214285714286
2020-10-11,20115,14199,93659,0.00448,275.5,paid_search,10.0,336975.39,0.0004971414367387521,33697.539000000004
2020-10-12,20896,16465,72670,0.00525,289.6,referral,4.0,39138.700000000004,0.00019142419601837673,9784.675000000001
2020-10-13,20981,16932,82348,0.00361,302.7,organic_search,24.0,991217.43,0.0011438920928459081,41300.72625
2020-10-14,21476,16150,80061,0.0035,209.4,referral,5.0,241560.24000000002,0.00023281802942819892,48312.048
2020-10-15,20834,16576,105217,0.00326,201.8,organic_search,13.0,635754.91,0.0006239800326389556,48904.22384615385
2020-10-16,21601,16609,104505,0.00443,145.1,paid_search,17.0,586293.62,0.0007870006018239897,34487.86
2020-10-17,21266,15812,71380,0.00514,149.1,paid_search,9.0,303991.78,0.0004232107589579611,33776.86444444445
2020-10-18,20371,16113,78229,0.00534,180.7,paid_search,15.0,399086.24,0.0007363408767365373,26605.749333333333
2020-10-19,19438,15597,66703,0.00516,152.5,organic_search,16.0,838129.2,0.0008231299516411153,52383.075
2020-10-20,19028,15363,64480,0.00571,285.2,paid_search,19.0,717939.88,0.000998528484338869,37786.30947368421
2020-10-21,23461,18428,125439,0.00371,185.7,referral,5.0,153545.0,0.00021311964536891012,30709.0
2020-10-22,19036,14034,92719,0.00461,145.3,email_campaign,11.0,299235.48,0.0005778524900189115,27203.225454545453
2020-10-23,22434,17640,111878,0.00441,180.6,paid_search,13.0,289723.39,0.0005794775786752252,22286.414615384616
2020-10-24,22947,18684,96280,0.00343,287.6,social_media,12.0,321068.13,0.0005229441757092431,26755.6775
2020-10-25,19591,14128,93877,0.00564,255.7,organic_search,17.0,567817.9299999999,0.0008677453932928386,33401.05470588235
2020-10-26,21875,17852,75409,0.00374,251.9,social_media,13.0,474242.81,0.0005942857142857143,36480.21615384615
2020-10-27,22036,16781,78948,0.00509,181.9,paid_search,17.0,704972.98,0.0007714648756580141,41468.99882352941
2020-10-28,20859,15866,66974,0.00575,178.3,social_media,31.0,1099410.44,0.0014861690397430366,35464.8529032258
2020-10-29,21829,16036,95302,0.00432,144.5,organic_search,28.0,811534.95,0.0012826973292409181,28983.39107142857
2020-10-30,22356,17201,94204,0.00408,182.9,email_campaign,12.0,465418.79,0.0005367686527106817,38784.89916666666
2020-10-31,23949,18930,111408,0.00482,300.9,paid_search,23.0,731577.36,0.00096037412835609,31807.711304347824
2020-11-01,18245,12972,61204,0.00405,261.0,paid_search,16.0,567875.9,0.0008769525897506166,35492.24375
2020-11-02,19551,14750,64224,0.00324,183.2,social_media,9.0,299773.71,0.0004603345097437471,33308.19
2020-11-03,17361,12559,82603,0.00566,212.2,referral,5.0,69281.66,0.0002880018432117966,13856.332
2020-11-04,16277,12255,56661,0.00418,293.4,email_campaign,7.0,172662.51,0.00043005467838053694,24666.07285714286
2020-11-05,15813,12731,64934,0.00566,108.1,organic_search,10.0,316411.58999999997,0.0006323910706380826,31641.158999999996
2020-11-06,16918,12621,85878,0.00412,316.2,paid_search,6.0,179209.22,0.0003546518501004847,29868.203333333335
2020-11-07,17082,12711,79468,0.00569,233.5,referral,2.0,160376.62,0.00011708230886313078,80188.31
2020-11-08,18445,13486,81091,0.00527,190.7,paid_search,6.0,163018.28,0.0003252914068853348,27169.713333333333
2020-11-09,17701,12953,76286,0.00418,118.0,paid_search,8.0,266688.88,0.00045195186712615107,33336.11
2020-11-10,19293,13687,77336,0.00477,315.5,paid_search,12.0,432559.61,0.0006219872492613901,36046.63416666666
2020-11-11,18790,14166,76190,0.00338,296.6,email_campaign,4.0,97286.26,0.00021287919105907396,24321.565
2020-11-12,17856,12841,86498,0.00527,174.6,referral,6.0,127819.29000000001,0.0003360215053763441,21303.215
2020-11-13,17396,12776,77474,0.00556,279.4,email_campaign,4.0,89398.99999999999,0.00022993791676247414,22349.749999999996
2020-11-14,17694,12793,72612,0.00576,243.0,direct,3.0,102686.19,0.00016954899966090201,34228.73
2020-11-15,14260,10406,61122,0.00412,188.5,organic_search,14.0,667624.55,0.0009817671809256663,47687.46785714286
2020-11-16,18092,14243,97390,0.00504,296.1,email_campaign,7.0,192916.63999999998,0.00038691134202962634,27559.519999999997
2020-11-17,16039,12068,67477,0.00563,128.4,organic_search,15.0,429884.12,0.0009352204002743313,28658.941333333332
2020-11-18,16491,11715,73039,0.00524,213.6,organic_search,9.0,382027.89,0.0005457522284882663,42447.543333333335
2020-11-19,16250,13117,59654,0.00577,283.0,paid_search,10.0,181585.94,0.0006153846153846154,18158.594
2020-11-20,17855,13458,79186,0.0043,176.8,organic_search,12.0,369762.45,0.0006720806496779613,30813.537500000002
2020-11-21,17079,12036,83706,0.00347,295.2,social_media,14.0,231842.75999999998,0.0008197201241290473,16560.19714285714
2020-11-22,16764,12087,75792,0.00542,254.4,paid_search,16.0,315560.83,0.000954426151276545,19722.551875
2020-11-23,15370,11896,81227,0.00418,126.5,organic_search,13.0,306295.47,0.0008458035133376708,23561.19
2020-11-24,18796,13402,84515,0.00393,141.6,paid_search,11.0,151024.49,0.0005852309001915301,13729.49909090909
2020-11-25,15420,10841,54787,0.00336,134.0,organic_search,13.0,269569.89,0.0008430609597924773,20736.145384615385
2020-11-26,16733,13329,79614,0.00552,213.0,organic_search,7.0,155301.41,0.00041833502659415525,22185.915714285715
2020-11-27,17323,13271,92052,0.00399,254.4,organic_search,26.0,461492.83999999997,0.0015008947641863418,17749.724615384614
2020-11-28,18543,13712,71710,0.00329,285.2,organic_search,19.0,284447.74,0.001024645418756404,14970.933684210526
2020-11-29,18159,14657,98612,0.00482,100.2,email_campaign,11.0,194152.12,0.0006057602290875048,17650.192727272726
2020-11-30,17824,13249,69923,0.00565,139.2,organic_search,24.0,402860.12,0.0013464991023339318,16785.838333333333
2020-12-01,19647,14036,101454,0.00425,101.6,organic_search,20.0,377436.91,0.0010179671196620349,18871.8455
2020-12-02,20023,16101,69321,0.00466,296.8,organic_search,5.0,80475.74,0.000249712830245218,16095.148000000001
2020-12-03,20422,15573,85659,0.0054,254.5,paid_search,8.0,138298.16999999998,0.0003917344040740378,17287.271249999998
2020-12-04,16123,12162,75877,0.00414,150.9,social_media,9.0,164219.29,0.0005582087700800099,18246.58777777778
2020-12-05,19449,13722,102800,0.00559,305.9,organic_search,13.0,172207.26,0.0006684148285258882,13246.712307692309
2020-12-06,19233,15083,87799,0.00345,265.8,paid_search,4.0,87074.43000000001,0.00020797587479852336,21768.607500000002
2020-12-07,17942,14544,75482,0.00385,124.6,social_media,6.0,182325.55000000002,0.00033441087950061306,30387.59166666667
2020-12-08,18946,14954,83991,0.00348,139.4,email_campaign,4.0,158252.35,0.00021112635912593687,39563.0875
2020-12-09,19732,14464,64921,0.00403,124.6,organic_search,18.0,279044.83,0.0009122237989053314,15502.490555555556
2020-12-10,16485,13246,64712,0.00346,260.4,paid_search,6.0,140582.43,0.0003639672429481347,23430.405
2020-12-11,16188,11995,58965,0.00344,198.6,organic_search,10.0,59848.590000000004,0.000617741536940944,5984.859
2020-12-12,16777,13540,71386,0.00418,156.0,paid_search,15.0,238667.31,0.0008940811825713775,15911.154
2020-12-13,16467,12133,58632,0.0048,194.7,paid_search,11.0,212918.09000000003,0.0006680026720106881,19356.190000000002
2020-12-14,19160,14625,69801,0.00428,314.9,paid_search,17.0,291089.08999999997,0.0008872651356993737,17122.887647058822
2020-12-15,20367,15824,98777,0.00494,315.9,organic_search,20.0,318317.41000000003,0.0009819806549810968,15915.8705
2020-12-16,19278,15286,93923,0.00503,110.3,paid_search,17.0,176742.58,0.0008818342151675485,10396.622352941176
2020-12-17,19854,14704,70559,0.00324,294.3,referral,4.0,107499.37999999999,0.00020147073637554144,26874.844999999998
2020-12-18,20218,14273,75635,0.00519,307.7,organic_search,24.0,501641.57,0.0011870610347215352,20901.732083333332
2020-12-19,20038,15556,91258,0.00409,259.5,paid_search,14.0,354582.52,0.0006986725222078052,25327.32285714286
2020-12-20,20214,16185,71596,0.00474,258.1,paid_search,20.0,423194.23000000004,0.0009894132779261898,21159.7115
2020-12-21,18862,15018,79432,0.0046,168.1,referral,9.0,188387.32,0.0004771498250450641,20931.924444444445
2020-12-22,18707,13230,83873,0.00368,292.1,social_media,24.0,382386.51,0.0012829422141444379,15932.77125
2020-12-23,19179,14954,95061,0.00569,292.5,email_campaign,6.0,112757.3,0.00031284217112466763,18792.883333333335
2020-12-24,20374,15600,88847,0.00486,159.9,paid_search,12.0,93031.93,0.000588985962501227,7752.660833333332
2020-12-25,19207,14605,70159,0.00343,250.6,paid_search,22.0,312185.43,0.001145415733847035,14190.246818181819
2020-12-26,19934,15114,93736,0.0053,170.4,email_campaign,10.0,212362.31999999998,0.0005016554630279924,21236.231999999996
2020-12-27,22306,16526,92481,0.00346,281.6,organic_search,23.0,260613.81,0.0010311127051017663,11331.035217391303
2020-12-28,18063,14637,96451,0.00526,293.1,social_media,40.0,611269.24,0.002214471571721198,15281.731
2020-12-29,21080,15731,90633,0.0035,136.0,organic_search,42.0,730793.24,0.0019924098671726754,17399.839047619047
2020-12-30,20533,16778,69320,0.00328,280.3,organic_search,32.0,567570.17,0.001558466858228218,17736.5678125
2020-12-31,17767,13361,93445,0.00519,109.3,email_campaign,11.0,236229.93,0.0006191253447402488,21475.44818181818
2021-01-01,14570,11040,49430,0.00361,132.6,referral,7.0,111375.73999999999,0.0004804392587508579,15910.819999999998
2021-01-02,13267,10265,60079,0.00422,125.3,paid_search,6.0,219084.5,0.00045224994346875706,36514.083333333336
2021-01-03,14741,11620,73963,0.00578,179.8,paid_search,4.0,222016.64,0.0002713520113967845,55504.16
2021-01-04,14929,10471,52523,0.00473,171.1,social_media,1.0,34421.96,6.698372295532186e-05,34421.96
2021-01-05,16138,12708,53744,0.00485,306.4,email_campaign,8.0,363558.54,0.0004957243772462511,45444.8175
2021-01-06,16334,12369,83419,0.00445,227.4,referral,2.0,20652.239999999998,0.0001224439818782907,10326.119999999999
2021-01-07,16711,11962,91756,0.00402,210.0,paid_search,3.0,36174.66,0.00017952247022919035,12058.220000000001
2021-01-08,16364,13392,62434,0.00433,234.0,organic_search,4.0,99715.7,0.0002444390124663896,24928.925
2021-01-09,16343,11944,64540,0.00532,307.6,social_media,3.0,85987.45,0.00018356482897876768,28662.483333333334
2021-01-10,13484,9896,58053,0.00391,206.6,social_media,4.0,81968.52,0.0002966478789676654,20492.13
2021-01-11,16493,11978,55382,0.00448,314.0,email_campaign,4.0,142071.84,0.00024252713272297338,35517.96
2021-01-12,15881,11461,69707,0.00466,319.8,paid_search,12.0,538454.54,0.0007556199231786412,44871.21166666667
2021-01-13,15076,10739,53234,0.00479,182.6,referral,2.0,81249.06,0.00013266118333775536,40624.53
2021-01-14,16537,11936,53246,0.00442,215.2,social_media,5.0,129130.31999999999,0.0003023523009010099,25826.064
2021-01-15,15763,11957,60315,0.0046,247.6,direct,5.0,189388.25,0.0003171985028230667,37877.65
2021-01-16,15667,11566,78596,0.00529,286.5,direct,1.0,24555.54,6.382842918235782e-05,24555.54
2021-01-17,16227,13003,67057,0.00531,293.8,social_media,7.0,103452.26,0.000431379799100265,14778.894285714285
2021-01-18,15948,11290,59449,0.0058,159.4,organic_search,15.0,575811.87,0.0009405568096313017,38387.458
2021-01-19,16117,12572,68303,0.00439,228.1,referral,6.0,302783.75,0.0003722777191785072,50463.958333333336
2021-01-20,15543,11545,69867,0.0039,191.7,paid_search,4.0,145051.29,0.0002573505758219134,36262.8225
2021-01-21,15673,11090,61671,0.00406,236.5,social_media,9.0,325613.39,0.0005742359471702928,36179.265555555554
2021-01-22,16747,12024,55374,0.00472,303.9,organic_search,6.0,204047.21000000002,0.00035827312354451543,34007.86833333334
2021-01-23,16160,12050,61099,0.00539,235.4,social_media,7.0,186905.6,0.0004331683168316832,26700.8
2021-01-24,15728,11746,57187,0.00329,284.5,organic_search,22.0,703911.29,0.0013987792472024414,31995.967727272728
2021-01-25,17059,12064,85576,0.00542,317.7,organic_search,18.0,566967.7,0.0010551614983293277,31498.205555555553
2021-01-26,16118,12581,57820,0.00352,147.1,paid_search,13.0,563548.51,0.0008065516813500434,43349.88538461539
2021-01-27,17898,14011,68989,0.00544,249.6,organic_search,20.0,633280.88,0.001117443289753045,31664.044
2021-01-28,14112,9931,72021,0.00489,213.6,direct,5.0,181063.86,0.00035430839002267573,36212.772
2021-01-29,15601,11768,66036,0.00469,239.3,referral,7.0,183963.56,0.00044868918659060316,26280.50857142857
2021-01-30,16213,12103,85859,0.00557,251.5,paid_search,11.0,265535.41,0.000678467896132733,24139.582727272726
2021-01-31,14307,10979,54842,0.00343,126.3,paid_search,13.0,400178.64999999997,0.000908646117285245,30782.973076923074
2021-02-01,24811,19041,121401,0.00348,190.4,social_media,10.0,197967.85,0.00040304703558905326,19796.785
2021-02-02,25619,18057,116068,0.00568,238.1,organic_search,10.0,328364.06,0.00039033529802100003,32836.406
2021-02-03,24601,19055,96562,0.00434,190.5,organic_search,10.0,252112.91,0.00040648754115686354,25211.291
2021-02-04,24393,17316,85004,0.00511,305.8,organic_search,8.0,345625.3,0.00032796294018775876,43203.1625
2021-02-05,23162,16799,89702,0.00469,152.2,social_media,5.0,238501.94999999998,0.00021587082289957688,47700.39
2021-02-06,28524,20728,141994,0.00441,302.9,organic_search,5.0,161897.79,0.00017529098303183284,32379.558
2021-02-07,25884,19478,129366,0.00353,109.9,direct,4.0,175767.66,0.00015453562046051616,43941.915
2021-02-08,22937,17347,83607,0.00412,302.6,referral,4.0,92322.1,0.0001743907224135676,23080.525
2021-02-09,22393,18180,108739,0.00352,212.8,referral,7.0,206929.82,0.00031259768677711783,29561.402857142857
2021-02-10,21106,16559,98582,0.00484,191.8,organic_search,17.0,503003.98,0.0008054581635553871,29588.469411764705
2021-02-11,23164,18564,120219,0.00466,128.2,organic_search,13.0,398301.9,0.0005612156795026766,30638.607692307694
2021-02-12,20050,15090,103675,0.00458,242.3,referral,8.0,372302.1,0.00039900249376558606,46537.7625
2021-02-13,20675,16310,86780,0.00384,293.6,organic_search,17.0,556532.49,0.0008222490931076179,32737.205294117648
2021-02-14,19107,14102,97327,0.00506,260.8,paid_search,18.0,620132.95,0.0009420631182289214,34451.830555555556
2021-02-15,21007,16081,68470,0.0035,225.4,direct,8.0,231442.25,0.0003808254391393345,28930.28125
2021-02-16,24988,18787,98983,0.00456,306.7,social_media,18.0,503224.71,0.0007203457659676645,27956.928333333333
2021-02-17,27259,21684,107385,0.00556,115.0,social_media,9.0,303502.58,0.00033016618364576836,33722.50888888889
2021-02-18,23888,19308,121845,0.00517,298.3,email_campaign,11.0,228514.71,0.00046048225050234425,20774.064545454545
2021-02-19,20136,15365,97088,0.00359,223.4,organic_search,20.0,1057316.27,0.0009932459276916965,52865.813500000004
2021-02-20,22514,16093,81093,0.00339,211.0,referral,9.0,223939.91,0.0003997512658790086,24882.212222222224
2021-02-21,24929,19918,113473,0.00542,236.0,email_campaign,16.0,425452.77,0.0006418227766857876,26590.798125
2021-02-22,21488,16743,88253,0.00469,240.4,social_media,24.0,759373.54,0.0011169024571854058,31640.564166666667
2021-02-23,23227,17758,110633,0.00438,108.4,direct,8.0,243923.52000000002,0.00034442674473672883,30490.440000000002
2021-02-24,24814,18311,109543,0.0052,314.6,email_campaign,11.0,516865.9,0.0004432981381478198,46987.80909090909
2021-02-25,25641,19004,117903,0.00441,264.5,social_media,41.0,1232966.31,0.001599001599001599,30072.349024390245
2021-02-26,20529,16603,85164,0.00369,203.7,paid_search,29.0,1088924.48,0.001412635783525744,37549.12
2021-02-27,22079,15987,117948,0.0057,317.3,paid_search,25.0,1083232.32,0.0011322976584084423,43329.2928
2021-02-28,26771,19046,121825,0.00433,227.0,organic_search,19.0,628105.92,0.0007097232079489,33058.20631578947
2021-03-01,30058,23636,139274,0.00377,126.6,email_campaign,5.0,155415.5,0.00016634506620533636,31083.1
2021-03-02,34281,27865,150636,0.00511,194.1,organic_search,5.0,355574.25,0.00014585338817420728,71114.85
2021-03-03,37125,27617,174633,0.00415,299.1,organic_search,9.0,287004.39,0.00024242424242424242,31889.376666666667
2021-03-04,34850,24960,180481,0.00534,218.7,organic_search,29.0,966005.11,0.0008321377331420373,33310.52103448276
2021-03-05,34458,27269,136717,0.00504,316.3,organic_search,8.0,268522.65,0.00023216669568750363,33565.33125
2021-03-06,33670,27371,133076,0.00449,177.2,email_campaign,4.0,147400.63,0.0001188001188001188,36850.1575
2021-03-07,36948,28600,157069,0.00565,225.9,social_media,20.0,477665.32,0.0005413012882970661,23883.266
2021-03-08,35780,27855,140464,0.00349,178.3,referral,6.0,157731.9,0.00016769144773616545,26288.649999999998
2021-03-09,31141,22131,156070,0.00526,294.3,social_media,15.0,608295.44,0.00048168010018946085,40553.02933333333
2021-03-10,37934,26752,195688,0.00398,276.9,social_media,21.0,524844.59,0.0005535930827226235,24992.599523809524
2021-03-11,34349,26011,168223,0.00457,186.7,direct,11.0,435721.26,0.0003202422195697109,39611.023636363636
2021-03-12,32364,23561,105747,0.00346,169.7,social_media,27.0,541778.92,0.0008342602892102336,20065.885925925926
2021-03-13,31175,24629,112065,0.00406,307.3,direct,4.0,99250.77,0.00012830793905372896,24812.6925
2021-03-14,30999,25273,114789,0.00547,116.3,paid_search,24.0,788853.08,0.000774218523178167,32868.878333333334
2021-03-15,31562,23684,161584,0.00392,170.8,paid_search,25.0,1030511.79,0.0007920917559090045,41220.471600000004
2021-03-16,30694,24351,159810,0.00459,213.6,social_media,20.0,524094.61,0.000651593145240112,26204.730499999998
2021-03-17,31897,25392,170214,0.00481,318.6,organic_search,41.0,1249762.45,0.0012853873405022417,30482.010975609755
2021-03-18,35408,28839,182242,0.00579,124.5,organic_search,65.0,1711444.64,0.0018357433348395844,26329.917538461537
2021-03-19,34760,28067,120473,0.00385,261.3,email_campaign,15.0,356351.82,0.00043153049482163404,23756.788
2021-03-20,31417,24295,126393,0.00464,310.7,email_campaign,13.0,249305.68,0.0004137887131171022,19177.36
2021-03-21,34445,26647,124002,0.00406,269.6,social_media,21.0,366537.64,0.0006096675860066774,17454.173333333332
2021-03-22,33491,26683,121744,0.00439,103.1,direct,17.0,463343.84,0.0005075990564629303,27255.52
2021-03-23,28368,20831,105036,0.00451,101.6,paid_search,29.0,876340.98,0.0010222786238014664,30218.65448275862
2021-03-24,28378,21514,109227,0.00399,278.7,organic_search,40.0,1037616.57,0.0014095426034251885,25940.414249999998
2021-03-25,36949,28753,161932,0.0058,167.8,paid_search,37.0,948178.96,0.0010013802809277653,25626.45837837838
2021-03-26,31567,22349,122036,0.00566,302.5,referral,23.0,496544.33999999997,0.0007286089904013685,21588.884347826086
2021-03-27,32631,23595,147924,0.00472,192.1,direct,12.0,302978.70999999996,0.00036774846005332355,25248.22583333333
2021-03-28,30890,23435,161355,0.00435,310.2,organic_search,43.0,1111100.8699999999,0.0013920362576885724,25839.555116279065
2021-03-29,34658,26535,185511,0.00415,299.9,paid_search,39.0,853923.16,0.0011252813203300824,21895.465641025643
2021-03-30,27851,21589,134872,0.00472,193.7,organic_search,102.0,3018200.94,0.0036623460557969195,29590.205294117648
2021-03-31,30899,22549,126799,0.00356,218.2,direct,34.0,881397.09,0.0011003592349266966,25923.44382352941
2021-04-01,41841,33400,158113,0.00403,102.2,direct,22.0,384574.59,0.0005258000525800052,17480.66318181818
2021-04-02,44123,31584,214010,0.00524,161.5,direct,14.0,155510.16,0.0003172948348933663,11107.868571428571
2021-04-03,41643,30558,161901,0.00477,166.6,organic_search,65.0,1544769.1400000001,0.0015608865835794732,23765.67907692308
2021-04-04,39805,28128,200899,0.00365,196.2,social_media,15.0,240489.9,0.00037683708076874763,16032.66
2021-04-05,47943,35534,209958,0.00383,290.8,paid_search,19.0,528552.79,0.00039630394426715056,27818.567894736843
2021-04-06,44337,34814,229084,0.00406,121.4,referral,8.0,190325.54,0.00018043620452443782,23790.6925
2021-04-07,42648,32357,157589,0.00389,167.3,organic_search,36.0,991275.18,0.0008441193021947102,27535.42166666667
2021-04-08,46956,35299,239902,0.0052,298.8,email_campaign,7.0,305472.64999999997,0.0001490757304710793,43638.95
2021-04-09,45568,33443,193914,0.00416,223.0,social_media,22.0,718664.15,0.0004827949438202247,32666.552272727273
2021-04-10,42541,34382,205786,0.00336,124.6,organic_search,31.0,768498.77,0.0007287087750640558,24790.28290322581
2021-04-11,43154,32111,138797,0.00477,123.6,organic_search,25.0,653926.62,0.0005793205728321824,26157.0648
2021-04-12,47621,35359,182817,0.00406,136.3,paid_search,38.0,1102782.38,0.000797967283341383,29020.58894736842
2021-04-13,43787,33075,237704,0.00397,108.1,email_campaign,14.0,159370.53,0.0003197296001096216,11383.609285714285
2021-04-14,41868,33201,218893,0.00531,246.5,organic_search,39.0,1016459.44,0.0009314989968472342,26063.06256410256
2021-04-15,46066,36105,162617,0.00469,310.4,organic_search,36.0,816789.94,0.0007814874310771502,22688.609444444442
2021-04-16,43728,33236,155174,0.00322,152.8,paid_search,21.0,451843.02999999997,0.00048024149286498354,21516.33476190476
2021-04-17,47170,34731,171205,0.00534,115.7,paid_search,20.0,636717.58,0.00042399830400678397,31835.878999999997
2021-04-18,42920,32739,155375,0.00324,144.0,paid_search,23.0,827412.0499999999,0.0005358807082945014,35974.436956521735
2021-04-19,48473,38183,183223,0.00336,259.3,organic_search,35.0,1360684.39,0.0007220514513234171,38876.69685714285
2021-04-20,42582,31626,150485,0.0038,111.5,organic_search,33.0,1131109.76,0.0007749753416936734,34276.05333333334
2021-04-21,37415,28122,137412,0.00492,313.6,email_campaign,19.0,615688.39,0.0005078177201657089,32404.652105263158
2021-04-22,44828,33107,221933,0.00485,194.4,referral,12.0,509937.26,0.0002676898367091996,42494.77166666667
2021-04-23,41069,30398,194843,0.00376,281.1,organic_search,24.0,534632.4500000001,0.0005843823808712168,22276.352083333335
2021-04-24,45034,36788,211215,0.00511,115.6,referral,14.0,421391.71,0.00031087622685082385,30099.407857142858
2021-04-25,50274,40430,254833,0.00382,185.6,paid_search,33.0,1051911.74,0.0006564029120420098,31876.113333333335
2021-04-26,40077,31568,164581,0.0055,191.9,referral,13.0,385375.12,0.0003243755770142476,29644.239999999998
2021-04-27,43799,31642,206019,0.00544,289.7,email_campaign,21.0,1055270.74,0.000479463001438389,50250.98761904762
2021-04-28,47571,33983,212630,0.00415,135.5,organic_search,52.0,1533251.31,0.001093102940867335,29485.602115384616
2021-04-29,46907,33983,162107,0.00467,211.1,social_media,53.0,2004301.56,0.0011298953247916089,37817.01056603774
2021-04-30,50714,40411,194628,0.0044,296.5,organic_search,59.0,1927222.08,0.0011633868359821745,32664.781016949153
2021-05-01,38587,27949,180978,0.00444,209.5,organic_search,55.0,1824807.8,0.0014253505066473165,33178.32363636364
2021-05-02,39941,31361,128241,0.00499,251.8,referral,16.0,483268.58,0.0004005908715355149,30204.28625
2021-05-03,47936,36124,207575,0.00339,204.0,organic_search,33.0,1056816.88,0.0006884178905206943,32024.753939393937
2021-05-04,40128,32736,172741,0.00381,234.2,social_media,11.0,553907.03,0.00027412280701754384,50355.18454545455
2021-05-05,42121,33188,224669,0.00355,310.3,referral,5.0,166092.03,0.00011870563376937869,33218.406
2021-05-06,38251,30338,146607,0.00576,271.6,direct,7.0,341115.43,0.00018300175158819377,48730.775714285715
2021-05-07,40597,32930,186760,0.00446,218.7,referral,7.0,289561.35,0.0001724265339803434,41365.90714285714
2021-05-08,42180,30797,202495,0.00353,127.5,organic_search,18.0,469204.02,0.0004267425320056899,26066.89
2021-05-09,47574,36687,221606,0.00548,269.9,paid_search,18.0,727217.31,0.00037835792659856227,40400.96166666667
2021-05-10,40689,28723,146918,0.00462,297.6,referral,10.0,370951.77999999997,0.0002457666691243334,37095.178
2021-05-11,41632,30068,216979,0.0048,212.8,direct,7.0,168084.22,0.00016813989239046888,24012.03142857143
2021-05-12,40035,31679,173943,0.00577,209.6,social_media,31.0,780215.77,0.0007743224678406394,25168.25064516129
2021-05-13,44172,33131,145415,0.00399,314.8,direct,9.0,315491.51,0.00020374898125509371,35054.612222222226
2021-05-14,41669,29288,220903,0.00351,102.1,social_media,22.0,754932.51,0.0005279704336557153,34315.11409090909
2021-05-15,44877,32359,163408,0.00347,280.4,paid_search,31.0,1346965.73,0.0006907770127236669,43450.507419354835
2021-05-16,46038,32930,178309,0.00408,182.2,direct,5.0,163638.16,0.00010860593422824623,32727.632
2021-05-17,40445,29227,133550,0.00383,152.7,social_media,31.0,1057067.11,0.0007664729880084065,34098.939032258066
2021-05-18,40506,32133,144075,0.00576,222.9,organic_search,37.0,1229582.9,0.0009134449217399891,33231.97027027027
2021-05-19,40499,31915,191765,0.00425,142.8,organic_search,37.0,1151052.76,0.000913602805007531,31109.534054054053
2021-05-20,48008,34549,234218,0.00347,203.3,organic_search,45.0,1543746.74,0.0009373437760373272,34305.48311111111
2021-05-21,40494,30867,207787,0.00544,279.2,email_campaign,18.0,581179.5499999999,0.00044451029782189953,32287.752777777772
2021-05-22,36963,28930,152131,0.0052,171.9,referral,15.0,546664.0499999999,0.00040581121662202745,36444.27
2021-05-23,45854,34982,172164,0.00495,239.7,referral,10.0,239535.13999999998,0.00021808348235704628,23953.514
2021-05-24,44500,33428,223584,0.00502,217.5,organic_search,34.0,1597930.69,0.0007640449438202247,46997.961470588234
2021-05-25,40082,28264,149247,0.00543,127.9,referral,10.0,314971.49,0.00024948854847562496,31497.148999999998
2021-05-26,45774,37206,211861,0.00394,281.4,organic_search,39.0,1170652.14,0.0008520120592476078,30016.721538461537
2021-05-27,35745,28000,177423,0.00476,133.8,organic_search,55.0,1920404.44,0.0015386767380053154,34916.444363636365
2021-05-28,41259,31125,152716,0.00514,177.9,email_campaign,21.0,650281.86,0.0005089798589398677,30965.802857142855
2021-05-29,30460,22820,165532,0.00538,233.5,paid_search,22.0,370141.83999999997,0.0007222586999343401,16824.62909090909
2021-05-30,36841,26242,147220,0.00458,164.0,email_campaign,28.0,1086459.69,0.0007600228006840206,38802.131785714286
2021-05-31,44156,33751,169380,0.005,219.6,organic_search,66.0,2046576.38,0.0014947006069390343,31008.73303030303
2021-06-01,40847,32094,213982,0.00449,220.1,organic_search,73.0,2349020.32,0.0017871569515509095,32178.3605479452
2021-06-02,42831,31013,182212,0.00467,265.3,social_media,45.0,1448741.6300000001,0.0010506408909434755,32194.258444444447
2021-06-03,48600,38637,184769,0.00478,317.2,organic_search,60.0,1972570.3399999999,0.0012345679012345679,32876.17233333333
2021-06-04,44701,32417,226819,0.00366,162.1,organic_search,15.0,650657.88,0.00033556296279725286,43377.192
2021-06-05,46818,37746,238843,0.00404,162.2,email_campaign,15.0,508103.13,0.0003203895937459951,33873.542
2021-06-06,40909,32161,150967,0.00449,169.9,social_media,23.0,950291.08,0.0005622234716077147,41317.00347826087
2021-06-07,46202,33516,198783,0.00562,166.2,social_media,26.0,613292.71,0.0005627462014631402,23588.18115384615
2021-06-08,45781,37084,219913,0.0048,130.8,organic_search,27.0,1098927.72,0.0005897643127061445,40701.026666666665
2021-06-09,34088,27887,130269,0.00422,205.6,social_media,21.0,656833.24,0.0006160525698192912,31277.773333333334
2021-06-10,44249,32430,217077,0.00424,187.7,direct,17.0,565366.22,0.0003841894732084341,33256.836470588234
2021-06-11,44246,32772,164717,0.00473,208.8,organic_search,29.0,804338.71,0.0006554264792297609,27735.817586206897
2021-06-12,44378,35506,154157,0.00537,193.4,paid_search,29.0,1009851.59,0.0006534769480373158,34822.46862068965
2021-06-13,42050,31300,215993,0.00388,213.2,social_media,32.0,1090437.16,0.0007609988109393579,34076.16125
2021-06-14,46537,36237,246126,0.00571,180.9,organic_search,37.0,1401702.59,0.0007950662913380751,37883.85378378379
2021-06-15,44310,31547,210222,0.00492,195.6,social_media,22.0,540625.09,0.0004965019183028661,24573.867727272725
2021-06-16,44337,35817,229232,0.00564,183.3,referral,15.0,604770.96,0.00033831788348332093,40318.064
2021-06-17,47460,37553,238402,0.00345,151.4,social_media,26.0,798475.99,0.0005478297513695744,30710.614999999998
2021-06-18,43011,34964,202414,0.00547,254.9,organic_search,33.0,1188618.58,0.0007672455883378671,36018.74484848485
2021-06-19,43105,35045,148637,0.00338,136.3,organic_search,33.0,1122731.33,0.0007655724393921819,34022.161515151514
2021-06-20,45601,33536,218671,0.00391,216.3,organic_search,22.0,635516.18,0.0004824455604043771,28887.099090909094
2021-06-21,50225,40208,255212,0.00545,177.1,paid_search,16.0,569217.65,0.00031856645097063215,35576.103125
2021-06-22,44414,35172,231173,0.00469,138.0,social_media,25.0,747954.31,0.0005628855766199847,29918.172400000003
2021-06-23,40031,31413,139944,0.0047,136.9,email_campaign,22.0,755700.9500000001,0.0005495740800879319,34350.04318181818
2021-06-24,46126,36500,189683,0.00479,146.7,referral,12.0,416106.79,0.0002601569613666912,34675.565833333334
2021-06-25,38862,30258,150660,0.00423,229.1,referral,5.0,206474.01,0.00012866038803973032,41294.802
2021-06-26,38286,28676,174622,0.00459,153.9,organic_search,31.0,667345.79,0.000809695450033955,21527.2835483871
2021-06-27,49137,39354,260766,0.00541,308.4,social_media,16.0,447240.18000000005,0.0003256202047337037,27952.511250000003
2021-06-28,46294,35882,202773,0.00329,285.4,direct,15.0,393495.99,0.00032401607119713136,26233.066
2021-06-29,40996,30081,215178,0.00321,133.5,paid_search,42.0,1005666.8200000001,0.0010244901941652844,23944.448095238098
2021-06-30,45773,33294,233584,0.00399,152.9,paid_search,42.0,934798.24,0.0009175714941122495,22257.10095238095
2021-07-01,37571,29901,180410,0.00362,141.3,email_campaign,23.0,561227.61,0.0006121742833568443,24401.200434782608
2021-07-02,33233,27127,152049,0.00522,253.8,email_campaign,23.0,514767.97000000003,0.0006920831703427316,22381.216086956523
2021-07-03,35152,24966,184088,0.00333,257.1,organic_search,30.0,684866.62,0.0008534365043240783,22828.887333333332
2021-07-04,32810,24267,170944,0.00448,297.0,referral,4.0,57063.14,0.000121914050594331,14265.785
2021-07-05,29990,21941,119299,0.00467,103.6,paid_search,11.0,279831.12,0.0003667889296432144,25439.192727272726
2021-07-06,31012,23158,156722,0.00358,154.2,organic_search,17.0,375119.84,0.0005481749000386947,22065.872941176473
2021-07-07,30311,24007,123602,0.00322,297.9,email_campaign,9.0,118394.73,0.00029692190953779156,13154.97
2021-07-08,33426,25458,118185,0.00361,145.3,paid_search,19.0,443348.6,0.000568419792975528,23334.13684210526
2021-07-09,34217,25366,174288,0.00546,162.7,organic_search,31.0,593084.17,0.0009059824064061723,19131.74741935484
2021-07-10,31779,22917,150809,0.00565,120.0,referral,4.0,110312.82999999999,0.00012586928474778942,27578.207499999997
2021-07-11,30443,23946,142310,0.00553,163.7,organic_search,18.0,450116.94,0.0005912689288177906,25006.496666666666
2021-07-12,34467,27984,123706,0.00358,100.9,email_campaign,9.0,235149.43999999997,0.00026111933153451125,26127.71555555555
2021-07-13,34885,25203,146821,0.00502,244.7,organic_search,21.0,476306.22,0.0006019779274759926,22681.24857142857
2021-07-14,38621,27441,155193,0.00534,304.3,organic_search,29.0,559110.4,0.0007508868232308847,19279.66896551724
2021-07-15,34804,27447,145288,0.00401,304.9,organic_search,40.0,1010371.96,0.0011492931846914147,25259.299
2021-07-16,33529,24745,133076,0.00399,300.8,email_campaign,15.0,366743.03,0.00044737391511825585,24449.535333333337
2021-07-17,34590,25085,138564,0.00435,153.7,email_campaign,8.0,273718.41000000003,0.0002312807169702226,34214.801250000004
2021-07-18,38368,30559,130106,0.00372,134.7,email_campaign,12.0,215301.42,0.0003127606338615513,17941.785
2021-07-19,34197,26768,167299,0.00495,178.7,social_media,19.0,635033.04,0.0005556042927742199,33422.79157894737
2021-07-20,30516,22658,113914,0.00324,117.5,organic_search,36.0,1241682.65,0.0011797090051120724,34491.18472222222
2021-07-21,33646,23848,179592,0.00372,144.2,organic_search,29.0,924615.6,0.0008619152350948107,31883.296551724135
2021-07-22,32412,25523,158492,0.00341,131.8,organic_search,37.0,1376544.27,0.001141552511415525,37203.89918918919
2021-07-23,32445,26329,134930,0.00425,202.6,social_media,21.0,926885.8099999999,0.0006472491909385113,44137.41952380952
2021-07-24,31592,25814,118083,0.00556,300.8,organic_search,18.0,554659.24,0.000569764497341099,30814.402222222223
2021-07-25,35455,26715,120481,0.00497,179.7,referral,5.0,155794.1,0.0001410238330277817,31158.82
2021-07-26,33451,23825,147504,0.00354,148.6,paid_search,22.0,914738.66,0.0006576783952647156,41579.03
2021-07-27,33644,23932,164830,0.00456,191.4,organic_search,22.0,903311.53,0.0006539055998097729,41059.615
2021-07-28,34683,25833,113756,0.00361,264.4,social_media,18.0,335616.68,0.0005189862468644581,18645.37111111111
2021-07-29,32982,24449,136497,0.00446,184.2,paid_search,32.0,1202908.21,0.0009702261839791401,37590.8815625
2021-07-30,36061,26735,140586,0.00362,296.0,organic_search,71.0,2043507.69,0.0019688860541859626,28781.798450704224
2021-07-31,29917,22395,154337,0.00531,314.0,email_campaign,25.0,703595.33,0.0008356452852893004,28143.813199999997
2021-08-01,37105,27725,195190,0.0039,187.9,paid_search,39.0,896855.36,0.0010510712841935049,22996.291282051283
2021-08-02,42139,33273,143292,0.00425,264.2,direct,9.0,314957.22,0.0002135788699304682,34995.246666666666
2021-08-03,34871,28444,134855,0.00349,174.5,organic_search,37.0,638624.35,0.001061053597545238,17260.117567567566
2021-08-04,42489,31819,211792,0.00371,183.6,social_media,17.0,302255.65,0.00040010355621454964,17779.74411764706
2021-08-05,37593,29342,166972,0.00505,278.1,paid_search,19.0,339699.61,0.0005054132418269359,17878.926842105262
2021-08-06,41901,33170,150778,0.00563,245.9,direct,4.0,51493.92999999999,9.546311543877234e-05,12873.482499999998
2021-08-07,36018,27276,115308,0.00436,168.8,organic_search,23.0,640257.35,0.0006385696040868455,27837.27608695652
2021-08-08,39567,31128,138739,0.0041,211.9,paid_search,16.0,259421.48,0.00040437738519473297,16213.8425
2021-08-09,39113,27660,163795,0.00488,116.1,paid_search,11.0,174369.44,0.00028123641755937925,15851.767272727273
2021-08-10,39302,29245,155199,0.0052,265.9,organic_search,23.0,496813.33,0.0005852119485013485,21600.57956521739
2021-08-11,30995,24667,159578,0.00536,156.9,direct,7.0,113296.76,0.0002258428778835296,16185.251428571428
2021-08-12,38269,29771,208637,0.00442,210.7,paid_search,25.0,642666.46,0.0006532702709765084,25706.6584
2021-08-13,37306,29688,123156,0.00537,316.2,organic_search,37.0,771458.89,0.0009917975660751622,20850.24027027027
2021-08-14,37592,29767,175016,0.00491,177.1,organic_search,27.0,530631.62,0.0007182379229623324,19653.02296296296
2021-08-15,39171,29071,146883,0.00444,256.6,email_campaign,10.0,217240.34000000003,0.000255290903985091,21724.034000000003
2021-08-16,42739,32073,186199,0.00569,263.5,organic_search,25.0,527726.22,0.0005849458340157701,21109.0488
2021-08-17,35832,25317,135797,0.00361,205.1,organic_search,26.0,658459.7000000001,0.0007256083947309668,25325.37307692308
2021-08-18,33929,26293,149882,0.00376,162.6,paid_search,16.0,288201.42,0.00047157299065696013,18012.58875
2021-08-19,34659,26539,156110,0.00488,240.4,referral,10.0,238967.42,0.0002885253469517297,23896.742000000002
2021-08-20,36779,28824,123466,0.00367,297.9,paid_search,13.0,241270.06,0.0003534625737513255,18559.235384615386
2021-08-21,35239,27158,150437,0.00374,288.1,social_media,16.0,352433.39,0.000454042396208746,22027.086875
2021-08-22,33822,26677,184931,0.00439,157.1,email_campaign,11.0,196211.84,0.000325232097451363,17837.44
2021-08-23,41170,32849,199026,0.00455,236.8,social_media,20.0,437492.8,0.00048579062424095217,21874.64
2021-08-24,33874,25023,154508,0.00417,263.4,paid_search,25.0,521883.85,0.0007380291669126764,20875.354
2021-08-25,42700,33671,212858,0.00335,130.8,organic_search,27.0,427693.55,0.0006323185011709602,15840.501851851852
2021-08-26,44382,33320,172425,0.00358,212.0,referral,10.0,164599.83,0.00022531656978054166,16459.983
2021-08-27,31425,25653,154963,0.00448,279.5,paid_search,25.0,460068.43,0.0007955449482895784,18402.7372
2021-08-28,40471,32901,163592,0.00478,301.7,paid_search,15.0,312851.14,0.00037063576388030934,20856.74266666667
2021-08-29,38145,28063,192572,0.00445,157.5,organic_search,68.0,1578375.1400000001,0.001782671385502687,23211.39911764706
2021-08-30,41162,33329,194304,0.00332,284.6,email_campaign,18.0,395302.48,0.00043729653563966765,21961.248888888887
2021-08-31,41421,33047,200812,0.00341,221.0,direct,15.0,201807.89,0.00036213514883754616,13453.859333333334
2021-09-01,27326,19208,99898,0.0054,279.6,email_campaign,23.0,321819.47,0.0008416892336968455,13992.150869565216
2021-09-02,28236,21778,94116,0.0045,254.8,social_media,32.0,859554.42,0.0011333050007083156,26861.075625
2021-09-03,26551,19907,108115,0.00405,176.7,social_media,6.0,84859.95999999999,0.00022598018907009153,14143.326666666666
2021-09-04,24298,18434,117729,0.00518,192.4,organic_search,9.0,213444.15,0.00037040085603753394,23716.016666666666
2021-09-05,28062,21856,117356,0.00381,238.5,direct,3.0,75422.02,0.00010690613641223006,25140.673333333336
2021-09-06,28771,21226,117131,0.00431,158.1,organic_search,25.0,549793.02,0.0008689305203155956,21991.7208
2021-09-07,23373,16735,88001,0.0044,241.4,organic_search,23.0,649746.04,0.0009840414153082617,28249.82782608696
2021-09-08,29427,23808,114276,0.00415,272.4,referral,10.0,396836.18999999994,0.00033982397118292727,39683.61899999999
2021-09-09,25832,18779,102486,0.00325,100.5,organic_search,9.0,368547.82,0.0003484050789718179,40949.75777777778
2021-09-10,24570,18030,128972,0.00556,272.2,social_media,14.0,380397.55,0.0005698005698005698,27171.25357142857
2021-09-11,22915,16946,78615,0.00369,108.3,organic_search,15.0,329910.53,0.0006545930613135501,21994.035333333337
2021-09-12,24856,18243,109179,0.00375,121.6,referral,3.0,41877.16,0.00012069520437721274,13959.053333333335
2021-09-13,26951,20849,129532,0.00398,138.6,direct,7.0,195391.55,0.00025973062224036216,27913.07857142857
2021-09-14,26127,19448,125476,0.00452,161.8,paid_search,20.0,633887.45,0.0007654916370038658,31694.372499999998
2021-09-15,27170,22258,90013,0.00436,269.5,paid_search,28.0,1032342.22,0.0010305483989694515,36869.365
2021-09-16,24544,20042,109761,0.00538,250.7,paid_search,13.0,375273.67000000004,0.0005296610169491525,28867.205384615387
2021-09-17,27224,19381,129910,0.00478,221.8,organic_search,15.0,429867.48,0.0005509844255069057,28657.832
2021-09-18,25797,18347,105109,0.00336,239.0,email_campaign,5.0,68266.73,0.00019382098693646548,13653.346
2021-09-19,26670,21014,95312,0.00348,285.3,organic_search,22.0,650347.37,0.0008248968878890139,29561.24409090909
2021-09-20,27194,19545,107817,0.00574,159.7,referral,13.0,328879.0,0.0004780466279326322,25298.384615384617
2021-09-21,28567,20425,111680,0.00534,279.9,referral,9.0,331907.26999999996,0.0003150488325690482,36878.58555555555
2021-09-22,23720,19155,125345,0.00395,108.6,direct,10.0,231842.04,0.00042158516020236085,23184.204
2021-09-23,28950,21182,140514,0.00327,249.3,referral,4.0,110488.45,0.0001381692573402418,27622.1125
2021-09-24,25544,19883,116993,0.00545,293.4,social_media,9.0,219756.26,0.00035233322893830254,24417.362222222222
2021-09-25,28614,21314,124020,0.00511,269.9,direct,7.0,189110.28,0.00024463549311525825,27015.754285714287
2021-09-26,26085,20400,95877,0.00494,318.7,organic_search,13.0,301953.67,0.0004983707111366686,23227.205384615383
2021-09-27,27562,22060,142951,0.0045,118.0,paid_search,25.0,768808.3099999999,0.0009070459328060373,30752.3324
2021-09-28,28001,21001,103029,0.00444,184.6,organic_search,43.0,1301265.71,0.0015356594407342594,30261.99325581395
2021-09-29,29661,23727,120596,0.00507,281.8,email_campaign,17.0,367093.83,0.0005731431846532483,21593.754705882355
2021-09-30,28475,21959,148954,0.00364,192.8,social_media,21.0,516842.87,0.0007374890254609306,24611.565238095238
2021-10-01,24386,17960,123393,0.0043,294.8,social_media,15.0,536600.94,0.0006151070286229804,35773.39599999999
2021-10-02,21410,15691,111539,0.00365,311.3,paid_search,12.0,341114.36,0.000560485754320411,28426.196666666667
2021-10-03,22289,18269,72630,0.00336,163.3,organic_search,7.0,239173.79,0.00031405626093588765,34167.684285714284
2021-10-04,21958,16903,103019,0.00375,116.6,organic_search,12.0,328397.07,0.0005464978595500501,27366.4225
2021-10-05,22060,17666,72399,0.00341,168.1,paid_search,11.0,382433.33,0.0004986400725294651,34766.66636363637
2021-10-06,20869,16523,75300,0.00556,128.6,paid_search,17.0,403760.02,0.0008146053955627965,23750.589411764708
2021-10-07,24821,18161,83730,0.00387,193.1,social_media,13.0,478792.86,0.0005237500503605817,36830.22
2021-10-08,19762,13894,102451,0.00362,127.6,organic_search,19.0,641593.15,0.0009614411496812064,33768.06052631579
2021-10-09,18870,14640,73117,0.00416,254.6,paid_search,13.0,503421.02,0.000688924218335983,38724.693846153845
2021-10-10,21359,15899,93665,0.00413,126.2,paid_search,11.0,365860.54,0.0005150053841471979,33260.04909090909
2021-10-11,23411,17978,128488,0.00437,101.3,direct,1.0,10318.52,4.271496305155696e-05,10318.52
2021-10-12,19294,15019,96700,0.00363,135.5,social_media,10.0,386144.77999999997,0.000518295843267337,38614.477999999996
2021-10-13,19477,15122,105026,0.00424,214.4,direct,3.0,48281.54,0.00015402782769420343,16093.846666666666
2021-10-14,21776,17637,87008,0.00336,178.5,paid_search,17.0,490301.31,0.0007806759735488611,28841.253529411766
2021-10-15,22446,16346,89558,0.0034,176.7,email_campaign,8.0,193239.69,0.00035641094181591376,24154.96125
2021-10-16,24812,18137,128060,0.00476,179.1,organic_search,17.0,483565.01,0.0006851523456392069,28445.000588235296
2021-10-17,20591,15415,74234,0.00368,201.4,organic_search,21.0,707729.29,0.001019863046962265,33701.39476190476
2021-10-18,21604,16693,98358,0.0045,253.1,referral,7.0,215847.43,0.0003240140714682466,30835.347142857143
2021-10-19,22443,16563,96730,0.00337,182.6,organic_search,16.0,539034.0800000001,0.0007129171679365504,33689.630000000005
2021-10-20,20905,16187,89875,0.0039,206.2,paid_search,25.0,931793.05,0.001195886151638364,37271.722
2021-10-21,22586,17775,77577,0.0054,228.0,organic_search,9.0,271600.03,0.00039847693261312316,30177.781111111115
2021-10-22,24218,19711,114397,0.00431,204.0,paid_search,16.0,665786.32,0.0006606656206127674,41611.645
2021-10-23,21880,16024,73662,0.00371,227.3,paid_search,12.0,268617.15,0.0005484460694698354,22384.7625
2021-10-24,21229,17267,81196,0.00468,234.5,social_media,19.0,567394.73,0.0008950021197418626,29862.88052631579
2021-10-25,23224,16717,114672,0.00502,279.4,referral,8.0,398594.92,0.0003444712366517396,49824.365
2021-10-26,24639,17733,80324,0.00532,142.3,organic_search,13.0,442930.42000000004,0.000527618815698689,34071.57076923077
2021-10-27,18866,13558,98028,0.00465,151.5,paid_search,7.0,335232.95,0.00037103784586027777,47890.42142857143
2021-10-28,20437,15921,98377,0.00538,242.7,social_media,16.0,496845.82,0.0007828937711014337,31052.86375
2021-10-29,23463,19019,128387,0.00341,173.8,organic_search,31.0,1195868.54,0.0013212291693304352,38576.404516129034
2021-10-30,21242,16732,74585,0.00482,290.1,organic_search,27.0,1162487.46,0.0012710667545428867,43055.09111111111
2021-10-31,19649,15891,86079,0.00425,215.9,social_media,23.0,883586.49,0.0011705430301796528,38416.80391304348
2021-11-01,20235,14266,81756,0.00525,197.9,organic_search,14.0,715989.7000000001,0.0006918705213738572,51142.12142857143
2021-11-02,17580,13040,95858,0.00509,250.8,referral,7.0,376073.42000000004,0.0003981797497155859,53724.774285714295
2021-11-03,19842,14973,105035,0.00469,105.2,email_campaign,3.0,35163.16,0.00015119443604475356,11721.053333333335
2021-11-04,17473,13578,83632,0.00552,284.3,referral,7.0,264253.19,0.00040061809649173007,37750.455714285716
2021-11-05,20400,15416,95780,0.00459,217.1,social_media,7.0,133788.19999999998,0.0003431372549019608,19112.6
2021-11-06,17302,12568,70438,0.00491,224.5,paid_search,15.0,581748.11,0.0008669517974800601,38783.20733333333
2021-11-07,18751,13247,74916,0.00471,241.0,social_media,8.0,363413.68,0.000426643912324676,45426.71
2021-11-08,19651,14673,90100,0.00328,161.4,organic_search,14.0,614643.26,0.0007124319373059895,43903.090000000004
2021-11-09,16554,11704,63719,0.0044,182.5,direct,4.0,107660.95999999999,0.00024163344206838228,26915.239999999998
2021-11-10,16316,11438,69694,0.00534,209.8,organic_search,12.0,491886.95,0.0007354743809757293,40990.57916666667
2021-11-11,17054,12407,64947,0.00464,109.8,organic_search,5.0,195697.43,0.00029318634924357923,39139.486
2021-11-12,17407,12320,64158,0.00383,318.9,organic_search,19.0,729024.73,0.0010915149077957143,38369.722631578945
2021-11-13,18928,13455,84772,0.00345,292.7,organic_search,12.0,400782.94,0.0006339814032121725,33398.57833333333
2021-11-14,18386,13522,80295,0.0048,318.0,organic_search,19.0,685414.37,0.0010333949744370716,36074.44052631579
2021-11-15,19029,14409,87572,0.00336,191.2,email_campaign,6.0,221055.74,0.00031530821377896896,36842.62333333333
2021-11-16,16503,12928,78077,0.00448,314.5,referral,5.0,161973.78,0.0003029752166272799,32394.756
2021-11-17,19729,16006,74286,0.00463,294.9,referral,7.0,264605.81,0.00035480764357037864,37800.83
2021-11-18,18086,13283,95314,0.0051,250.2,referral,1.0,19372.4,5.529138560212319e-05,19372.4
2021-11-19,20121,16204,81355,0.00408,112.5,referral,4.0,72793.68000000001,0.00019879727647731225,18198.420000000002
2021-11-20,18493,13334,98514,0.00541,292.8,organic_search,6.0,107418.18,0.0003244470880873844,17903.03
2021-11-21,19555,14372,70710,0.00453,186.5,paid_search,11.0,254621.9,0.0005625159805676298,23147.445454545454
2021-11-22,20461,16499,82338,0.00355,163.2,email_campaign,5.0,108868.87,0.0002443673329749279,21773.773999999998
2021-11-23,18415,13258,73460,0.0043,278.4,paid_search,13.0,269469.91,0.0007059462394786858,20728.454615384613
2021-11-24,17455,13583,92249,0.00394,158.5,social_media,12.0,290148.96,0.0006874820968203953,24179.08
2021-11-25,18638,14070,99028,0.00576,104.8,email_campaign,4.0,92255.15,0.00021461530207103768,23063.7875
2021-11-26,17760,13626,72802,0.00572,205.8,email_campaign,7.0,131716.37,0.00039414414414414413,18816.624285714286
2021-11-27,16640,12984,56761,0.00358,142.2,social_media,13.0,249652.03000000003,0.00078125,19204.00230769231
2021-11-28,19450,15869,85349,0.00494,310.0,organic_search,35.0,623322.0,0.0017994858611825194,17809.2
2021-11-29,21295,15967,82166,0.00547,108.6,referral,10.0,184534.38,0.00046959380136182204,18453.438000000002
2021-11-30,15377,11989,55274,0.00477,221.3,referral,11.0,162520.08,0.0007153541002796384,14774.552727272727
2021-12-01,19054,13537,65331,0.00458,210.6,organic_search,25.0,584211.7,0.001312060459745985,23368.467999999997
2021-12-02,17604,12796,62792,0.0042,160.4,email_campaign,7.0,138747.19,0.00039763690070438536,19821.027142857143
2021-12-03,21253,15423,81710,0.00532,117.8,organic_search,7.0,146356.58000000002,0.0003293652660800828,20908.08285714286
2021-12-04,21716,16391,95580,0.00573,113.2,paid_search,1.0,12930.460000000001,4.6048996131884326e-05,12930.460000000001
2021-12-05,18397,14224,70529,0.00471,251.3,email_campaign,7.0,130396.99999999999,0.0003804968201337175,18628.142857142855
2021-12-06,20668,15918,67398,0.00472,150.0,organic_search,14.0,364569.3,0.0006773756531836656,26040.664285714283
2021-12-07,21840,15330,102200,0.00472,147.9,paid_search,5.0,193040.5,0.00022893772893772894,38608.1
2021-12-08,23815,17342,90722,0.00504,100.1,paid_search,5.0,152723.16,0.0002099517111064455,30544.632
2021-12-09,20773,16717,100580,0.00439,300.4,paid_search,7.0,78600.57,0.0003369758821547201,11228.652857142859
2021-12-10,22104,16530,117774,0.0036,253.2,email_campaign,5.0,93697.59,0.00022620340209916756,18739.518
2021-12-11,17639,12442,89865,0.00404,105.4,paid_search,11.0,188038.16,0.0006236181189409831,17094.37818181818
2021-12-12,21143,16020,112345,0.00407,277.3,referral,9.0,148909.81,0.00042567279950811145,16545.534444444445
2021-12-13,20511,15018,86240,0.00372,102.4,social_media,14.0,211646.94,0.000682560577251231,15117.638571428572
2021-12-14,21633,16520,93442,0.00498,232.9,social_media,15.0,330231.59,0.0006933851060879212,22015.439333333336
2021-12-15,21102,16384,85848,0.0053,143.8,social_media,14.0,264805.81,0.00066344422329637,18914.700714285715
2021-12-16,24232,18536,94060,0.00381,107.4,social_media,10.0,253833.11000000002,0.00041267745130406077,25383.311
2021-12-17,19112,13571,77118,0.00432,148.1,paid_search,12.0,299854.27,0.0006278777731268313,24987.855833333335
2021-12-18,18789,15217,75059,0.00385,230.4,organic_search,14.0,219152.29,0.0007451168236734259,15653.735
2021-12-19,21312,17414,101787,0.00467,296.0,email_campaign,7.0,174772.91999999998,0.0003284534534534535,24967.559999999998
2021-12-20,21881,15629,75775,0.00385,236.7,email_campaign,11.0,201842.88,0.0005027192541474339,18349.352727272726
2021-12-21,20173,15661,108494,0.00375,121.7,organic_search,25.0,347623.37,0.0012392802260447133,13904.934799999999
2021-12-22,19226,15198,63765,0.00409,141.9,organic_search,30.0,626102.53,0.0015603869759700407,20870.084333333336
2021-12-23,20108,15623,98925,0.00322,188.7,organic_search,32.0,723609.16,0.0015914064054107818,22612.78625
2021-12-24,17767,12442,57152,0.00517,259.6,referral,5.0,33741.75,0.0002814206112455676,6748.35
2021-12-25,18380,13684,64150,0.00425,305.6,organic_search,13.0,224621.49000000002,0.0007072905331882481,17278.576153846156
2021-12-26,20335,16537,76060,0.00418,182.2,paid_search,16.0,299145.13,0.0007868207523973444,18696.570625
2021-12-27,22747,18004,95282,0.00552,219.7,direct,3.0,88519.05,0.00013188552336571856,29506.350000000002
2021-12-28,21237,16164,89295,0.00537,104.2,email_campaign,10.0,113803.73,0.0004708763007957809,11380.373
2021-12-29,22058,17413,116727,0.00537,112.0,email_campaign,16.0,407375.74,0.0007253604134554357,25460.98375
2021-12-30,19928,14993,101498,0.00573,316.8,organic_search,53.0,1178387.6199999999,0.0026595744680851063,22233.72867924528
2021-12-31,18742,14095,84913,0.005,107.3,paid_search,20.0,531170.37,0.0010671219720414043,26558.5185
2022-01-01,17601,13989,78423,0.00453,100.8,organic_search,31.0,851601.87,0.001761263564570195,27471.02806451613
2022-01-02,16288,12415,86736,0.00416,280.3,direct,9.0,182731.34,0.0005525540275049116,20303.48222222222
2022-01-03,15844,12119,86806,0.00435,155.0,social_media,0.0,0.0,0.0,0.0
2022-01-04,16220,11438,86962,0.00428,223.4,paid_search,7.0,223345.98,0.0004315659679408138,31906.568571428572
2022-01-05,17043,13448,87391,0.00389,133.4,organic_search,6.0,129936.86,0.0003520506953001232,21656.143333333333
2022-01-06,16845,12989,54823,0.00338,269.9,email_campaign,2.0,94068.34,0.00011872959335114278,47034.17
2022-01-07,16784,12436,86241,0.00406,186.3,direct,2.0,96570.66,0.00011916110581506196,48285.33
2022-01-08,16180,11582,59841,0.00481,172.0,paid_search,9.0,448125.11,0.0005562422744128554,49791.678888888884
2022-01-09,17607,13065,83516,0.0046,283.9,paid_search,8.0,316237.74,0.00045436474129607543,39529.7175
2022-01-10,13466,10626,73474,0.00465,237.5,organic_search,15.0,585776.95,0.001113916530521313,39051.79666666666
2022-01-11,17468,14056,82324,0.00524,241.3,paid_search,15.0,487625.41000000003,0.0008587130753377604,32508.360666666667
2022-01-12,16161,11943,67735,0.00572,168.5,organic_search,16.0,558147.13,0.0009900377451890353,34884.195625
2022-01-13,17441,13941,74021,0.00551,316.7,organic_search,14.0,423481.16,0.0008027062668424976,30248.654285714285
2022-01-14,18087,13318,91918,0.00524,151.3,organic_search,6.0,159279.57,0.0003317299718029524,26546.595
2022-01-15,15371,11711,51050,0.00502,276.7,social_media,4.0,255319.62,0.0002602303038188797,63829.905
2022-01-16,16172,12808,57584,0.00447,273.3,organic_search,12.0,427249.49,0.0007420232500618352,35604.12416666667
2022-01-17,17394,12263,82644,0.00376,216.6,email_campaign,3.0,76775.73,0.00017247326664367022,25591.91
2022-01-18,16276,13141,70085,0.00371,164.3,direct,3.0,27384.190000000002,0.00018432047186040798,9128.063333333334
2022-01-19,13271,9704,63114,0.00502,208.3,organic_search,13.0,381839.14,0.0009795795343229597,29372.241538461538
2022-01-20,16831,12226,89260,0.00519,285.9,paid_search,12.0,322909.22,0.0007129701146693601,26909.101666666666
2022-01-21,15120,11837,54701,0.00446,208.6,social_media,11.0,305463.72,0.0007275132275132275,27769.42909090909
2022-01-22,18072,12999,89823,0.00522,101.4,referral,2.0,20707.980000000003,0.00011066843736166445,10353.990000000002
2022-01-23,14482,10941,54012,0.00407,106.2,social_media,11.0,461567.2,0.0007595635961883718,41960.65454545455
2022-01-24,16327,12551,58647,0.00522,237.6,referral,3.0,136923.68,0.0001837447173393765,45641.22666666666
2022-01-25,14769,11760,79210,0.00332,309.8,organic_search,25.0,967117.97,0.001692734782314307,38684.7188
2022-01-26,16497,12386,87194,0.00345,177.8,social_media,10.0,369870.72000000003,0.0006061708189367764,36987.072
2022-01-27,20276,14709,110718,0.00533,157.3,organic_search,16.0,791607.2,0.000789110278161373,49475.45
2022-01-28,16752,13732,80272,0.00479,311.0,organic_search,19.0,674088.84,0.0011341929321872016,35478.36
2022-01-29,14842,11909,69729,0.00522,251.0,direct,9.0,257854.6,0.0006063872793424066,28650.51111111111
2022-01-30,14890,11490,58640,0.00349,116.9,organic_search,36.0,1188552.48,0.00241773002014775,33015.346666666665
2022-01-31,14632,10842,65353,0.00556,155.0,email_campaign,14.0,479924.49,0.0009568069983597594,34280.32071428571
2022-02-01,21868,17710,117258,0.00398,186.9,paid_search,22.0,853592.5499999999,0.001006036217303823,38799.66136363636
2022-02-02,27306,21266,126792,0.0035,162.0,organic_search,23.0,882906.5700000001,0.0008423057203545009,38387.242173913044
2022-02-03,26597,21388,107155,0.00478,315.2,referral,2.0,37365.14,7.519645072752566e-05,18682.57
2022-02-04,23796,18040,83295,0.00358,198.1,email_campaign,5.0,244118.33,0.00021011934778954446,48823.666
2022-02-05,23738,17660,98963,0.00496,251.6,social_media,10.0,303007.41,0.0004212654815064454,30300.740999999998
2022-02-06,23675,18804,80717,0.00409,193.8,direct,4.0,151261.91,0.0001689545934530095,37815.4775
2022-02-07,21436,16245,79683,0.00347,174.9,social_media,12.0,299998.15,0.0005598059339428998,24999.845833333336
2022-02-08,26112,20992,122104,0.00463,251.2,organic_search,27.0,959205.54,0.0010340073529411765,35526.13111111111
2022-02-09,26252,21176,93470,0.00486,144.7,organic_search,16.0,666703.72,0.0006094773731525217,41668.9825
2022-02-10,23043,16686,100004,0.00454,216.1,organic_search,18.0,631525.14,0.0007811482879833355,35084.73
2022-02-11,20118,16255,87360,0.00457,284.0,paid_search,10.0,227539.19,0.0004970673029128144,22753.919
2022-02-12,24012,19085,104955,0.00475,128.7,referral,4.0,130726.61,0.0001665833749791771,32681.6525
2022-02-13,23278,16982,88382,0.00427,153.9,organic_search,23.0,754852.57,0.0009880573932468425,32819.67695652174
2022-02-14,23850,17502,94646,0.00347,184.0,email_campaign,5.0,331890.19,0.00020964360587002095,66378.038
2022-02-15,25068,19127,136790,0.00429,100.5,social_media,17.0,437203.42,0.0006781554172650391,25717.848235294117
2022-02-16,21370,15872,88752,0.00386,116.3,paid_search,19.0,1001001.29,0.0008890968647636874,52684.27842105264
2022-02-17,25737,20825,136570,0.00526,283.0,paid_search,15.0,453025.27,0.0005828185103158877,30201.684666666668
2022-02-18,21990,15713,88203,0.00475,241.4,paid_search,11.0,275378.48,0.0005002273760800364,25034.407272727272
2022-02-19,21404,15530,87024,0.00442,312.5,referral,11.0,463194.11,0.0005139226312838722,42108.55545454545
2022-02-20,21183,16425,109932,0.00374,173.2,organic_search,25.0,1278448.8900000001,0.0011801916631260917,51137.95560000001
2022-02-21,23903,19258,77844,0.00548,191.8,email_campaign,5.0,245226.47999999998,0.00020917876417186128,49045.295999999995
2022-02-22,21137,16301,109650,0.00362,185.5,paid_search,18.0,642444.11,0.0008515872640393622,35691.33944444444
2022-02-23,23622,18720,116720,0.00408,136.6,organic_search,21.0,867565.84,0.000889001778003556,41312.65904761905
2022-02-24,27069,19148,131958,0.00379,157.7,direct,7.0,272440.45,0.0002585983966899405,38920.06428571429
2022-02-25,22660,18520,110666,0.00501,170.3,social_media,13.0,430991.02,0.0005736981465136805,33153.155384615384
2022-02-26,25347,17823,84668,0.00374,268.1,organic_search,44.0,1858801.03,0.0017359056298575767,42245.47795454546
2022-02-27,24281,18217,108870,0.00333,120.5,organic_search,39.0,1299792.57,0.0016061941435690458,33328.014615384614
2022-02-28,23768,17903,101385,0.00526,115.5,social_media,36.0,1619162.6,0.0015146415348367553,44976.73888888889
2022-03-01,35076,24922,188403,0.00451,128.5,paid_search,32.0,1346207.23,0.0009123047097730642,42068.9759375
2022-03-02,32797,24764,106597,0.00354,234.1,paid_search,29.0,1041187.29,0.0008842272159038936,35903.01
2022-03-03,33496,24968,128870,0.00562,281.3,direct,2.0,44657.19,5.970862192500597e-05,22328.595
2022-03-04,29143,20720,149452,0.00442,279.9,email_campaign,3.0,39207.1,0.00010294067185945167,13069.033333333333
2022-03-05,33090,26348,124117,0.00354,266.0,paid_search,11.0,602541.64,0.0003324267150196434,54776.512727272726
2022-03-06,28131,21694,91898,0.00423,170.2,paid_search,15.0,561922.89,0.0005332195798229711,37461.526
2022-03-07,36095,27441,191016,0.00418,127.7,organic_search,22.0,747911.78,0.000609502701205153,33995.99
2022-03-08,29608,21244,113879,0.00523,156.0,paid_search,24.0,1067958.04,0.0008105917319643339,44498.25166666667
2022-03-09,33132,25858,168575,0.00497,218.3,organic_search,32.0,1231442.77,0.0009658336351563443,38482.5865625
2022-03-10,36196,25978,157016,0.00511,209.5,email_campaign,11.0,510288.91000000003,0.0003039009835340922,46389.90090909091
2022-03-11,37101,26313,171691,0.00476,271.0,direct,12.0,322488.25,0.00032344141667340503,26874.020833333332
2022-03-12,30790,23651,115648,0.005,292.4,organic_search,35.0,1396080.96,0.0011367327054238388,39888.027428571426
2022-03-13,33105,26902,113884,0.00332,255.0,organic_search,27.0,1080238.18,0.0008155867693701858,40008.82148148148
2022-03-14,31168,23392,118855,0.00493,250.1,social_media,25.0,935553.15,0.0008021047227926078,37422.126000000004
2022-03-15,36158,26392,167365,0.00361,212.8,referral,10.0,209705.63999999998,0.0002765639692460866,20970.564
2022-03-16,32576,26436,158677,0.00342,171.0,organic_search,44.0,1253626.9,0.0013506876227897839,28491.52045454545
2022-03-17,31161,23115,118865,0.0042,231.6,email_campaign,13.0,497318.83,0.00041718815185648727,38255.29461538461
2022-03-18,35552,28747,144713,0.00443,267.8,paid_search,26.0,700749.98,0.0007313231323132313,26951.922307692308
2022-03-19,35007,25996,181623,0.0051,233.8,organic_search,28.0,961029.04,0.0007998400319936012,34322.46571428572
2022-03-20,32404,24992,122416,0.00328,295.6,organic_search,34.0,1222262.7,0.0010492531786199235,35948.90294117647
2022-03-21,30451,22765,130518,0.00519,294.6,social_media,32.0,950188.35,0.001050868608584283,29693.3859375
2022-03-22,31664,25114,105997,0.00364,223.0,paid_search,33.0,877702.61,0.0010421930267812025,26597.048787878786
2022-03-23,35235,27474,187204,0.00541,174.4,paid_search,45.0,976023.67,0.001277139208173691,21689.41488888889
2022-03-24,31578,22825,157354,0.0056,209.3,email_campaign,22.0,464340.9,0.0006966875672936855,21106.404545454545
2022-03-25,35014,25672,113707,0.00379,292.1,social_media,20.0,667014.09,0.0005712000913920146,33350.7045
2022-03-26,33598,25782,156944,0.0055,227.4,organic_search,41.0,1130259.95,0.0012203107327817132,27567.315853658536
2022-03-27,38704,29449,130774,0.00483,281.4,organic_search,58.0,1634288.33,0.0014985531211244316,28177.385000000002
2022-03-28,31723,23937,133339,0.00522,306.0,social_media,37.0,956653.9,0.0011663461841566055,25855.51081081081
2022-03-29,36844,29563,162546,0.00537,245.3,organic_search,45.0,1371743.53,0.0012213657583324286,30483.189555555557
2022-03-30,32053,23649,163462,0.00571,280.8,paid_search,89.0,2077773.23,0.0027766511714972077,23345.76662921348
2022-03-31,39105,28896,147447,0.00409,111.7,paid_search,65.0,1605213.7,0.0016621915356092572,24695.595384615382
2022-04-01,42144,30733,195904,0.00469,228.2,organic_search,85.0,2032643.56,0.0020168944570994685,23913.453647058825
2022-04-02,40564,31682,137174,0.00517,146.1,referral,36.0,969751.64,0.0008874864411793709,26937.545555555556
2022-04-03,47464,37125,212580,0.00481,309.7,social_media,47.0,1143398.6300000001,0.0009902241698971851,24327.63042553192
2022-04-04,50915,38038,215316,0.00543,120.6,social_media,10.0,300060.92,0.0001964057743297653,30006.091999999997
2022-04-05,40856,32721,183495,0.00541,149.0,social_media,17.0,526104.31,0.00041609555512042294,30947.31235294118
2022-04-06,47925,38848,189601,0.0056,208.2,paid_search,19.0,398086.23,0.000396452790818988,20951.90684210526
2022-04-07,43669,32002,212764,0.00569,211.9,organic_search,19.0,517656.81,0.0004350912546657812,27245.095263157895
2022-04-08,46962,33939,177371,0.0055,103.2,paid_search,23.0,498886.75,0.0004897576764192325,21690.728260869564
2022-04-09,42440,33001,200920,0.00458,108.6,referral,8.0,180336.9,0.00018850141376060322,22542.1125
2022-04-10,49768,36522,216764,0.00444,277.8,paid_search,18.0,460863.14999999997,0.0003616781867866902,25603.50833333333
2022-04-11,45070,32885,144701,0.00563,192.4,referral,15.0,594603.11,0.0003328156201464389,39640.20733333333
2022-04-12,43246,31856,165710,0.00411,120.2,organic_search,42.0,721552.37,0.0009711880867594691,17179.818333333333
2022-04-13,43972,31916,224660,0.00533,249.2,social_media,49.0,1605644.85,0.0011143454925861911,32768.26224489796
2022-04-14,46250,32446,165332,0.0034,100.2,organic_search,43.0,1450329.46,0.0009297297297297298,33728.59209302325
2022-04-15,44514,34678,218562,0.00457,203.9,organic_search,46.0,1732425.44,0.0010333827559868805,37661.42260869565
2022-04-16,39654,29009,205953,0.00525,186.2,social_media,36.0,983079.87,0.0009078529278256923,27307.774166666666
2022-04-17,43425,33955,164100,0.00353,298.5,email_campaign,14.0,350401.65,0.0003223949337938975,25028.68928571429
2022-04-18,44198,31257,158705,0.00524,219.7,social_media,21.0,552048.19,0.0004751346214760849,26288.009047619045
2022-04-19,46622,34253,244067,0.00531,127.5,referral,18.0,644273.11,0.0003860838230878126,35792.95055555555
2022-04-20,46525,34875,177949,0.0032,285.8,social_media,37.0,1152839.89,0.0007952713594841484,31157.83486486486
2022-04-21,48204,38947,176259,0.00572,172.5,social_media,24.0,607256.51,0.0004978839930296241,25302.354583333334
2022-04-22,39015,28877,210946,0.00374,161.8,organic_search,36.0,1264258.39,0.000922722029988466,35118.28861111111
2022-04-23,47534,35380,251668,0.00467,172.5,paid_search,28.0,868886.35,0.0005890520469558632,31031.655357142856
2022-04-24,50247,38699,164392,0.00485,125.8,paid_search,28.0,1089642.97,0.0005572471988377416,38915.82035714285
2022-04-25,45074,36767,194189,0.00561,214.1,paid_search,42.0,1310779.1,0.0009318010382925856,31209.026190476194
2022-04-26,42549,33144,160644,0.0048,141.2,referral,14.0,384854.1,0.0003290324096923547,27489.57857142857
2022-04-27,43119,33031,167038,0.00527,147.1,organic_search,52.0,1677612.29,0.001205964887868457,32261.77480769231
2022-04-28,46696,37526,164806,0.00574,293.6,social_media,36.0,920882.9299999999,0.0007709439780709268,25580.081388888888
2022-04-29,38774,30376,149304,0.00405,143.7,email_campaign,26.0,848996.55,0.0006705524320420901,32653.713461538464
2022-04-30,48271,34401,205748,0.00483,234.2,paid_search,40.0,1687247.04,0.0008286548859563714,42181.176
2022-05-01,46440,35572,150451,0.00547,266.2,organic_search,47.0,1982448.44,0.001012058570198105,42179.75404255319
2022-05-02,43201,31271,152718,0.00529,110.5,paid_search,29.0,1026056.86,0.0006712807573898752,35381.27103448276
2022-05-03,43413,33025,178141,0.00351,125.9,organic_search,35.0,1548550.99,0.0008062101213922097,44244.314
2022-05-04,45850,37014,214094,0.00493,262.5,social_media,12.0,413660.22000000003,0.0002617230098146129,34471.685000000005
2022-05-05,47226,34964,191784,0.00537,153.3,direct,8.0,270557.07,0.00016939821284885445,33819.63375
2022-05-06,37977,30976,136672,0.00484,230.4,social_media,24.0,684748.76,0.0006319614503515285,28531.198333333334
2022-05-07,42010,29449,180265,0.00569,254.6,direct,10.0,389538.88,0.00023803856224708403,38953.888
2022-05-08,38928,30245,193556,0.00346,241.7,paid_search,28.0,720397.06,0.0007192766132346897,25728.46642857143
2022-05-09,42454,31780,213593,0.00337,201.8,organic_search,24.0,639239.98,0.0005653177556885099,26634.999166666665
2022-05-10,39754,28238,178091,0.00529,116.9,organic_search,30.0,1024794.51,0.0007546410424108266,34159.817
2022-05-11,38601,27372,150402,0.00327,136.3,organic_search,36.0,1224450.84,0.0009326183259501049,34012.52333333334
2022-05-12,39174,29779,127140,0.00348,258.9,organic_search,32.0,941646.41,0.0008168683310358912,29426.4503125
2022-05-13,42638,34379,150563,0.00329,245.1,organic_search,40.0,1396340.3800000001,0.000938130306299545,34908.5095
2022-05-14,45546,36408,241402,0.0044,197.9,paid_search,23.0,845468.62,0.0005049839722478373,36759.505217391306
2022-05-15,48367,38529,169548,0.00512,178.6,direct,15.0,516008.91,0.00031012880683110384,34400.594
2022-05-16,37310,29184,119833,0.00509,215.0,social_media,29.0,1077784.85,0.000777271508978826,37164.99482758621
2022-05-17,39183,30677,141878,0.00335,165.3,paid_search,29.0,812576.0599999999,0.0007401168874256693,28019.864137931032
2022-05-18,39338,28360,188861,0.00423,150.2,organic_search,40.0,1585954.12,0.001016828511871473,39648.853
2022-05-19,50386,38175,275560,0.00407,288.5,organic_search,44.0,1588089.1300000001,0.0008732584448060969,36092.934772727276
2022-05-20,36419,28338,146098,0.00533,313.4,organic_search,21.0,581676.21,0.0005766220928636152,27698.86714285714
2022-05-21,49387,40268,207689,0.00341,115.5,social_media,27.0,814421.9,0.0005467025735517444,30163.774074074074
2022-05-22,42073,31253,199334,0.00407,274.4,organic_search,40.0,1329286.05,0.0009507284957098376,33232.15125
2022-05-23,36172,29099,175445,0.00336,102.5,paid_search,30.0,849355.95,0.0008293707840318479,28311.864999999998
2022-05-24,41157,31416,155103,0.00336,294.0,organic_search,36.0,1280764.82,0.0008746993221080254,35576.80055555556
2022-05-25,45321,35057,214638,0.00468,109.1,referral,13.0,452414.93,0.0002868427439818186,34801.14846153846
2022-05-26,44370,32896,225409,0.00417,211.5,organic_search,49.0,1551556.43,0.001104349785891368,31664.41693877551
2022-05-27,37986,27205,169620,0.00529,172.7,organic_search,31.0,950788.14,0.0008160901384720687,30670.585161290324
2022-05-28,41345,30685,214142,0.00537,241.5,organic_search,29.0,655333.36,0.0007014149232071593,22597.70206896552
2022-05-29,42319,33504,190894,0.00356,125.9,social_media,25.0,998747.86,0.0005907511992249344,39949.9144
2022-05-30,43665,35277,164071,0.00442,129.4,organic_search,82.0,3022063.84,0.0018779342723004694,36854.43707317073
2022-05-31,32603,24732,116825,0.00566,315.9,paid_search,54.0,2400785.31,0.0016562892985308101,44458.987222222226
2022-06-01,38689,28947,191690,0.00474,149.7,social_media,53.0,1823114.85,0.0013698984207397452,34398.39339622642
2022-06-02,38883,28520,165887,0.0036,136.6,organic_search,61.0,2231595.42,0.0015688089910757914,36583.531475409836
2022-06-03,47464,35006,215933,0.00426,188.3,email_campaign,23.0,953445.23,0.00048457778526883534,41454.14043478261
2022-06-04,42514,30168,160294,0.00513,115.0,social_media,8.0,278943.91000000003,0.00018817330761631464,34867.988750000004
2022-06-05,47723,37307,253750,0.00398,206.4,organic_search,12.0,410629.85,0.0002514510822873667,34219.15416666667
2022-06-06,41983,34144,147719,0.00436,284.0,paid_search,26.0,825541.33,0.0006192982874020437,31751.589615384615
2022-06-07,49231,39865,223238,0.00395,262.8,paid_search,23.0,941442.51,0.00046718531006885905,40932.28304347826
2022-06-08,41338,31512,143167,0.00484,314.0,paid_search,26.0,1044141.77,0.0006289612463109004,40159.29884615385
2022-06-09,44804,32533,172103,0.00327,287.3,social_media,17.0,604884.25,0.00037943040799928577,35581.42647058824
2022-06-10,40361,29408,139315,0.00448,217.9,social_media,25.0,990625.88,0.0006194098263174847,39625.0352
2022-06-11,44509,36216,151598,0.00541,295.8,organic_search,35.0,1332821.91,0.0007863578152733156,38080.626
2022-06-12,44254,35441,227739,0.00421,223.4,social_media,19.0,677635.15,0.00042933972070321324,35665.007894736846
2022-06-13,47786,37951,241917,0.00528,160.6,paid_search,26.0,851856.2,0.0005440924120035156,32763.699999999997
2022-06-14,40529,32509,170075,0.00549,163.9,social_media,30.0,1106896.49,0.0007402107133163907,36896.549666666666
2022-06-15,43670,35143,238821,0.00561,263.8,organic_search,40.0,1543126.96,0.0009159606136936112,38578.174
2022-06-16,35734,26473,188402,0.00437,188.3,social_media,25.0,782837.5,0.0006996138131751274,31313.5
2022-06-17,40803,32200,144108,0.00348,234.2,social_media,31.0,1259456.15,0.0007597480577408524,40627.61774193548
2022-06-18,41578,30956,209905,0.00326,156.7,organic_search,45.0,1781132.4,0.0010823031410842272,39580.72
2022-06-19,40028,30573,130817,0.00385,264.8,social_media,25.0,798634.08,0.000624562806035775,31945.3632
2022-06-20,44660,35988,182087,0.00369,186.1,email_campaign,15.0,366357.63,0.0003358710255261979,24423.842
2022-06-21,42645,33601,224443,0.00486,105.7,social_media,30.0,936930.99,0.0007034822370735139,31231.033
2022-06-22,45359,34260,230261,0.00511,213.0,paid_search,33.0,1134876.56,0.0007275292665182213,34390.19878787879
2022-06-23,44936,31522,203312,0.00442,252.2,referral,10.0,386327.32999999996,0.00022253872173758234,38632.73299999999
2022-06-24,45490,33696,214448,0.00441,167.5,paid_search,30.0,1029232.46,0.0006594856012310398,34307.74866666667
2022-06-25,47230,37140,153361,0.00483,182.7,organic_search,20.0,655736.55,0.0004234596654668643,32786.8275
2022-06-26,50947,37063,203644,0.00419,104.7,organic_search,39.0,1044451.36,0.0007655014034192396,26780.804102564103
2022-06-27,44325,33965,198590,0.00562,275.2,paid_search,31.0,773749.05,0.0006993795826283136,24959.64677419355
2022-06-28,48458,35647,176247,0.00331,301.6,organic_search,57.0,1357646.6500000001,0.0011762763630360311,23818.362280701756
2022-06-29,44124,31005,144998,0.00398,129.7,direct,14.0,449020.4,0.0003172876439126099,32072.885714285716
2022-06-30,43026,32328,194772,0.00422,301.0,paid_search,52.0,1294547.07,0.0012085715613814902,24895.135961538464
2022-07-01,32388,25146,126327,0.00464,214.1,referral,21.0,428051.4,0.0006483882919599852,20383.4
2022-07-02,35455,25208,152256,0.00474,289.6,organic_search,47.0,898696.86,0.001325624030461148,19121.209787234042
2022-07-03,32450,24137,143250,0.00454,186.6,social_media,16.0,380321.15,0.0004930662557781202,23770.071875
2022-07-04,31174,24165,110469,0.00381,218.3,organic_search,10.0,374618.76,0.00032078013729389875,37461.876000000004
2022-07-05,32386,26366,104994,0.00516,111.2,organic_search,10.0,235513.09,0.00030877539677638487,23551.309
2022-07-06,35979,25482,194096,0.00574,261.1,email_campaign,4.0,95521.06,0.00011117596375663582,23880.265
2022-07-07,35410,25983,147788,0.00404,260.6,email_campaign,8.0,98495.63,0.00022592487997740753,12311.95375
2022-07-08,33780,24238,125119,0.00412,116.6,organic_search,13.0,326979.91000000003,0.0003848431024274719,25152.300769230773
2022-07-09,32667,26631,169226,0.00324,124.3,organic_search,17.0,303792.76,0.000520402853032112,17870.162352941177
2022-07-10,38687,30792,126697,0.00444,270.2,email_campaign,7.0,132083.63999999998,0.00018093933362628274,18869.091428571428
2022-07-11,34744,26462,188041,0.00527,312.0,paid_search,24.0,637781.5599999999,0.000690766751093714,26574.231666666663
2022-07-12,34500,26472,173654,0.00355,172.8,referral,7.0,141379.69,0.00020289855072463768,20197.09857142857
2022-07-13,40352,30225,200261,0.00505,242.4,organic_search,44.0,815916.81,0.0010904044409199049,18543.563863636366
2022-07-14,33730,26590,136867,0.00535,200.5,paid_search,19.0,324314.86,0.000563296768455381,17069.203157894735
2022-07-15,31770,23096,154529,0.00444,110.6,organic_search,36.0,928819.75,0.0011331444759206798,25800.54861111111
2022-07-16,36700,29083,182157,0.00578,298.3,organic_search,36.0,712128.74,0.0009809264305177111,19781.353888888887
2022-07-17,31361,23759,152630,0.0038,294.1,direct,10.0,264580.36,0.0003188673830553873,26458.036
2022-07-18,34657,26158,165506,0.00561,120.4,paid_search,19.0,651938.93,0.0005482297948466399,34312.575263157894
2022-07-19,31117,22846,151522,0.00474,315.2,paid_search,24.0,636384.14,0.0007712825786547546,26516.005833333333
2022-07-20,35172,27662,169318,0.00479,229.1,referral,7.0,128476.98,0.00019902194927783463,18353.854285714286
2022-07-21,35179,27431,163459,0.00491,230.6,organic_search,23.0,722816.6900000001,0.0006537991415333011,31426.812608695654
2022-07-22,34709,28244,129053,0.00569,114.5,email_campaign,8.0,456308.48,0.00023048776974271803,57038.56
2022-07-23,37128,28407,172419,0.0049,290.9,referral,11.0,393539.4,0.0002962723550958845,35776.30909090909
2022-07-24,32101,24091,144729,0.00376,135.2,paid_search,26.0,973820.93,0.0008099436154636927,37454.65115384616
2022-07-25,32502,23998,126179,0.00519,141.1,direct,11.0,342739.27,0.0003384407113408406,31158.115454545456
2022-07-26,37013,29716,176364,0.00489,276.5,social_media,16.0,623603.23,0.00043228055007699996,38975.201875
2022-07-27,39359,29484,178642,0.00368,227.7,social_media,25.0,1142734.47,0.0006351787392972383,45709.3788
2022-07-28,35826,26977,136531,0.00428,261.6,email_campaign,20.0,401886.67,0.0005582537821693742,20094.3335
2022-07-29,29929,22065,126776,0.00514,297.4,paid_search,23.0,597244.71,0.0007684854154833105,25967.161304347825
2022-07-30,35132,25037,161051,0.0042,266.1,organic_search,23.0,991692.79,0.0006546738016623022,43117.077826086956
2022-07-31,34314,24482,147350,0.00329,252.7,email_campaign,13.0,301558.24,0.0003788541120242467,23196.78769230769
2022-08-01,39152,28060,179948,0.00458,254.0,social_media,20.0,818911.14,0.0005108295872496935,40945.557
2022-08-02,37188,27221,188219,0.00391,240.7,email_campaign,14.0,535729.46,0.0003764655265139292,38266.39
2022-08-03,40097,32382,207500,0.00576,211.3,referral,19.0,681669.3200000001,0.00047385091153951666,35877.33263157895
2022-08-04,39154,30610,170894,0.00325,127.7,email_campaign,14.0,294248.71,0.0003575624457271288,21017.765000000003
2022-08-05,39534,30810,190411,0.00492,295.6,social_media,6.0,199596.49,0.00015176809834572774,33266.081666666665
2022-08-06,39578,31017,160610,0.00375,304.9,referral,4.0,39453.61,0.00010106624892617111,9863.4025
2022-08-07,41050,31032,160670,0.00574,211.9,paid_search,15.0,591266.0599999999,0.0003654080389768575,39417.73733333333
2022-08-08,37273,30036,179334,0.00465,185.7,paid_search,18.0,609187.8,0.0004829232956832023,33843.76666666667
2022-08-09,35567,27505,130126,0.005,317.9,organic_search,25.0,1049732.71,0.0007028987544634071,41989.3084
2022-08-10,39163,30794,189381,0.00326,206.5,paid_search,20.0,636335.22,0.000510686106784465,31816.761
2022-08-11,39582,27936,160850,0.00547,212.8,organic_search,27.0,924003.59,0.0006821282401091405,34222.35518518518
2022-08-12,41209,31467,172618,0.00546,157.4,paid_search,19.0,587139.53,0.0004610643306073916,30902.080526315793
2022-08-13,40912,33168,183089,0.00343,118.9,organic_search,17.0,488442.2,0.0004155260070394994,28731.894117647058
2022-08-14,37511,28726,173595,0.00483,101.9,email_campaign,5.0,45082.19,0.0001332942336914505,9016.438
2022-08-15,36588,26589,132120,0.00451,276.3,email_campaign,14.0,372708.2,0.00038263911665026783,26622.014285714286
2022-08-16,34912,26494,184855,0.00467,241.9,social_media,16.0,634807.26,0.00045829514207149406,39675.45375
2022-08-17,33645,24397,180016,0.00534,169.1,paid_search,30.0,806800.14,0.0008916629514043691,26893.338
2022-08-18,36212,27205,141806,0.00415,197.0,organic_search,30.0,844878.92,0.0008284546559151662,28162.630666666668
2022-08-19,41063,31131,138743,0.00472,275.3,organic_search,14.0,285904.04000000004,0.0003409395319387283,20421.717142857146
2022-08-20,42765,30300,168327,0.0044,240.5,paid_search,13.0,427518.64,0.0003039869051794692,32886.04923076923
2022-08-21,39407,31207,144120,0.00347,211.8,paid_search,15.0,463387.88,0.00038064303296368664,30892.525333333335
2022-08-22,34255,27894,122349,0.00462,110.9,organic_search,29.0,1393428.33,0.0008465917384323456,48049.25275862069
2022-08-23,38088,28982,128979,0.00452,315.6,social_media,13.0,403435.08999999997,0.0003413148498214661,31033.468461538458
2022-08-24,40479,30418,146980,0.00438,224.4,paid_search,33.0,1047339.59,0.0008152375305714074,31737.56333333333
2022-08-25,41058,30306,219198,0.00418,301.9,paid_search,22.0,956787.05,0.0005358273661649375,43490.32045454546
2022-08-26,38935,29454,168649,0.00493,260.2,organic_search,26.0,986475.1900000001,0.000667779632721202,37941.35346153846
2022-08-27,36063,25453,181340,0.00491,244.5,paid_search,15.0,330714.28,0.0004159387738124948,22047.61866666667
2022-08-28,37831,28968,138534,0.00495,305.0,referral,19.0,541774.09,0.0005022336179323835,28514.425789473684
2022-08-29,34115,27071,132208,0.00396,124.2,direct,20.0,753179.05,0.0005862523816503004,37658.9525
2022-08-30,31044,22542,128484,0.00496,308.7,social_media,45.0,1641796.36,0.0014495554696559723,36484.36355555556
2022-08-31,36776,27593,183314,0.0058,119.6,referral,18.0,646406.43,0.0004894496410702633,35911.46833333334
2022-09-01,27076,19788,132027,0.00492,312.5,organic_search,48.0,1351550.8,0.0017727877086718866,28157.308333333334
2022-09-02,26168,21157,89557,0.0033,178.2,paid_search,11.0,385557.95,0.000420360745949251,35050.722727272725
2022-09-03,26717,19490,89893,0.00366,247.7,organic_search,17.0,271732.59,0.0006362989856645581,15984.270000000002
2022-09-04,26986,20282,142233,0.0053,241.9,social_media,9.0,333936.58999999997,0.0003335062625064848,37104.06555555555
2022-09-05,29790,21719,129819,0.00441,310.0,paid_search,15.0,343754.98,0.0005035246727089627,22916.998666666666
2022-09-06,25213,18681,129916,0.0044,295.8,organic_search,12.0,279144.96,0.0004759449490342284,23262.08
2022-09-07,27316,19634,94008,0.00353,266.4,paid_search,10.0,387246.8,0.0003660858105139845,38724.68
2022-09-08,25002,18438,137423,0.00388,146.1,organic_search,27.0,815196.6,0.0010799136069114472,30192.466666666667
2022-09-09,26537,21323,122541,0.00483,108.9,organic_search,16.0,454964.77,0.000602931755661906,28435.298125
2022-09-10,28133,22594,127438,0.00419,316.1,email_campaign,13.0,469894.51,0.0004620907830661501,36145.731538461536
2022-09-11,29604,23624,126975,0.00378,257.0,email_campaign,10.0,375438.41,0.00033779219024456154,37543.841
2022-09-12,27314,21746,108646,0.00328,251.4,direct,13.0,271738.95999999996,0.00047594640111298233,20902.99692307692
2022-09-13,27859,20442,118748,0.00463,170.3,direct,3.0,23991.88,0.00010768512868372878,7997.293333333334
2022-09-14,29359,22541,145598,0.00526,263.5,social_media,15.0,295409.64,0.0005109165843523281,19693.976000000002
2022-09-15,25643,19214,90014,0.00432,198.5,paid_search,23.0,666432.36,0.0008969309363179035,28975.32
2022-09-16,25367,19808,117896,0.00434,311.0,paid_search,13.0,439276.85,0.0005124768399889621,33790.52692307692
2022-09-17,26163,20085,88784,0.00435,232.0,organic_search,19.0,510097.6,0.0007262164124909223,26847.242105263158
2022-09-18,24338,17411,108739,0.00513,148.6,organic_search,21.0,429730.95,0.0008628482208891446,20463.378571428573
2022-09-19,27785,21122,124074,0.00514,187.8,paid_search,19.0,555388.01,0.0006838222062263812,29230.947894736844
2022-09-20,28085,20197,102914,0.0057,316.2,organic_search,14.0,528616.13,0.0004984867366921845,37758.295
2022-09-21,27876,21987,136252,0.00557,293.5,referral,10.0,307518.72,0.0003587315253264457,30751.871999999996
2022-09-22,28453,22978,94157,0.00354,289.3,organic_search,29.0,1102658.73,0.0010192246863248164,38022.714827586206
2022-09-23,28503,23121,91219,0.00362,125.7,email_campaign,12.0,231050.03,0.00042100831491421954,19254.169166666667
2022-09-24,25583,19006,86745,0.00439,274.9,social_media,14.0,440783.63,0.0005472384005003322,31484.545000000002
2022-09-25,26953,19520,113157,0.00541,245.6,paid_search,24.0,663085.03,0.0008904389121804623,27628.54291666667
2022-09-26,29151,21331,106783,0.00344,269.1,organic_search,44.0,1107867.12,0.0015093821824294193,25178.798181818183
2022-09-27,30503,21593,118000,0.0046,277.8,paid_search,25.0,801370.43,0.0008195915155886306,32054.8172
2022-09-28,26172,18792,128060,0.00437,179.9,referral,10.0,355027.65,0.0003820877273421978,35502.765
2022-09-29,26129,20686,125303,0.00409,254.8,paid_search,29.0,900156.27,0.0011098779134295228,31039.871379310345
2022-09-30,26964,19431,145584,0.00339,305.0,email_campaign,12.0,393032.57,0.0004450378282153983,32752.71416666667
2022-10-01,21915,16618,104680,0.00553,222.3,organic_search,14.0,450341.06,0.0006388318503308236,32167.21857142857
2022-10-02,23650,19243,102949,0.00556,220.7,social_media,11.0,327352.17,0.00046511627906976747,29759.28818181818
2022-10-03,23086,16613,97440,0.00402,286.8,referral,10.0,397999.34,0.00043316295590401107,39799.934
2022-10-04,19419,13982,97948,0.00359,118.5,paid_search,13.0,750291.5700000001,0.0006694474483753026,57714.736153846156
2022-10-05,24340,19102,77914,0.00357,238.3,organic_search,14.0,575936.0900000001,0.0005751848808545604,41138.29214285715
2022-10-06,25978,20520,131568,0.00505,254.7,social_media,6.0,345171.59,0.00023096466240665178,57528.598333333335
2022-10-07,20341,15198,108359,0.00542,277.7,direct,2.0,91011.76,9.832358291136128e-05,45505.88
2022-10-08,24311,19360,90149,0.00395,153.3,organic_search,12.0,422465.49,0.0004936037184813459,35205.4575
2022-10-09,22950,16938,91335,0.00486,167.2,organic_search,13.0,379735.17,0.0005664488017429193,29210.39769230769
2022-10-10,20656,16553,70928,0.00349,285.1,referral,4.0,37791.4,0.00019364833462432224,9447.85
2022-10-11,18965,15480,94939,0.00416,163.7,organic_search,19.0,646329.34,0.0010018455048774058,34017.33368421053
2022-10-12,15278,12043,64352,0.0052,220.3,email_campaign,6.0,169929.11000000002,0.0003927215604136667,28321.518333333337
2022-10-13,21504,15909,88710,0.00322,162.6,paid_search,18.0,603544.36,0.0008370535714285714,33530.24222222222
2022-10-14,18534,14990,78741,0.00447,210.2,paid_search,9.0,323622.06,0.00048559404337973454,35958.00666666667
2022-10-15,19596,14437,88641,0.00383,230.7,social_media,12.0,350603.07,0.000612369871402327,29216.9225
2022-10-16,21272,15771,87737,0.00506,173.9,email_campaign,7.0,137313.54,0.0003290710793531403,19616.22
2022-10-17,23281,18812,75013,0.00497,202.4,social_media,9.0,334149.9,0.0003865813324169924,37127.76666666667
2022-10-18,20030,14036,71188,0.00395,162.3,organic_search,22.0,1166846.89,0.0010983524712930605,53038.494999999995
2022-10-19,19931,14569,85875,0.00336,218.8,organic_search,12.0,652180.09,0.000602077166223471,54348.34083333333
2022-10-20,25130,18775,97221,0.00579,195.9,social_media,13.0,522061.77,0.0005173099880620772,40158.597692307696
2022-10-21,19560,14642,92451,0.00386,183.8,email_campaign,6.0,306532.14,0.00030674846625766873,51088.69
2022-10-22,22443,16339,94221,0.00398,114.1,paid_search,17.0,726762.13,0.0007574744909325848,42750.71352941176
2022-10-23,19004,15022,85593,0.00393,108.7,social_media,9.0,259985.03,0.00047358450852452114,28887.225555555557
2022-10-24,19897,14648,98981,0.00411,230.2,email_campaign,12.0,266558.14,0.0006031059958787757,22213.178333333333
2022-10-25,18586,13399,94207,0.00329,192.6,organic_search,20.0,756172.23,0.0010760787689658882,37808.6115
2022-10-26,20955,16059,84932,0.00471,244.5,organic_search,14.0,430148.41000000003,0.0006680983058935815,30724.88642857143
2022-10-27,21533,16570,81302,0.00348,207.3,social_media,14.0,362858.60000000003,0.000650164863233177,25918.471428571433
2022-10-28,21235,16676,80918,0.00523,241.9,social_media,23.0,775456.37,0.0010831174947021427,33715.49434782609
2022-10-29,20080,14795,89735,0.00457,258.0,email_campaign,14.0,441248.19,0.0006972111553784861,31517.727857142858
2022-10-30,22842,16570,93151,0.00429,250.0,organic_search,27.0,912189.99,0.001182033096926714,33784.81444444444
2022-10-31,21079,14809,78371,0.00549,262.3,organic_search,35.0,1378509.4,0.0016604203235447601,39385.98285714285
2022-11-01,18752,13778,88117,0.00356,309.0,paid_search,16.0,490218.67000000004,0.0008532423208191126,30638.666875000003
2022-11-02,19089,14911,81187,0.00527,142.7,organic_search,9.0,336570.46,0.0004714757190004715,37396.71777777778
2022-11-03,17164,13896,75376,0.00524,303.7,paid_search,2.0,196925.12,0.00011652295502213937,98462.56
2022-11-04,16168,11784,54349,0.00347,319.3,social_media,8.0,269129.66,0.0004948045522018803,33641.2075
2022-11-05,18481,13228,68053,0.00403,288.8,paid_search,8.0,378063.29,0.00043287700881986907,47257.91125
2022-11-06,19560,15002,65417,0.00387,158.7,email_campaign,6.0,206217.7,0.00030674846625766873,34369.61666666667
2022-11-07,17218,12471,68229,0.00468,105.4,email_campaign,7.0,130489.04999999999,0.00040655128354048087,18641.292857142857
2022-11-08,17282,12705,94751,0.004,280.0,email_campaign,6.0,440356.83,0.0003471820391158431,73392.80500000001
2022-11-09,14299,11080,78119,0.00423,314.2,email_campaign,5.0,337083.04,0.0003496748024337366,67416.608
2022-11-10,17937,13772,92814,0.00496,277.7,organic_search,16.0,642881.53,0.0008920109271338574,40180.095625
2022-11-11,18150,12791,78320,0.00516,205.0,organic_search,21.0,713122.74,0.0011570247933884298,33958.22571428571
2022-11-12,19558,13749,79761,0.00558,219.3,paid_search,11.0,351672.17,0.0005624296962879641,31970.19727272727
2022-11-13,15839,12192,63694,0.0044,200.2,organic_search,24.0,731819.0599999999,0.0015152471746953723,30492.46083333333
2022-11-14,16503,12338,77142,0.00529,155.3,direct,4.0,127418.04999999999,0.00024238017330182392,31854.512499999997
2022-11-15,15437,11589,71074,0.00403,269.5,organic_search,10.0,392274.26,0.0006477942605428515,39227.426
2022-11-16,18093,13188,73967,0.00489,155.7,paid_search,12.0,462197.88,0.000663239927043608,38516.49
2022-11-17,17628,12749,72696,0.00463,224.8,paid_search,14.0,491863.95,0.0007941910596777854,35133.139285714286
2022-11-18,17800,12834,85184,0.00359,222.9,organic_search,18.0,612218.97,0.0010112359550561798,34012.165
2022-11-19,16660,12315,74131,0.00477,238.9,email_campaign,9.0,283605.7,0.0005402160864345738,31511.744444444445
2022-11-20,17503,13242,91960,0.00349,224.4,email_campaign,5.0,66274.99,0.00028566531451751126,13254.998000000001
2022-11-21,16579,13584,84017,0.00353,312.1,social_media,10.0,147403.36000000002,0.0006031726883406719,14740.336000000001
2022-11-22,19652,15391,73281,0.00411,120.5,organic_search,13.0,304454.36,0.0006615102788520253,23419.566153846154
2022-11-23,20790,14720,108751,0.00368,312.0,direct,4.0,101102.44999999998,0.0001924001924001924,25275.612499999996
2022-11-24,22800,17553,111590,0.00515,186.0,email_campaign,9.0,162925.82,0.00039473684210526315,18102.86888888889
2022-11-25,16538,11598,86095,0.00518,269.1,paid_search,12.0,220152.58000000002,0.0007256016446970613,18346.048333333336
2022-11-26,17711,13728,57061,0.00571,289.0,organic_search,22.0,405013.19,0.0012421658856078144,18409.690454545456
2022-11-27,17259,13973,64284,0.00526,187.4,email_campaign,19.0,337534.96,0.0011008749058462252,17764.997894736844
2022-11-28,17198,12171,84397,0.0037,245.7,direct,11.0,384811.17,0.0006396092568903361,34982.83363636363
2022-11-29,18099,12899,87262,0.00426,181.8,direct,8.0,116332.04999999999,0.00044201337090446984,14541.506249999999
2022-11-30,20889,16323,107604,0.0051,242.5,social_media,12.0,199875.76,0.0005744650294413328,16656.313333333335
2022-12-01,18489,14922,94041,0.00578,291.5,organic_search,13.0,390197.92,0.0007031207745145763,30015.224615384614
2022-12-02,22309,18062,85041,0.00446,205.7,social_media,7.0,120760.29,0.00031377470975839345,17251.469999999998
2022-12-03,21813,17728,70937,0.00389,124.3,email_campaign,2.0,68552.20999999999,9.168844267180121e-05,34276.104999999996
2022-12-04,19992,14714,100587,0.00505,167.7,social_media,7.0,162948.57,0.00035014005602240897,23278.367142857143
2022-12-05,24621,19070,91083,0.00439,120.2,social_media,11.0,429340.26,0.0004467730798911498,39030.93272727273
2022-12-06,21837,16466,92381,0.00354,186.9,direct,4.0,45807.549999999996,0.00018317534459861702,11451.887499999999
2022-12-07,21436,17340,76687,0.00334,210.3,organic_search,17.0,298678.73,0.000793058406419108,17569.337058823527
2022-12-08,22392,16875,111333,0.00476,210.5,organic_search,17.0,339954.32,0.000759199714183637,19997.31294117647
2022-12-09,18315,14698,88470,0.00323,101.4,organic_search,17.0,310798.92,0.0009282009282009282,18282.289411764705
2022-12-10,21589,15750,85171,0.0032,236.8,paid_search,16.0,415699.83999999997,0.0007411181620269582,25981.239999999998
2022-12-11,20104,15975,89226,0.00547,134.0,organic_search,27.0,466862.63999999996,0.001343016315161162,17291.208888888887
2022-12-12,20895,17111,98147,0.00423,147.2,paid_search,26.0,440146.72,0.0012443168222062695,16928.719999999998
2022-12-13,18678,14451,81348,0.00427,110.3,paid_search,26.0,424995.36,0.0013920119927187066,16345.975384615384
2022-12-14,19332,13535,89346,0.00333,260.6,paid_search,17.0,418564.46,0.0008793709911028347,24621.438823529414
2022-12-15,20742,14911,103929,0.00346,154.9,organic_search,13.0,185715.2,0.0006267476617491081,14285.784615384617
2022-12-16,21729,17169,114060,0.00466,235.3,social_media,24.0,459176.37,0.001104514703851995,19132.34875
2022-12-17,21209,17110,116457,0.00403,292.3,email_campaign,7.0,103766.76,0.00033004856428874534,14823.822857142857
2022-12-18,22512,17217,76624,0.00521,233.8,email_campaign,12.0,236716.87,0.0005330490405117271,19726.405833333334
2022-12-19,20265,14862,107960,0.00569,233.7,social_media,30.0,382784.79,0.0014803849000740192,12759.492999999999
2022-12-20,23389,18774,102140,0.00342,233.1,email_campaign,22.0,225638.5,0.0009406131087263244,10256.295454545454
2022-12-21,19702,15507,100991,0.0047,230.8,direct,3.0,89585.13,0.00015226880519744187,29861.710000000003
2022-12-22,20194,16347,67520,0.00328,137.2,organic_search,19.0,392832.69,0.0009408735267901357,20675.404736842105
2022-12-23,18193,12836,88669,0.00354,265.7,social_media,18.0,371154.56,0.0009893915242126091,20619.69777777778
2022-12-24,19257,14348,98123,0.00396,125.3,organic_search,25.0,409475.12,0.0012982292153502623,16379.0048
2022-12-25,19815,14725,108175,0.00452,266.9,direct,7.0,65639.73,0.0003532677264698461,9377.104285714286
2022-12-26,21676,17160,79557,0.00471,174.5,paid_search,20.0,280589.17,0.0009226794611551947,14029.458499999999
2022-12-27,17416,13150,62527,0.00506,252.4,organic_search,31.0,441075.17,0.0017799724391364263,14228.23129032258
2022-12-28,21071,15979,67456,0.0056,177.3,organic_search,49.0,838908.54,0.0023254710265293533,17120.582448979592
2022-12-29,20884,14640,82155,0.00522,165.6,direct,7.0,163988.16,0.0003351848304922429,23426.88
2022-12-30,17679,13713,79308,0.0035,183.8,email_campaign,14.0,260291.27000000002,0.0007918999943435714,18592.233571428573
2022-12-31,21743,15512,94844,0.00394,151.7,organic_search,16.0,372768.62,0.0007358690153152739,23298.03875
